regime,kind,true_d,noise,seed,n,dhat_twonn,dhat_lb10,dhat_lb20,dhat_eigengap,inst_id,bat_idx
tier2,dumbbell,3,0.0,0,1400,4.074591142831951,2.929709646863761,2.8716974516218667,3.0,tier2-dumbbell-d3-nz0.0-s0-g0,
tier2,dumbbell,3,0.05,0,1400,4.085663913658137,2.9331778543378744,2.8651150217561625,3.0,tier2-dumbbell-d3-nz0.05-s0-g1,
tier2,dumbbell,3,0.15,0,1400,4.094942978528389,2.93861854708779,2.8655164900592385,3.0,tier2-dumbbell-d3-nz0.15-s0-g2,
tier2,dumbbell,3,0.0,1,1400,4.095335120258012,2.88742068167772,2.9016710401008035,3.0,tier2-dumbbell-d3-nz0.0-s1-g3,
tier2,dumbbell,3,0.05,1,1400,4.092206470123778,2.8848864856290763,2.9003474525409443,3.0,tier2-dumbbell-d3-nz0.05-s1-g4,
tier2,dumbbell,3,0.15,1,1400,4.070132284526296,2.876372187260593,2.8803780303381097,3.0,tier2-dumbbell-d3-nz0.15-s1-g5,
tier2,dumbbell,4,0.0,0,1400,5.036524133310245,3.8546459144464995,3.7295379221915588,4.0,tier2-dumbbell-d4-nz0.0-s0-g6,
tier2,dumbbell,4,0.05,0,1400,5.020516949185666,3.8464338828287774,3.739179818229734,4.0,tier2-dumbbell-d4-nz0.05-s0-g7,
tier2,dumbbell,4,0.15,0,1400,5.097873794626195,3.816428154375996,3.762402861618235,4.0,tier2-dumbbell-d4-nz0.15-s0-g8,
tier2,dumbbell,4,0.0,1,1400,5.207320231529605,3.767965554838694,3.769283588366699,4.0,tier2-dumbbell-d4-nz0.0-s1-g9,
tier2,dumbbell,4,0.05,1,1400,5.22803594334959,3.8089561485186296,3.7639663307771936,4.0,tier2-dumbbell-d4-nz0.05-s1-g10,
tier2,dumbbell,4,0.15,1,1400,5.265262361414604,3.8129784346857702,3.7565078086497086,4.0,tier2-dumbbell-d4-nz0.15-s1-g11,
tier2,dumbbell,5,0.0,0,1400,6.524605020159295,4.622516119693549,4.528831657829456,5.0,tier2-dumbbell-d5-nz0.0-s0-g12,
tier2,dumbbell,5,0.05,0,1400,6.491820930653822,4.634859587799908,4.5106949670372485,5.0,tier2-dumbbell-d5-nz0.05-s0-g13,
tier2,dumbbell,5,0.15,0,1400,6.467578490881206,4.577426175450765,4.475581780204195,5.0,tier2-dumbbell-d5-nz0.15-s0-g14,
tier2,dumbbell,5,0.0,1,1400,6.482509196103055,4.559343975381179,4.514045606162067,5.0,tier2-dumbbell-d5-nz0.0-s1-g15,
tier2,dumbbell,5,0.05,1,1400,6.517568832724351,4.552878164984527,4.497541683749772,5.0,tier2-dumbbell-d5-nz0.05-s1-g16,
tier2,dumbbell,5,0.15,1,1400,6.5242829597958645,4.560977130203569,4.501530787817634,5.0,tier2-dumbbell-d5-nz0.15-s1-g17,
tier2,dumbbell,6,0.0,0,1400,7.403377926277209,5.434331966142828,5.266329050428387,6.0,tier2-dumbbell-d6-nz0.0-s0-g18,
tier2,dumbbell,6,0.05,0,1400,7.42366253019063,5.452366063378869,5.263181463428837,6.0,tier2-dumbbell-d6-nz0.05-s0-g19,
tier2,dumbbell,6,0.15,0,1400,7.450171710524598,5.3875535260803025,5.2957739983752425,6.0,tier2-dumbbell-d6-nz0.15-s0-g20,
tier2,dumbbell,6,0.0,1,1400,7.842577144234759,5.36477587948629,5.296480537044028,6.0,tier2-dumbbell-d6-nz0.0-s1-g21,
tier2,dumbbell,6,0.05,1,1400,7.86842197280247,5.356058645559741,5.319728076307714,6.0,tier2-dumbbell-d6-nz0.05-s1-g22,
tier2,dumbbell,6,0.15,1,1400,7.486005465212881,5.350528002816533,5.229714197018372,6.0,tier2-dumbbell-d6-nz0.15-s1-g23,
tier2,necklace,3,0.0,0,1400,4.04172437690481,2.9561100613113274,2.8861462256962063,3.0,tier2-necklace-d3-nz0.0-s0-g24,
tier2,necklace,3,0.05,0,1400,4.076238417776674,2.944361390269719,2.898813854633359,3.0,tier2-necklace-d3-nz0.05-s0-g25,
tier2,necklace,3,0.15,0,1400,4.124224429557146,2.915588637235849,2.893210270763337,3.0,tier2-necklace-d3-nz0.15-s0-g26,
tier2,necklace,3,0.0,1,1400,4.301276548369152,2.9235203305489987,2.8890770879085435,3.0,tier2-necklace-d3-nz0.0-s1-g27,
tier2,necklace,3,0.05,1,1400,4.265345991042957,2.9131816323304447,2.8849572233090988,3.0,tier2-necklace-d3-nz0.05-s1-g28,
tier2,necklace,3,0.15,1,1400,4.1889391668408935,2.893037652338585,2.878851484023639,3.0,tier2-necklace-d3-nz0.15-s1-g29,
tier2,necklace,4,0.0,0,1400,5.283928366244037,3.827818514406494,3.733068573859445,4.0,tier2-necklace-d4-nz0.0-s0-g30,
tier2,necklace,4,0.05,0,1400,5.268114954351745,3.8020895317144094,3.7247550163604246,4.0,tier2-necklace-d4-nz0.05-s0-g31,
tier2,necklace,4,0.15,0,1400,5.343968286169084,3.774279150909577,3.7076565397734065,4.0,tier2-necklace-d4-nz0.15-s0-g32,
tier2,necklace,4,0.0,1,1400,5.408836552964686,3.8759757551309906,3.785817376771043,4.0,tier2-necklace-d4-nz0.0-s1-g33,
tier2,necklace,4,0.05,1,1400,5.397515230415443,3.867227443256586,3.766328632538551,4.0,tier2-necklace-d4-nz0.05-s1-g34,
tier2,necklace,4,0.15,1,1400,5.4044995216573755,3.8279798473875846,3.749454048960232,4.0,tier2-necklace-d4-nz0.15-s1-g35,
tier2,necklace,5,0.0,0,1400,6.320308858883197,4.626694061996033,4.494695557506789,5.0,tier2-necklace-d5-nz0.0-s0-g36,
tier2,necklace,5,0.05,0,1400,6.417085245534419,4.608069676618513,4.46391428062373,5.0,tier2-necklace-d5-nz0.05-s0-g37,
tier2,necklace,5,0.15,0,1400,6.403294220854261,4.541203047246604,4.449828538212107,5.0,tier2-necklace-d5-nz0.15-s0-g38,
tier2,necklace,5,0.0,1,1400,6.710386985698449,4.723025648945633,4.588523255117334,5.0,tier2-necklace-d5-nz0.0-s1-g39,
tier2,necklace,5,0.05,1,1400,6.730043200271128,4.696972489667226,4.596671883837135,5.0,tier2-necklace-d5-nz0.05-s1-g40,
tier2,necklace,5,0.15,1,1400,6.6050900151606005,4.666168961273579,4.5830903482270005,5.0,tier2-necklace-d5-nz0.15-s1-g41,
tier2,necklace,6,0.0,0,1400,7.4742987644256536,5.433756360321291,5.304665271381066,6.0,tier2-necklace-d6-nz0.0-s0-g42,
tier2,necklace,6,0.05,0,1400,7.562203383762835,5.443226664936501,5.303787945619384,6.0,tier2-necklace-d6-nz0.05-s0-g43,
tier2,necklace,6,0.15,0,1400,7.627447584367393,5.417918655857653,5.252994718221712,6.0,tier2-necklace-d6-nz0.15-s0-g44,
tier2,necklace,6,0.0,1,1400,7.555024164892518,5.382974117480078,5.311856410164402,6.0,tier2-necklace-d6-nz0.0-s1-g45,
tier2,necklace,6,0.05,1,1400,7.5656306533388396,5.395017095891956,5.317526066363722,6.0,tier2-necklace-d6-nz0.05-s1-g46,
tier2,necklace,6,0.15,1,1400,7.462592779996402,5.294271365162418,5.230553936220594,6.0,tier2-necklace-d6-nz0.15-s1-g47,
tier1v2,torus,2,0.0,0,1500,2.600178295187261,2.0026373748721693,2.0157809902218258,2.0,tier1v2-torus-d2-nz0.0-s0-g48,
tier1v2,sphere,2,0.0,0,1224,2.724100192549494,1.9953663489240738,2.009488402385909,5.0,tier1v2-sphere-d2-nz0.0-s0-g49,
tier1v2,hyperbolic,2,0.0,0,880,2.493247390096615,1.933406300682955,1.9321107754519202,2.0,tier1v2-hyperbolic-d2-nz0.0-s0-g50,
tier1v2,hyperbolic,2,0.0,0,895,2.698551524897109,1.9457765127833897,1.9169891163103754,2.0,tier1v2-hyperbolic-d2-nz0.0-s0-g51,
tier1v2,torus,3,0.0,0,1500,3.969761557574502,2.9875911756925064,2.954230740605706,3.0,tier1v2-torus-d3-nz0.0-s0-g52,
tier1v2,sphere,3,0.0,0,907,4.019061440134852,2.9338427607143513,2.931226514361969,3.0,tier1v2-sphere-d3-nz0.0-s0-g53,
tier1v2,hyperbolic,3,0.0,0,671,3.9745142218522997,2.766233338596003,2.7671352004401024,3.0,tier1v2-hyperbolic-d3-nz0.0-s0-g54,
tier1v2,hyperbolic,3,0.0,0,765,3.5461011385971695,2.7536040433640254,2.8064796498246602,3.0,tier1v2-hyperbolic-d3-nz0.0-s0-g55,
tier1v2,torus,4,0.0,0,1500,5.563813858859967,4.0370294601716274,4.0465388494798304,5.0,tier1v2-torus-d4-nz0.0-s0-g56,
tier1v2,sphere,4,0.0,0,691,5.308821148036496,3.8384674986650253,3.8176292068794635,4.0,tier1v2-sphere-d4-nz0.0-s0-g57,
tier1v2,hyperbolic,4,0.0,0,551,4.792348160564735,3.610170109590107,3.609470501941946,4.0,tier1v2-hyperbolic-d4-nz0.0-s0-g58,
tier1v2,hyperbolic,4,0.0,0,747,4.8973386305318325,3.7045752160982235,3.7600208973913882,4.0,tier1v2-hyperbolic-d4-nz0.0-s0-g59,
tier1v2,torus,5,0.0,0,1500,6.920766470903612,4.974108834759656,4.990646941726884,5.0,tier1v2-torus-d5-nz0.0-s0-g60,
tier1v2,sphere,5,0.0,0,525,6.705258778164401,4.643462868592585,4.599337938149705,5.0,tier1v2-sphere-d5-nz0.0-s0-g61,
tier1v2,hyperbolic,5,0.0,0,487,6.1980896543237165,4.350780754336928,4.438038556795916,5.0,tier1v2-hyperbolic-d5-nz0.0-s0-g62,
tier1v2,hyperbolic,5,0.0,0,804,6.2507154578369475,4.732666454049105,4.7799805053906645,5.0,tier1v2-hyperbolic-d5-nz0.0-s0-g63,
tier1v2,torus,6,0.0,0,1500,8.044927396749788,6.045911441383891,5.954585592374624,7.0,tier1v2-torus-d6-nz0.0-s0-g64,
tier1v2,sphere,6,0.0,0,400,6.9108580789942,5.249049036596321,5.147523919110149,7.0,tier1v2-sphere-d6-nz0.0-s0-g65,
tier1v2,hyperbolic,6,0.0,0,442,7.477501060927083,5.571403410154887,5.409763896406452,6.0,tier1v2-hyperbolic-d6-nz0.0-s0-g66,
tier1v2,hyperbolic,6,0.0,0,901,7.512254792225335,6.078044338076394,5.991612822396352,6.0,tier1v2-hyperbolic-d6-nz0.0-s0-g67,
sadspheres,Saddle,2,0.0,0,2000,2.813930185517625,1.980057793131215,1.9627489650550074,3.0,sadspheres-0,0.0
sadspheres,Sphere,2,0.0,0,2000,2.65948023482814,2.020172965269163,2.0183809955859533,3.0,sadspheres-1,1.0
sadspheres,Plane,2,0.0,0,2000,2.6017005886282956,1.9737491909996985,1.9694298853263077,2.0,sadspheres-2,2.0
sadspheres,Saddle,2,0.0,0,2000,2.713725694416105,1.959589499921152,1.967044482418612,3.0,sadspheres-3,3.0
sadspheres,Sphere,2,0.0,0,2000,2.6515261575728695,2.005187974800238,1.9939973858507394,3.0,sadspheres-4,4.0
sadspheres,Plane,2,0.0,0,2000,2.7539443030583524,1.9593697428707606,1.9427083443653237,2.0,sadspheres-5,5.0
sadspheres,Saddle,2,0.0,0,2000,2.7898869787726848,1.9696525112870715,1.9573061016772921,3.0,sadspheres-6,6.0
sadspheres,Sphere,2,0.0,0,2000,2.676773670779055,2.0172273669586587,1.9940239829515245,3.0,sadspheres-7,7.0
sadspheres,Plane,2,0.0,0,2000,2.6402119757176314,1.958776408360753,1.9504471818981008,2.0,sadspheres-8,8.0
sadspheres,Saddle,2,0.0,0,2000,2.725728065253593,2.012297943753479,1.9825788965011863,3.0,sadspheres-9,9.0
sadspheres,Sphere,2,0.0,0,2000,2.692805003010661,1.9916833283254585,2.002760150841482,3.0,sadspheres-10,10.0
sadspheres,Plane,2,0.0,0,2000,2.5763921849810707,1.972810994319385,1.9498340626204511,2.0,sadspheres-11,11.0
sadspheres,Saddle,2,0.0,0,2000,2.751073408332646,1.9635131930700402,1.9743715057534799,3.0,sadspheres-12,12.0
sadspheres,Sphere,2,0.0,0,2000,2.790218621248411,2.009628695457389,1.993612714288577,3.0,sadspheres-13,13.0
sadspheres,Plane,2,0.0,0,2000,2.795759092433841,1.9861617693074867,1.9527181488396423,2.0,sadspheres-14,14.0
sadspheres,Saddle,2,0.0,0,2000,2.699977489155552,1.967823171833534,1.964334250437134,3.0,sadspheres-15,15.0
sadspheres,Sphere,2,0.0,0,2000,2.6582409172674275,2.0164422916203826,2.014204480510524,3.0,sadspheres-16,16.0
sadspheres,Plane,2,0.0,0,2000,2.6726708847237695,1.9789583039447955,1.9608102543431074,2.0,sadspheres-17,17.0
sadspheres,Saddle,2,0.0,0,2000,2.5352373671752457,1.986167423111374,1.9644131922974595,3.0,sadspheres-18,18.0
sadspheres,Sphere,2,0.0,0,2000,2.528715447199211,2.004110574929443,2.0093110861939554,3.0,sadspheres-19,19.0
sadspheres,Plane,2,0.0,0,2000,2.66320147144358,1.961126430621333,1.9610187043673826,2.0,sadspheres-20,20.0
sadspheres,Saddle,2,0.0,0,2000,2.7151789105518898,1.9978109833578965,1.9772904732897632,3.0,sadspheres-21,21.0
sadspheres,Sphere,2,0.0,0,2000,2.5779855479108016,1.9873420241828532,1.9871063252188126,3.0,sadspheres-22,22.0
sadspheres,Plane,2,0.0,0,2000,2.6267137999214523,1.964647339588149,1.9600811588846754,2.0,sadspheres-23,23.0
sadspheres,Saddle,2,0.0,0,2000,2.7617772936440197,1.9916761488687227,1.969670894823838,3.0,sadspheres-24,24.0
sadspheres,Sphere,2,0.0,0,2000,2.660685380952784,1.988761634465415,2.0087914933591793,3.0,sadspheres-25,25.0
sadspheres,Plane,2,0.0,0,2000,2.740486123219639,1.954913368622929,1.9559444349718165,2.0,sadspheres-26,26.0
sadspheres,Saddle,2,0.0,0,2000,2.5822299653559417,2.001967400807509,1.9848175329001414,3.0,sadspheres-27,27.0
sadspheres,Sphere,2,0.0,0,2000,2.817795110245114,2.0103776734138634,2.003453641066775,3.0,sadspheres-28,28.0
sadspheres,Plane,2,0.0,0,2000,2.583995966254598,1.9734654998748287,1.9611082587374495,2.0,sadspheres-29,29.0
sadspheres,Saddle,2,0.0,0,2000,2.5884047250635893,1.9696268868548727,1.9644275322294757,3.0,sadspheres-30,30.0
sadspheres,Sphere,2,0.0,0,2000,2.6769269665837614,1.9898864074880067,1.9945687291742793,3.0,sadspheres-31,31.0
sadspheres,Plane,2,0.0,0,2000,2.7182835472661053,1.975058804246391,1.9590135666028905,2.0,sadspheres-32,32.0
sadspheres,Saddle,2,0.0,0,2000,2.6817883054794365,1.931101271674722,1.9658585529068338,3.0,sadspheres-33,33.0
sadspheres,Sphere,2,0.0,0,2000,2.5563826596772103,1.9798235471766006,1.9905467599233102,3.0,sadspheres-34,34.0
sadspheres,Plane,2,0.0,0,2000,2.538972196284203,1.962259152554709,1.9559870983487873,2.0,sadspheres-35,35.0
sadspheres,Saddle,2,0.0,0,2000,2.7215048920772573,1.9926574194105808,1.9849794587317326,3.0,sadspheres-36,36.0
sadspheres,Sphere,2,0.0,0,2000,2.7058429080548345,2.005505465969644,1.987262519486804,3.0,sadspheres-37,37.0
sadspheres,Plane,2,0.0,0,2000,2.6024646560152385,1.9567120313828303,1.948846506593022,2.0,sadspheres-38,38.0
sadspheres,Saddle,2,0.0,0,2000,2.7801761513670535,1.9958235850257207,1.9853912722394575,3.0,sadspheres-39,39.0
sadspheres,Sphere,2,0.0,0,2000,2.6609126382758834,1.9870121115710826,2.000314838622593,3.0,sadspheres-40,40.0
sadspheres,Plane,2,0.0,0,2000,2.6658660288547313,1.9431722780758005,1.9378599812837607,2.0,sadspheres-41,41.0
sadspheres,Saddle,2,0.0,0,2000,2.5522759601453986,2.0106032100821043,1.9809096430564568,3.0,sadspheres-42,42.0
sadspheres,Sphere,2,0.0,0,2000,2.6187317348213175,2.0148946189171,1.9847385944637006,3.0,sadspheres-43,43.0
sadspheres,Plane,2,0.0,0,2000,2.7388244866382956,1.9958772433540322,1.9774396015942635,2.0,sadspheres-44,44.0
sadspheres,Saddle,2,0.0,0,2000,2.5695185531466915,1.9895776120129727,1.9718609687704685,3.0,sadspheres-45,45.0
sadspheres,Sphere,2,0.0,0,2000,2.648343398852273,2.0222921789728256,2.0112132016955293,3.0,sadspheres-46,46.0
sadspheres,Plane,2,0.0,0,2000,2.6936656043528986,1.9809664642604694,1.9529472821922196,2.0,sadspheres-47,47.0
sadspheres,Saddle,2,0.0,0,2000,2.6487712522749556,1.961470343073509,1.971421064193601,3.0,sadspheres-48,48.0
sadspheres,Sphere,2,0.0,0,2000,2.6061404900939005,2.00798105167341,2.0040999934839165,3.0,sadspheres-49,49.0
sadspheres,Plane,2,0.0,0,2000,2.7266451252439032,1.966140397208174,1.9427159897689994,2.0,sadspheres-50,50.0
sadspheres,Saddle,2,0.0,0,2000,2.800249287601263,1.9739918729278507,1.9620305195678605,3.0,sadspheres-51,51.0
sadspheres,Sphere,2,0.0,0,2000,2.644340761517834,2.01393227153227,2.003690004657375,3.0,sadspheres-52,52.0
sadspheres,Plane,2,0.0,0,2000,2.6295849125012123,1.9572423898402662,1.9682188547646615,2.0,sadspheres-53,53.0
sadspheres,Saddle,2,0.0,0,2000,2.68034325816903,1.9765789494783461,1.9614325371881383,3.0,sadspheres-54,54.0
sadspheres,Sphere,2,0.0,0,2000,2.5771801603875186,2.004519309598596,1.9995347432669655,3.0,sadspheres-55,55.0
sadspheres,Plane,2,0.0,0,2000,2.6547010380381146,1.9792512787139291,1.9603852277334597,2.0,sadspheres-56,56.0
sadspheres,Saddle,2,0.0,0,2000,2.9353923312002825,2.033360156804055,2.0005862400396186,3.0,sadspheres-57,57.0
sadspheres,Sphere,2,0.0,0,2000,2.640700762970058,1.9982461555175757,1.9936544910912966,3.0,sadspheres-58,58.0
sadspheres,Plane,2,0.0,0,2000,2.748520253830031,1.9820690561072618,1.9682669681692475,2.0,sadspheres-59,59.0
sadspheres,Saddle,3,0.0,0,2000,3.9434339297751717,2.8546986771095684,2.8751764365125903,4.0,sadspheres-60,60.0
sadspheres,Sphere,3,0.0,0,2000,4.396551391541806,3.0426675594625157,2.99891575690284,4.0,sadspheres-61,61.0
sadspheres,Plane,3,0.0,0,2000,3.958387047566481,2.952831227606519,2.8720104904004837,3.0,sadspheres-62,62.0
sadspheres,Saddle,3,0.0,0,2000,4.025744842808753,2.9028058798222016,2.883053701866855,4.0,sadspheres-63,63.0
sadspheres,Sphere,3,0.0,0,2000,4.059621693228715,2.995802945654237,2.97702131025876,4.0,sadspheres-64,64.0
sadspheres,Plane,3,0.0,0,2000,3.9370863435964787,2.8696496925813144,2.847557692225489,3.0,sadspheres-65,65.0
sadspheres,Saddle,3,0.0,0,2000,3.9391608063571755,2.905444762726668,2.881462035453318,4.0,sadspheres-66,66.0
sadspheres,Sphere,3,0.0,0,2000,4.045783361646344,3.0145128029644708,3.0147755909153746,4.0,sadspheres-67,67.0
sadspheres,Plane,3,0.0,0,2000,3.761874789561821,2.923516176398859,2.886116029987438,3.0,sadspheres-68,68.0
sadspheres,Saddle,3,0.0,0,2000,4.0113493362091726,2.906360550645526,2.8765346701300722,4.0,sadspheres-69,69.0
sadspheres,Sphere,3,0.0,0,2000,4.000802852504302,2.9770388391443774,2.957442657569983,4.0,sadspheres-70,70.0
sadspheres,Plane,3,0.0,0,2000,3.8525289845002417,2.857501755659999,2.8444291623517883,3.0,sadspheres-71,71.0
sadspheres,Saddle,3,0.0,0,2000,3.9337451597115525,2.8846474912959477,2.8713369288067603,4.0,sadspheres-72,72.0
sadspheres,Sphere,3,0.0,0,2000,3.9072960265414065,3.0222032191730737,3.011754377508143,4.0,sadspheres-73,73.0
sadspheres,Plane,3,0.0,0,2000,3.897366782787818,2.851834094422379,2.8353770370804345,3.0,sadspheres-74,74.0
sadspheres,Saddle,3,0.0,0,2000,3.8963743853334862,2.883346249545546,2.8711612627168366,4.0,sadspheres-75,75.0
sadspheres,Sphere,3,0.0,0,2000,3.8813785552465943,2.9816082083368944,2.962826225433244,4.0,sadspheres-76,76.0
sadspheres,Plane,3,0.0,0,2000,3.9893432763858128,2.9451498750678784,2.8533292471063736,3.0,sadspheres-77,77.0
sadspheres,Saddle,3,0.0,0,2000,3.937413897087865,2.919087580560544,2.895978190492282,4.0,sadspheres-78,78.0
sadspheres,Sphere,3,0.0,0,2000,3.967262982773584,3.0405685227666717,2.992353883397599,4.0,sadspheres-79,79.0
sadspheres,Plane,3,0.0,0,2000,4.082023063286903,2.890187790384943,2.833254058329174,3.0,sadspheres-80,80.0
sadspheres,Saddle,3,0.0,0,2000,3.876466474332226,2.9368230342013524,2.8839779672952446,4.0,sadspheres-81,81.0
sadspheres,Sphere,3,0.0,0,2000,3.872808619976761,2.9356161858551006,2.9761305221840573,4.0,sadspheres-82,82.0
sadspheres,Plane,3,0.0,0,2000,4.121260372805412,2.9086730678302835,2.871412904598525,3.0,sadspheres-83,83.0
sadspheres,Saddle,3,0.0,0,2000,3.965714585496644,2.9105501219784675,2.8803023319698373,4.0,sadspheres-84,84.0
sadspheres,Sphere,3,0.0,0,2000,4.074213504182682,3.0262764428607736,3.0028759739373383,4.0,sadspheres-85,85.0
sadspheres,Plane,3,0.0,0,2000,3.999654001761692,2.886575163498839,2.865557947843151,3.0,sadspheres-86,86.0
sadspheres,Saddle,3,0.0,0,2000,3.925791751935777,2.907116352010545,2.9022923632917754,4.0,sadspheres-87,87.0
sadspheres,Sphere,3,0.0,0,2000,4.250736625437142,2.9862930599435926,2.990981709073049,4.0,sadspheres-88,88.0
sadspheres,Plane,3,0.0,0,2000,4.012535157391633,2.86389393166146,2.849761972041144,3.0,sadspheres-89,89.0
sadspheres,Saddle,3,0.0,0,2000,3.8793297439835044,2.9027456066573563,2.859519599667511,4.0,sadspheres-90,90.0
sadspheres,Sphere,3,0.0,0,2000,3.8867411225639494,3.029084496439256,3.0079113171211644,4.0,sadspheres-91,91.0
sadspheres,Plane,3,0.0,0,2000,3.953421815339282,2.870684397316098,2.8413290384910286,3.0,sadspheres-92,92.0
sadspheres,Saddle,3,0.0,0,2000,4.017871595316718,2.884060343830569,2.8852913843224886,4.0,sadspheres-93,93.0
sadspheres,Sphere,3,0.0,0,2000,3.969695000780654,3.0036541985081775,2.9794882627109853,4.0,sadspheres-94,94.0
sadspheres,Plane,3,0.0,0,2000,3.919130396624126,2.9028127446026812,2.8781027986632197,3.0,sadspheres-95,95.0
sadspheres,Saddle,3,0.0,0,2000,3.89697218738772,2.8611349035014317,2.872966650765433,4.0,sadspheres-96,96.0
sadspheres,Sphere,3,0.0,0,2000,4.17440157917783,3.0357577718170203,2.9833125062497134,4.0,sadspheres-97,97.0
sadspheres,Plane,3,0.0,0,2000,4.091776712548616,2.92284283417637,2.8565089125298835,3.0,sadspheres-98,98.0
sadspheres,Saddle,3,0.0,0,2000,3.9599555649238996,2.870197540894735,2.8826436318064372,4.0,sadspheres-99,99.0
sadspheres,Sphere,3,0.0,0,2000,3.9939179249637506,2.939996624234506,2.970923717313283,4.0,sadspheres-100,100.0
sadspheres,Plane,3,0.0,0,2000,3.9958901711411343,2.9300808059684824,2.8489240383470813,3.0,sadspheres-101,101.0
sadspheres,Saddle,3,0.0,0,2000,3.8646161197197126,2.86867888304663,2.843370928643916,4.0,sadspheres-102,102.0
sadspheres,Sphere,3,0.0,0,2000,4.019815744289505,2.976301093060609,2.995191339368796,4.0,sadspheres-103,103.0
sadspheres,Plane,3,0.0,0,2000,4.056934866433923,2.882382058691457,2.85853504342443,3.0,sadspheres-104,104.0
sadspheres,Saddle,3,0.0,0,2000,3.9620767941115647,2.9344797410612973,2.8884981311195794,4.0,sadspheres-105,105.0
sadspheres,Sphere,3,0.0,0,2000,4.0406074488690935,2.9720187747881464,3.012286363434231,4.0,sadspheres-106,106.0
sadspheres,Plane,3,0.0,0,2000,3.787217196614347,2.921164328210786,2.8699571398649986,3.0,sadspheres-107,107.0
sadspheres,Saddle,3,0.0,0,2000,4.022108989075046,2.9442846391462716,2.889073872545946,4.0,sadspheres-108,108.0
sadspheres,Sphere,3,0.0,0,2000,4.232160144969532,3.036488923849739,2.969463578903585,4.0,sadspheres-109,109.0
sadspheres,Plane,3,0.0,0,2000,4.1788675635917025,2.8466916424435453,2.8156495383612246,3.0,sadspheres-110,110.0
sadspheres,Saddle,3,0.0,0,2000,3.9361753852460173,2.875099372856572,2.8570793604809968,4.0,sadspheres-111,111.0
sadspheres,Sphere,3,0.0,0,2000,3.9368326347619838,2.9856268765758585,2.9941872733572845,4.0,sadspheres-112,112.0
sadspheres,Plane,3,0.0,0,2000,3.9647726796087936,2.8774346347881474,2.8711986222146946,3.0,sadspheres-113,113.0
sadspheres,Saddle,3,0.0,0,2000,3.930851300859157,2.918547078713644,2.907501878020522,4.0,sadspheres-114,114.0
sadspheres,Sphere,3,0.0,0,2000,4.2258273393157735,2.973377532714419,2.9988478019588247,4.0,sadspheres-115,115.0
sadspheres,Plane,3,0.0,0,2000,3.916055266985057,2.903902742838628,2.847025454638678,3.0,sadspheres-116,116.0
sadspheres,Saddle,3,0.0,0,2000,4.012872590242013,2.9440318330817132,2.919428920073956,4.0,sadspheres-117,117.0
sadspheres,Sphere,3,0.0,0,2000,4.0285892823292215,2.9760513561455073,2.985241921896835,4.0,sadspheres-118,118.0
sadspheres,Plane,3,0.0,0,2000,3.950549176741734,2.8644757797316887,2.8248781873879882,3.0,sadspheres-119,119.0
sadspheres,Saddle,4,0.0,0,2000,4.9668573519483505,3.7714253108704425,3.75756812184352,5.0,sadspheres-120,120.0
sadspheres,Sphere,4,0.0,0,2000,5.538381537710804,3.9425278716336845,3.934623473366571,5.0,sadspheres-121,121.0
sadspheres,Plane,4,0.0,0,2000,5.525566180284186,3.7594533429194135,3.6741116809369267,4.0,sadspheres-122,122.0
sadspheres,Saddle,4,0.0,0,2000,5.02964517758291,3.840827661429358,3.767701423954484,5.0,sadspheres-123,123.0
sadspheres,Sphere,4,0.0,0,2000,5.328764681867711,4.0248064807424155,4.003508667331971,5.0,sadspheres-124,124.0
sadspheres,Plane,4,0.0,0,2000,5.154425910246505,3.736265392983608,3.699712750137731,4.0,sadspheres-125,125.0
sadspheres,Saddle,4,0.0,0,2000,4.996015823089388,3.750544182931836,3.7270741335341717,5.0,sadspheres-126,126.0
sadspheres,Sphere,4,0.0,0,2000,5.3624812345609705,3.9681620066939534,3.9452097507520745,5.0,sadspheres-127,127.0
sadspheres,Plane,4,0.0,0,2000,5.1408516443487065,3.7127170315906906,3.6898440389589955,4.0,sadspheres-128,128.0
sadspheres,Saddle,4,0.0,0,2000,5.126378162700251,3.8173319762579894,3.7920391571796084,5.0,sadspheres-129,129.0
sadspheres,Sphere,4,0.0,0,2000,5.171165284029983,3.9861285148040633,3.9489516724642075,5.0,sadspheres-130,130.0
sadspheres,Plane,4,0.0,0,2000,5.385515454221415,3.750709099543272,3.7009415311683225,4.0,sadspheres-131,131.0
sadspheres,Saddle,4,0.0,0,2000,5.106640261122861,3.8344631265423392,3.771467907616578,5.0,sadspheres-132,132.0
sadspheres,Sphere,4,0.0,0,2000,5.48782414389841,3.992774648565347,3.9652707215024248,5.0,sadspheres-133,133.0
sadspheres,Plane,4,0.0,0,2000,5.212878449128742,3.7253942141338094,3.6900827402535477,4.0,sadspheres-134,134.0
sadspheres,Saddle,4,0.0,0,2000,5.2094116232038195,3.8160998118728595,3.7563376498718735,5.0,sadspheres-135,135.0
sadspheres,Sphere,4,0.0,0,2000,5.63960302824166,3.9253361305020094,3.9415220255567918,5.0,sadspheres-136,136.0
sadspheres,Plane,4,0.0,0,2000,5.465984194458397,3.846114457376837,3.767464612630654,4.0,sadspheres-137,137.0
sadspheres,Saddle,4,0.0,0,2000,5.294828061002824,3.81900222967674,3.754741854845939,5.0,sadspheres-138,138.0
sadspheres,Sphere,4,0.0,0,2000,5.257632469711769,3.9533911511155666,3.9382991123622735,5.0,sadspheres-139,139.0
sadspheres,Plane,4,0.0,0,2000,5.324482962924858,3.69702113391488,3.695568986552486,4.0,sadspheres-140,140.0
sadspheres,Saddle,4,0.0,0,2000,5.265878317236228,3.7735778840915444,3.75322590429297,5.0,sadspheres-141,141.0
sadspheres,Sphere,4,0.0,0,2000,5.531762184988487,3.986748726421245,3.957043339285776,5.0,sadspheres-142,142.0
sadspheres,Plane,4,0.0,0,2000,5.194083168932918,3.7409920720595173,3.6832864763768556,4.0,sadspheres-143,143.0
sadspheres,Saddle,4,0.0,0,2000,5.176520078848842,3.7730826973783476,3.746496320466914,5.0,sadspheres-144,144.0
sadspheres,Sphere,4,0.0,0,2000,5.618012681232218,3.9899730449242226,3.9458335148793835,5.0,sadspheres-145,145.0
sadspheres,Plane,4,0.0,0,2000,5.064830527660008,3.7308400018239745,3.7076155472134102,4.0,sadspheres-146,146.0
sadspheres,Saddle,4,0.0,0,2000,5.3241041554862365,3.812612700685545,3.7434756067455273,5.0,sadspheres-147,147.0
sadspheres,Sphere,4,0.0,0,2000,5.227714611113215,3.968576321830752,3.943122019332967,5.0,sadspheres-148,148.0
sadspheres,Plane,4,0.0,0,2000,4.9629371004092375,3.6809774574550764,3.6862022200444127,4.0,sadspheres-149,149.0
sadspheres,Saddle,4,0.0,0,2000,5.038176602570344,3.7821450279014024,3.7545388478719905,5.0,sadspheres-150,150.0
sadspheres,Sphere,4,0.0,0,2000,5.319933156376605,3.9630681980930915,3.945639183278626,5.0,sadspheres-151,151.0
sadspheres,Plane,4,0.0,0,2000,5.305601751699519,3.696720368413816,3.685604562168837,4.0,sadspheres-152,152.0
sadspheres,Saddle,4,0.0,0,2000,5.04532848145324,3.857957179937309,3.7472739842188276,5.0,sadspheres-153,153.0
sadspheres,Sphere,4,0.0,0,2000,5.262869643396589,3.9121088291739525,3.949615005770964,5.0,sadspheres-154,154.0
sadspheres,Plane,4,0.0,0,2000,5.300278563525853,3.794017859123639,3.735700115165166,4.0,sadspheres-155,155.0
sadspheres,Saddle,4,0.0,0,2000,5.086971163336466,3.772748464799657,3.740495929895623,5.0,sadspheres-156,156.0
sadspheres,Sphere,4,0.0,0,2000,5.393116321369193,3.937611400948218,3.927131856423478,5.0,sadspheres-157,157.0
sadspheres,Plane,4,0.0,0,2000,4.978391253650525,3.728911628272348,3.7258362308900232,4.0,sadspheres-158,158.0
sadspheres,Saddle,4,0.0,0,2000,5.377325600841902,3.7949183226755006,3.7613985047616816,5.0,sadspheres-159,159.0
sadspheres,Sphere,4,0.0,0,2000,5.354100411138881,3.9385805056893695,3.967854907707887,5.0,sadspheres-160,160.0
sadspheres,Plane,4,0.0,0,2000,5.1586464147464435,3.7654400871058753,3.689322807645139,4.0,sadspheres-161,161.0
sadspheres,Saddle,4,0.0,0,2000,5.147830021262852,3.7798690816211447,3.7167777343389807,5.0,sadspheres-162,162.0
sadspheres,Sphere,4,0.0,0,2000,5.1869485030679225,3.9417596846179332,3.933952019802039,5.0,sadspheres-163,163.0
sadspheres,Plane,4,0.0,0,2000,5.120598336602496,3.7449355312750567,3.6607276968300693,4.0,sadspheres-164,164.0
sadspheres,Saddle,4,0.0,0,2000,4.9348490938914376,3.818636235830849,3.748117237506935,5.0,sadspheres-165,165.0
sadspheres,Sphere,4,0.0,0,2000,5.195113690122064,3.9393472889177397,3.935778346350745,5.0,sadspheres-166,166.0
sadspheres,Plane,4,0.0,0,2000,5.091876128827152,3.734715785651829,3.7068070026995903,4.0,sadspheres-167,167.0
sadspheres,Saddle,4,0.0,0,2000,5.140941656717568,3.7655892879102537,3.7086345800647877,5.0,sadspheres-168,168.0
sadspheres,Sphere,4,0.0,0,2000,5.078460876589209,3.997575307360591,3.958260139719874,5.0,sadspheres-169,169.0
sadspheres,Plane,4,0.0,0,2000,5.585924086033265,3.7671073742861925,3.7190528004610606,4.0,sadspheres-170,170.0
sadspheres,Saddle,4,0.0,0,2000,5.309239446040918,3.7680367351628656,3.7409347768443544,5.0,sadspheres-171,171.0
sadspheres,Sphere,4,0.0,0,2000,5.311958653468684,3.8809476338436726,3.9125249649669334,5.0,sadspheres-172,172.0
sadspheres,Plane,4,0.0,0,2000,5.247445663973202,3.7196634638074983,3.6614484070841984,4.0,sadspheres-173,173.0
sadspheres,Saddle,4,0.0,0,2000,5.11250359624333,3.649160274320674,3.7411121420873097,5.0,sadspheres-174,174.0
sadspheres,Sphere,4,0.0,0,2000,5.18744028186981,3.957098401967597,3.9580390136888064,5.0,sadspheres-175,175.0
sadspheres,Plane,4,0.0,0,2000,5.521470596249104,3.789671268438618,3.7131760046176137,4.0,sadspheres-176,176.0
sadspheres,Saddle,4,0.0,0,2000,5.057319475112175,3.7648686223779184,3.7510756675719485,5.0,sadspheres-177,177.0
sadspheres,Sphere,4,0.0,0,2000,5.571260560453456,4.01058386604035,3.972917832965099,5.0,sadspheres-178,178.0
sadspheres,Plane,4,0.0,0,2000,5.138381572808153,3.728200507181243,3.6973176470119435,4.0,sadspheres-179,179.0
sadspheres,Saddle,5,0.0,0,2000,6.367810806832138,4.659940519378016,4.6114252513758425,6.0,sadspheres-180,180.0
sadspheres,Sphere,5,0.0,0,2000,6.429558078375173,4.914161351008805,4.910830930241852,6.0,sadspheres-181,181.0
sadspheres,Plane,5,0.0,0,2000,5.964570594337626,4.567395421017396,4.511858895326394,5.0,sadspheres-182,182.0
sadspheres,Saddle,5,0.0,0,2000,6.318206901228105,4.624795027818047,4.58650840255683,6.0,sadspheres-183,183.0
sadspheres,Sphere,5,0.0,0,2000,6.694514043560783,4.9037562878388306,4.867952026638817,6.0,sadspheres-184,184.0
sadspheres,Plane,5,0.0,0,2000,6.3805934836797125,4.524864743360253,4.440528169028319,5.0,sadspheres-185,185.0
sadspheres,Saddle,5,0.0,0,2000,6.15446665027709,4.648765197705474,4.591011513468041,6.0,sadspheres-186,186.0
sadspheres,Sphere,5,0.0,0,2000,6.484432604577706,4.921616009257951,4.872075996857368,6.0,sadspheres-187,187.0
sadspheres,Plane,5,0.0,0,2000,6.131527679094976,4.607589492713227,4.500079993720084,5.0,sadspheres-188,188.0
sadspheres,Saddle,5,0.0,0,2000,6.357638273058337,4.626939444737864,4.555460836623175,6.0,sadspheres-189,189.0
sadspheres,Sphere,5,0.0,0,2000,6.598522658395935,4.883336514160999,4.9067622618351505,6.0,sadspheres-190,190.0
sadspheres,Plane,5,0.0,0,2000,6.193303891875244,4.507503282200904,4.509513864918603,5.0,sadspheres-191,191.0
sadspheres,Saddle,5,0.0,0,2000,6.467148599569102,4.715661334834052,4.580789957536261,6.0,sadspheres-192,192.0
sadspheres,Sphere,5,0.0,0,2000,6.847027894134466,4.89766494081104,4.893387164582738,6.0,sadspheres-193,193.0
sadspheres,Plane,5,0.0,0,2000,5.98559538162593,4.577572972875198,4.4909071005864,5.0,sadspheres-194,194.0
sadspheres,Saddle,5,0.0,0,2000,6.369939840549089,4.668056448996072,4.601190140193062,6.0,sadspheres-195,195.0
sadspheres,Sphere,5,0.0,0,2000,6.474855820658668,4.865967692059077,4.824707593107492,6.0,sadspheres-196,196.0
sadspheres,Plane,5,0.0,0,2000,6.418899993293038,4.51199558537032,4.436704746549955,5.0,sadspheres-197,197.0
sadspheres,Saddle,5,0.0,0,2000,5.953719521388797,4.582711420144802,4.563155331485817,6.0,sadspheres-198,198.0
sadspheres,Sphere,5,0.0,0,2000,6.484229235551242,4.954476327724669,4.854241420055559,6.0,sadspheres-199,199.0
sadspheres,Plane,5,0.0,0,2000,6.453603131793163,4.559253968957942,4.4423380932530145,5.0,sadspheres-200,200.0
sadspheres,Saddle,5,0.0,0,2000,6.324503418405413,4.588166990054538,4.579494271469224,6.0,sadspheres-201,201.0
sadspheres,Sphere,5,0.0,0,2000,6.4612020443749305,4.910603558601752,4.894661673936154,6.0,sadspheres-202,202.0
sadspheres,Plane,5,0.0,0,2000,6.179637306946717,4.4907617750947395,4.459674595289596,5.0,sadspheres-203,203.0
sadspheres,Saddle,5,0.0,0,2000,6.107721980973624,4.61487777556038,4.567170430975475,6.0,sadspheres-204,204.0
sadspheres,Sphere,5,0.0,0,2000,6.642822612567415,4.96818851512524,4.861101327643568,6.0,sadspheres-205,205.0
sadspheres,Plane,5,0.0,0,2000,5.854655915695673,4.522332380282523,4.438268036893565,5.0,sadspheres-206,206.0
sadspheres,Saddle,5,0.0,0,2000,6.246815040711864,4.592466180193782,4.540029947013636,6.0,sadspheres-207,207.0
sadspheres,Sphere,5,0.0,0,2000,6.578684601784719,4.816597329932807,4.798145002906132,6.0,sadspheres-208,208.0
sadspheres,Plane,5,0.0,0,2000,6.085379057785798,4.504430108274225,4.507268621014362,5.0,sadspheres-209,209.0
sadspheres,Saddle,5,0.0,0,2000,6.0261326181895924,4.599905589379414,4.6116955196684675,6.0,sadspheres-210,210.0
sadspheres,Sphere,5,0.0,0,2000,6.979099095799673,4.986008962207146,4.8708302484992325,6.0,sadspheres-211,211.0
sadspheres,Plane,5,0.0,0,2000,6.3863199150291265,4.623813299615451,4.541431611933172,5.0,sadspheres-212,212.0
sadspheres,Saddle,5,0.0,0,2000,6.538714293659576,4.633798345718851,4.593390117700088,6.0,sadspheres-213,213.0
sadspheres,Sphere,5,0.0,0,2000,6.741901003232085,4.867921128601539,4.869874225679296,6.0,sadspheres-214,214.0
sadspheres,Plane,5,0.0,0,2000,6.430338962363994,4.560012566852396,4.478756510673424,5.0,sadspheres-215,215.0
sadspheres,Saddle,5,0.0,0,2000,6.175702287019805,4.613518537005247,4.594542806652458,6.0,sadspheres-216,216.0
sadspheres,Sphere,5,0.0,0,2000,6.449958251164692,4.91114377371089,4.869854727551915,6.0,sadspheres-217,217.0
sadspheres,Plane,5,0.0,0,2000,6.3215769736955645,4.569991166771301,4.462356814600619,5.0,sadspheres-218,218.0
sadspheres,Saddle,5,0.0,0,2000,6.38750922590205,4.7009903010745235,4.597216106599848,6.0,sadspheres-219,219.0
sadspheres,Sphere,5,0.0,0,2000,6.498598696484312,4.846998218059209,4.872836186553904,6.0,sadspheres-220,220.0
sadspheres,Plane,5,0.0,0,2000,6.449383173695397,4.557272890569114,4.497432481003287,5.0,sadspheres-221,221.0
sadspheres,Saddle,5,0.0,0,2000,6.313865314896397,4.6521639446454905,4.606406770806325,6.0,sadspheres-222,222.0
sadspheres,Sphere,5,0.0,0,2000,6.563934286563306,4.851289603891793,4.853311026753217,6.0,sadspheres-223,223.0
sadspheres,Plane,5,0.0,0,2000,6.285019619165467,4.568436241231411,4.47380514798032,5.0,sadspheres-224,224.0
sadspheres,Saddle,5,0.0,0,2000,6.552885086846276,4.6147123532312415,4.530492865589322,6.0,sadspheres-225,225.0
sadspheres,Sphere,5,0.0,0,2000,6.558521241270489,4.953700007261699,4.8905418937551,6.0,sadspheres-226,226.0
sadspheres,Plane,5,0.0,0,2000,6.303449727673884,4.557523539554339,4.548840417522459,5.0,sadspheres-227,227.0
sadspheres,Saddle,5,0.0,0,2000,6.317367842964103,4.628274063884826,4.574400893807457,6.0,sadspheres-228,228.0
sadspheres,Sphere,5,0.0,0,2000,6.664765986686012,4.91898766706511,4.921080811915999,6.0,sadspheres-229,229.0
sadspheres,Plane,5,0.0,0,2000,6.400625038538233,4.615359942404199,4.466186226336548,5.0,sadspheres-230,230.0
sadspheres,Saddle,5,0.0,0,2000,6.107176148513057,4.56058155884221,4.539764319944876,6.0,sadspheres-231,231.0
sadspheres,Sphere,5,0.0,0,2000,6.3729320933265825,4.8722782968019445,4.797812612330785,6.0,sadspheres-232,232.0
sadspheres,Plane,5,0.0,0,2000,6.580839524655118,4.503277622949704,4.429500738104077,5.0,sadspheres-233,233.0
sadspheres,Saddle,5,0.0,0,2000,6.452363118354493,4.6928480752581185,4.613733643900998,6.0,sadspheres-234,234.0
sadspheres,Sphere,5,0.0,0,2000,6.440994795201444,4.834065203960973,4.824106249710047,6.0,sadspheres-235,235.0
sadspheres,Plane,5,0.0,0,2000,6.215281410897717,4.467193718070564,4.414071851430323,5.0,sadspheres-236,236.0
sadspheres,Saddle,5,0.0,0,2000,6.278752945518278,4.630035830873544,4.575089968399628,6.0,sadspheres-237,237.0
sadspheres,Sphere,5,0.0,0,2000,6.641593977120675,4.872591539952865,4.841027556597679,6.0,sadspheres-238,238.0
sadspheres,Plane,5,0.0,0,2000,6.287129047158157,4.566550670967688,4.491784865881909,5.0,sadspheres-239,239.0
sadspheres,Saddle,6,0.0,0,2000,7.589127031664848,5.369381721176562,5.3542848116630335,7.0,sadspheres-240,240.0
sadspheres,Sphere,6,0.0,0,2000,7.78971315593975,5.77660678880294,5.746079870315923,7.0,sadspheres-241,241.0
sadspheres,Plane,6,0.0,0,2000,7.418555796624336,5.304011289735574,5.220791410556216,6.0,sadspheres-242,242.0
sadspheres,Saddle,6,0.0,0,2000,7.193459673223792,5.4840413289870495,5.40198934334713,7.0,sadspheres-243,243.0
sadspheres,Sphere,6,0.0,0,2000,8.42570724323133,5.864539930296445,5.760913794850419,7.0,sadspheres-244,244.0
sadspheres,Plane,6,0.0,0,2000,7.466297432696628,5.359239249525172,5.250813138417933,6.0,sadspheres-245,245.0
sadspheres,Saddle,6,0.0,0,2000,7.082610758818354,5.469642451025492,5.407533307390478,7.0,sadspheres-246,246.0
sadspheres,Sphere,6,0.0,0,2000,7.954913750052432,5.8277650908389464,5.793007851929648,7.0,sadspheres-247,247.0
sadspheres,Plane,6,0.0,0,2000,7.375328195407108,5.325835575555273,5.272955940432419,6.0,sadspheres-248,248.0
sadspheres,Saddle,6,0.0,0,2000,7.294391408269853,5.440300744036824,5.4239546142301585,7.0,sadspheres-249,249.0
sadspheres,Sphere,6,0.0,0,2000,7.757480853587085,5.7488522634783825,5.777059832640753,7.0,sadspheres-250,250.0
sadspheres,Plane,6,0.0,0,2000,7.274585843758005,5.348938897469967,5.224752973199736,6.0,sadspheres-251,251.0
sadspheres,Saddle,6,0.0,0,2000,7.019437519028997,5.316287787321587,5.280356757784835,7.0,sadspheres-252,252.0
sadspheres,Sphere,6,0.0,0,2000,8.174475814446158,5.895681236204976,5.7682417428163495,7.0,sadspheres-253,253.0
sadspheres,Plane,6,0.0,0,2000,7.7210072896618005,5.446349463875159,5.312720783525015,6.0,sadspheres-254,254.0
sadspheres,Saddle,6,0.0,0,2000,7.7384516590492405,5.402867263403594,5.341497963300577,7.0,sadspheres-255,255.0
sadspheres,Sphere,6,0.0,0,2000,7.8558931751783385,5.705134206167064,5.693719667811969,7.0,sadspheres-256,256.0
sadspheres,Plane,6,0.0,0,2000,7.108615341731758,5.240891427492316,5.192337776690112,6.0,sadspheres-257,257.0
sadspheres,Saddle,6,0.0,0,2000,7.399202239871243,5.354957308166727,5.305987856982888,7.0,sadspheres-258,258.0
sadspheres,Sphere,6,0.0,0,2000,8.184292439383157,5.844847061269865,5.7749438934040835,7.0,sadspheres-259,259.0
sadspheres,Plane,6,0.0,0,2000,8.087105339141171,5.447837244293875,5.3387834743207,6.0,sadspheres-260,260.0
sadspheres,Saddle,6,0.0,0,2000,7.149544318195507,5.4112982224084885,5.3639981099102165,7.0,sadspheres-261,261.0
sadspheres,Sphere,6,0.0,0,2000,7.919775867415529,5.793238870621844,5.69916417952402,7.0,sadspheres-262,262.0
sadspheres,Plane,6,0.0,0,2000,7.090120761688501,5.36048533485953,5.25364571287647,6.0,sadspheres-263,263.0
sadspheres,Saddle,6,0.0,0,2000,7.547454687127851,5.4277101246360715,5.383409196215086,7.0,sadspheres-264,264.0
sadspheres,Sphere,6,0.0,0,2000,7.901410808646194,5.848411821204762,5.790368564816347,7.0,sadspheres-265,265.0
sadspheres,Plane,6,0.0,0,2000,7.576154320578477,5.312975774358628,5.277126633811631,6.0,sadspheres-266,266.0
sadspheres,Saddle,6,0.0,0,2000,7.936525214138176,5.337876994306456,5.299521484341161,7.0,sadspheres-267,267.0
sadspheres,Sphere,6,0.0,0,2000,8.021647523627935,5.710608448479288,5.764456476727917,7.0,sadspheres-268,268.0
sadspheres,Plane,6,0.0,0,2000,7.755710551283131,5.389508989120568,5.266780427551407,6.0,sadspheres-269,269.0
sadspheres,Saddle,6,0.0,0,2000,6.953494097824048,5.337460458316513,5.33061749731939,7.0,sadspheres-270,270.0
sadspheres,Sphere,6,0.0,0,2000,7.866188501203657,5.708527935081133,5.707526281453391,7.0,sadspheres-271,271.0
sadspheres,Plane,6,0.0,0,2000,7.516746812046685,5.385729616479039,5.285414330529391,6.0,sadspheres-272,272.0
sadspheres,Saddle,6,0.0,0,2000,7.462540626779716,5.4437048441024585,5.3734788045706425,7.0,sadspheres-273,273.0
sadspheres,Sphere,6,0.0,0,2000,7.785858128577374,5.76590062391617,5.719461713813451,7.0,sadspheres-274,274.0
sadspheres,Plane,6,0.0,0,2000,7.328203485858476,5.325402851620618,5.235588675032637,6.0,sadspheres-275,275.0
sadspheres,Saddle,6,0.0,0,2000,7.4598290955582875,5.438490780054174,5.364117139139184,7.0,sadspheres-276,276.0
sadspheres,Sphere,6,0.0,0,2000,7.519682477714519,5.837577574516757,5.776760301101993,7.0,sadspheres-277,277.0
sadspheres,Plane,6,0.0,0,2000,6.96751664895652,5.287086643450326,5.217571548970907,6.0,sadspheres-278,278.0
sadspheres,Saddle,6,0.0,0,2000,7.309363577515621,5.527327939967931,5.458750469581987,7.0,sadspheres-279,279.0
sadspheres,Sphere,6,0.0,0,2000,8.122466288134465,5.810119425725661,5.794294025369388,7.0,sadspheres-280,280.0
sadspheres,Plane,6,0.0,0,2000,7.283751688705259,5.4110037266884525,5.285867655226132,6.0,sadspheres-281,281.0
sadspheres,Saddle,6,0.0,0,2000,7.403699659348566,5.355684789574899,5.3366191997451615,7.0,sadspheres-282,282.0
sadspheres,Sphere,6,0.0,0,2000,7.61176701103947,5.818618001515098,5.779648603626383,7.0,sadspheres-283,283.0
sadspheres,Plane,6,0.0,0,2000,7.4460876712924335,5.408538081902436,5.300436771402624,6.0,sadspheres-284,284.0
sadspheres,Saddle,6,0.0,0,2000,7.4731786120887085,5.480632342472034,5.342123209145114,7.0,sadspheres-285,285.0
sadspheres,Sphere,6,0.0,0,2000,7.971395093031883,5.731862584048015,5.715064206223101,7.0,sadspheres-286,286.0
sadspheres,Plane,6,0.0,0,2000,7.533909730218426,5.3718997501043235,5.3047838935215,6.0,sadspheres-287,287.0
sadspheres,Saddle,6,0.0,0,2000,7.240292528426334,5.394001194121236,5.411141269964845,7.0,sadspheres-288,288.0
sadspheres,Sphere,6,0.0,0,2000,7.7018925583013385,5.726982974647495,5.676854178195831,7.0,sadspheres-289,289.0
sadspheres,Plane,6,0.0,0,2000,7.340212062381934,5.329220898140078,5.2058656607446165,6.0,sadspheres-290,290.0
sadspheres,Saddle,6,0.0,0,2000,7.186041824648066,5.4108601008254045,5.323489964584573,7.0,sadspheres-291,291.0
sadspheres,Sphere,6,0.0,0,2000,7.584895994633788,5.738567567251978,5.701243589878462,7.0,sadspheres-292,292.0
sadspheres,Plane,6,0.0,0,2000,7.692722704054797,5.313145906956754,5.1671794049099065,6.0,sadspheres-293,293.0
sadspheres,Saddle,6,0.0,0,2000,7.637686068789146,5.43230758592577,5.327080256226933,7.0,sadspheres-294,294.0
sadspheres,Sphere,6,0.0,0,2000,7.915471020860429,5.78963127838727,5.7480315814536045,7.0,sadspheres-295,295.0
sadspheres,Plane,6,0.0,0,2000,7.255573085663035,5.415751264639461,5.297510321679962,6.0,sadspheres-296,296.0
sadspheres,Saddle,6,0.0,0,2000,7.790688226090919,5.4600837984233275,5.4108254209594575,7.0,sadspheres-297,297.0
sadspheres,Sphere,6,0.0,0,2000,7.98744603277339,5.877608335704842,5.788445421788918,7.0,sadspheres-298,298.0
sadspheres,Plane,6,0.0,0,2000,7.524836816273618,5.365582825105901,5.3204184942895605,6.0,sadspheres-299,299.0
colosseum,colosseum,2,0.01,0,3000,3.2174847133160465,2.0916124006880565,2.044961556971524,3.0,colosseum-300,300.0
colosseum,colosseum,2,0.01,0,3000,3.1557755293658736,2.0729935353454665,2.0106202434207456,3.0,colosseum-301,301.0
colosseum,colosseum,2,0.01,0,3000,3.23153368358824,2.127143550388918,2.041979550674373,3.0,colosseum-302,302.0
colosseum,colosseum,2,0.01,0,3000,3.178256697208927,2.076896652821977,2.0337082346902813,3.0,colosseum-303,303.0
colosseum,colosseum,2,0.01,0,3000,3.13053548513163,2.0737820318063678,2.0077550641763016,3.0,colosseum-304,304.0
colosseum,colosseum,2,0.01,0,3000,3.154003751489167,2.075087071981283,2.0108114727297135,3.0,colosseum-305,305.0
colosseum,colosseum,2,0.01,0,3000,3.0892235037006612,2.098147267194686,2.0508919932640715,3.0,colosseum-306,306.0
colosseum,colosseum,2,0.01,0,3000,3.2491251364217852,2.0898673842199265,2.027258339096282,3.0,colosseum-307,307.0
colosseum,colosseum,2,0.01,0,3000,3.105475243943305,2.0398918605336447,2.001151636324479,3.0,colosseum-308,308.0
colosseum,colosseum,2,0.01,0,3000,3.290281202311542,2.1102446617559387,2.0471187224152185,3.0,colosseum-309,309.0
colosseum,colosseum,2,0.01,0,3000,3.268736970087654,2.064557450763174,2.0177498151218995,3.0,colosseum-310,310.0
colosseum,colosseum,2,0.01,0,3000,3.1244668453304656,2.0760506442113735,2.0292460962180363,3.0,colosseum-311,311.0
colosseum,colosseum,2,0.01,0,3000,3.3809523841229145,2.111783966875081,2.0598519750447086,3.0,colosseum-312,312.0
colosseum,colosseum,2,0.01,0,3000,3.3335858612711484,2.1132496018695455,2.03925817597191,3.0,colosseum-313,313.0
colosseum,colosseum,2,0.01,0,3000,3.3318910517161977,2.120044531497245,2.0693673754816126,3.0,colosseum-314,314.0
colosseum,colosseum,2,0.05,0,3000,4.067280726962948,2.8075954731887482,2.6855915573303983,3.0,colosseum-330,330.0
colosseum,colosseum,2,0.05,0,3000,3.971339226961982,2.815245962908336,2.6959771419323353,3.0,colosseum-331,331.0
colosseum,colosseum,2,0.05,0,3000,3.9540711757353058,2.820878226255867,2.6352552492635035,3.0,colosseum-332,332.0
colosseum,colosseum,2,0.05,0,3000,3.9079181395338094,2.892423909324287,2.749647732800182,3.0,colosseum-333,333.0
colosseum,colosseum,2,0.05,0,3000,4.070257324857865,2.765548155602241,2.5867257521436158,3.0,colosseum-334,334.0
colosseum,colosseum,2,0.05,0,3000,3.9330626952060044,2.8069279418115056,2.672018325218773,3.0,colosseum-335,335.0
colosseum,colosseum,2,0.05,0,3000,3.917277161566566,2.725395229190031,2.554262646024386,3.0,colosseum-336,336.0
colosseum,colosseum,2,0.05,0,3000,3.9608013897828647,2.8732638122889695,2.7732701980916086,3.0,colosseum-337,337.0
colosseum,colosseum,2,0.05,0,3000,3.8351701109035576,2.706700133307912,2.528126970992074,3.0,colosseum-338,338.0
colosseum,colosseum,2,0.05,0,3000,4.003281078094022,2.768545228055164,2.585197016944219,3.0,colosseum-339,339.0
colosseum,colosseum,2,0.05,0,3000,4.10977777918558,2.790170273297602,2.621396701583417,3.0,colosseum-340,340.0
colosseum,colosseum,2,0.05,0,3000,4.0053236857958145,2.860045307797614,2.727951484565691,3.0,colosseum-341,341.0
colosseum,colosseum,2,0.05,0,3000,3.993500895086721,2.705252863757437,2.52550184235138,3.0,colosseum-342,342.0
colosseum,colosseum,2,0.05,0,3000,3.9544638494424174,2.7579154732603426,2.6107712757887316,3.0,colosseum-343,343.0
colosseum,colosseum,2,0.05,0,3000,4.045436992618604,2.8155215355679624,2.676455148879264,3.0,colosseum-344,344.0
colosseum,colosseum,2,0.1,0,3000,4.004867213633427,3.0272225672652056,2.970902988784254,3.0,colosseum-360,360.0
colosseum,colosseum,2,0.1,0,3000,3.9608215522717956,2.9469660123601242,2.859974290354328,3.0,colosseum-361,361.0
colosseum,colosseum,2,0.1,0,3000,4.039545917998544,2.9748105974975334,2.891245996903063,3.0,colosseum-362,362.0
colosseum,colosseum,2,0.1,0,3000,4.250015022842592,2.9901575274789858,2.951324834976132,3.0,colosseum-363,363.0
colosseum,colosseum,2,0.1,0,3000,3.8269169701069488,2.9783987582991935,2.9719408843280433,3.0,colosseum-364,364.0
colosseum,colosseum,2,0.1,0,3000,4.109698987947072,2.9815996632858286,2.858210368551837,3.0,colosseum-365,365.0
colosseum,colosseum,2,0.1,0,3000,4.18451265186579,3.036834316916384,2.9478575973525603,3.0,colosseum-366,366.0
colosseum,colosseum,2,0.1,0,3000,4.001082397103011,2.980079229638441,2.933808400201935,3.0,colosseum-367,367.0
colosseum,colosseum,2,0.1,0,3000,4.06231436472339,2.9408311894738537,2.850952211851426,3.0,colosseum-368,368.0
colosseum,colosseum,2,0.1,0,3000,4.098897875651749,3.0160895253629034,2.9698300064937024,3.0,colosseum-369,369.0
colosseum,colosseum,2,0.1,0,3000,4.0467826471898105,2.9782558140087283,2.8986079993029423,3.0,colosseum-370,370.0
colosseum,colosseum,2,0.1,0,3000,4.101473917653971,2.969970230036123,2.892684570133641,3.0,colosseum-371,371.0
colosseum,colosseum,2,0.1,0,3000,4.108237093951426,2.976841167730346,2.916480040569093,3.0,colosseum-372,372.0
colosseum,colosseum,2,0.1,0,3000,3.978543431906021,2.9782675884353957,2.922253252372308,3.0,colosseum-373,373.0
colosseum,colosseum,2,0.1,0,3000,4.069845491237713,2.988057748546139,2.9156272455948558,3.0,colosseum-374,374.0
colosseum,colosseum,2,0.2,0,3000,3.996899013385925,3.0021002810640094,2.9720159017898538,3.0,colosseum-390,390.0
colosseum,colosseum,2,0.2,0,3000,4.041587411528774,2.990438931651906,2.97240336482694,3.0,colosseum-391,391.0
colosseum,colosseum,2,0.2,0,3000,4.130777999265048,3.022955811155649,3.042229397530822,3.0,colosseum-392,392.0
colosseum,colosseum,2,0.2,0,3000,4.110465605438598,3.036364997340667,3.0166805312480824,3.0,colosseum-393,393.0
colosseum,colosseum,2,0.2,0,3000,4.107230098866361,3.0345318301157826,3.0244849744200266,3.0,colosseum-394,394.0
colosseum,colosseum,2,0.2,0,3000,4.112396272384146,3.057107090546621,3.026992641364138,3.0,colosseum-395,395.0
colosseum,colosseum,2,0.2,0,3000,4.303376985647515,3.054487880435635,2.999975762520978,3.0,colosseum-396,396.0
colosseum,colosseum,2,0.2,0,3000,4.187350958672833,3.0352048259097217,3.000246783892077,3.0,colosseum-397,397.0
colosseum,colosseum,2,0.2,0,3000,4.0871043630079145,3.0111043123641745,3.0004442449591453,3.0,colosseum-398,398.0
colosseum,colosseum,2,0.2,0,3000,3.9772172340155625,3.040610702340435,3.047663662658581,3.0,colosseum-399,399.0
colosseum,colosseum,2,0.2,0,3000,4.066584258962954,3.0320046343504607,3.0243937163827503,3.0,colosseum-400,400.0
colosseum,colosseum,2,0.2,0,3000,4.112266247914877,3.056338879902237,3.0118585649958236,3.0,colosseum-401,401.0
colosseum,colosseum,2,0.2,0,3000,4.237140996614485,3.044984662549033,3.0016515950654177,3.0,colosseum-402,402.0
colosseum,colosseum,2,0.2,0,3000,4.054373992739311,3.0477578368260207,3.0200393450577483,3.0,colosseum-403,403.0
colosseum,colosseum,2,0.2,0,3000,4.149147029230514,3.066878528520546,3.025261290843179,3.0,colosseum-404,404.0
colosseum,colosseum,3,0.01,0,3000,4.003153806305827,2.911674807965614,2.8528147427892567,4.0,colosseum-420,420.0
colosseum,colosseum,3,0.01,0,3000,3.938086149972594,2.934222736195023,2.8818258320037504,4.0,colosseum-421,421.0
colosseum,colosseum,3,0.01,0,3000,4.147642984529419,2.8882191042513465,2.8449832696603843,4.0,colosseum-422,422.0
colosseum,colosseum,3,0.01,0,3000,3.8880380714435763,2.8964990275042117,2.8567075088620415,4.0,colosseum-423,423.0
colosseum,colosseum,3,0.01,0,3000,3.922481777642729,2.9069515130986376,2.8767284778288746,4.0,colosseum-424,424.0
colosseum,colosseum,3,0.01,0,3000,4.010801148614213,2.869289820831605,2.852068028156147,4.0,colosseum-425,425.0
colosseum,colosseum,3,0.01,0,3000,3.9962885903290863,2.9237377117104675,2.8834438288295217,4.0,colosseum-426,426.0
colosseum,colosseum,3,0.01,0,3000,3.9137077633353594,2.866228838003996,2.850399944444569,4.0,colosseum-427,427.0
colosseum,colosseum,3,0.01,0,3000,3.825021458156158,2.894360403555432,2.874862041552735,4.0,colosseum-428,428.0
colosseum,colosseum,3,0.01,0,3000,3.9836459347353013,2.8708430643970804,2.833058276376782,4.0,colosseum-429,429.0
colosseum,colosseum,3,0.01,0,3000,3.793651450051981,2.8805483381763866,2.858979067677307,4.0,colosseum-430,430.0
colosseum,colosseum,3,0.01,0,3000,3.849672982807739,2.9043835974709564,2.856658814546568,4.0,colosseum-431,431.0
colosseum,colosseum,3,0.01,0,3000,4.032722428839669,2.872355001214022,2.8123320589072356,4.0,colosseum-432,432.0
colosseum,colosseum,3,0.01,0,3000,3.964161075287245,2.88805857687872,2.876103635412954,4.0,colosseum-433,433.0
colosseum,colosseum,3,0.01,0,3000,4.065551903227867,2.8850733233238444,2.8656315609850873,4.0,colosseum-434,434.0
colosseum,colosseum,3,0.05,0,3000,4.61442805456565,3.1751282350426164,3.032126391180647,4.0,colosseum-450,450.0
colosseum,colosseum,3,0.05,0,3000,4.925261394896016,3.2338673501593087,3.0882988046052655,4.0,colosseum-451,451.0
colosseum,colosseum,3,0.05,0,3000,4.7832798723828995,3.216787534425137,3.0732116682963992,4.0,colosseum-452,452.0
colosseum,colosseum,3,0.05,0,3000,4.698864861933165,3.190475699130939,3.0715617718159094,4.0,colosseum-453,453.0
colosseum,colosseum,3,0.05,0,3000,4.930944216229372,3.261148053650549,3.129713400924953,4.0,colosseum-454,454.0
colosseum,colosseum,3,0.05,0,3000,4.83383166994248,3.269587137818031,3.121150983940931,4.0,colosseum-455,455.0
colosseum,colosseum,3,0.05,0,3000,4.728721530368846,3.257726163766095,3.107229071079407,4.0,colosseum-456,456.0
colosseum,colosseum,3,0.05,0,3000,4.830585732790681,3.184651136070554,3.065519764664615,4.0,colosseum-457,457.0
colosseum,colosseum,3,0.05,0,3000,4.862554743567094,3.2241629937707175,3.121591429018917,4.0,colosseum-458,458.0
colosseum,colosseum,3,0.05,0,3000,4.735078919034531,3.2094793269265556,3.0590352812996073,4.0,colosseum-459,459.0
colosseum,colosseum,3,0.05,0,3000,4.831106801099251,3.2089530533494455,3.0762816218391604,4.0,colosseum-460,460.0
colosseum,colosseum,3,0.05,0,3000,4.836428324700597,3.206299680740632,3.080180665033451,4.0,colosseum-461,461.0
colosseum,colosseum,3,0.05,0,3000,4.788897451212836,3.2126409435256003,3.1006595100297845,4.0,colosseum-462,462.0
colosseum,colosseum,3,0.05,0,3000,4.8013898243513164,3.174619791153455,3.073318969638744,4.0,colosseum-463,463.0
colosseum,colosseum,3,0.05,0,3000,4.70637770747877,3.1605511845109384,3.052499423161684,4.0,colosseum-464,464.0
colosseum,colosseum,3,0.1,0,3000,5.192362594835274,3.6785516551330244,3.5209297745016506,4.0,colosseum-480,480.0
colosseum,colosseum,3,0.1,0,3000,5.292825530373294,3.64585134686561,3.4747509868305535,4.0,colosseum-481,481.0
colosseum,colosseum,3,0.1,0,3000,5.055337773270648,3.5463546063768128,3.380285060071755,4.0,colosseum-482,482.0
colosseum,colosseum,3,0.1,0,3000,5.114680862325939,3.616662263393641,3.482210079241545,4.0,colosseum-483,483.0
colosseum,colosseum,3,0.1,0,3000,5.129920060310205,3.625328474118315,3.475907019342123,4.0,colosseum-484,484.0
colosseum,colosseum,3,0.1,0,3000,5.268124368026193,3.661063289797176,3.47345642558697,4.0,colosseum-485,485.0
colosseum,colosseum,3,0.1,0,3000,5.157232211705232,3.564589553846393,3.38977868006194,4.0,colosseum-486,486.0
colosseum,colosseum,3,0.1,0,3000,5.2387932820549805,3.5523534752692862,3.368425837078652,4.0,colosseum-487,487.0
colosseum,colosseum,3,0.1,0,3000,4.964196014570255,3.545679016200659,3.403785250034684,4.0,colosseum-488,488.0
colosseum,colosseum,3,0.1,0,3000,5.117947165408046,3.6331873981510094,3.5224431255624196,4.0,colosseum-489,489.0
colosseum,colosseum,3,0.1,0,3000,5.2290545668481805,3.619961422941447,3.4628956582272465,4.0,colosseum-490,490.0
colosseum,colosseum,3,0.1,0,3000,5.106821521687104,3.6270912041052603,3.443459065392823,4.0,colosseum-491,491.0
colosseum,colosseum,3,0.1,0,3000,5.047752473925651,3.571396162469108,3.4377334359110656,4.0,colosseum-492,492.0
colosseum,colosseum,3,0.1,0,3000,5.101658355506496,3.544551264937516,3.395642148376838,4.0,colosseum-493,493.0
colosseum,colosseum,3,0.1,0,3000,5.153643121091105,3.6754016843859705,3.5142501260468078,4.0,colosseum-494,494.0
colosseum,colosseum,3,0.2,0,3000,5.24439787422525,3.948845526523207,3.882090903182237,4.0,colosseum-510,510.0
colosseum,colosseum,3,0.2,0,3000,5.370483727385586,3.8567092107630323,3.7874405468325296,4.0,colosseum-511,511.0
colosseum,colosseum,3,0.2,0,3000,5.200099368545549,3.903491699861744,3.825747410997007,4.0,colosseum-512,512.0
colosseum,colosseum,3,0.2,0,3000,5.40454182901582,3.920526618008753,3.8406488351635732,4.0,colosseum-513,513.0
colosseum,colosseum,3,0.2,0,3000,5.347289943304392,3.8679894522921168,3.7785679996188284,4.0,colosseum-514,514.0
colosseum,colosseum,3,0.2,0,3000,5.2895408717952614,3.857650135197536,3.756836033741359,4.0,colosseum-515,515.0
colosseum,colosseum,3,0.2,0,3000,5.192895654394727,3.842683553665051,3.7094390821169996,4.0,colosseum-516,516.0
colosseum,colosseum,3,0.2,0,3000,5.210034398807623,3.8583951177984575,3.7733245796550583,4.0,colosseum-517,517.0
colosseum,colosseum,3,0.2,0,3000,5.3264318936913,3.856665036051227,3.7889489059489763,4.0,colosseum-518,518.0
colosseum,colosseum,3,0.2,0,3000,5.102750104174594,3.85412809694328,3.8191244276524374,4.0,colosseum-519,519.0
colosseum,colosseum,3,0.2,0,3000,5.110435326245214,3.906479522284803,3.8157834068512506,4.0,colosseum-520,520.0
colosseum,colosseum,3,0.2,0,3000,5.3044181611339996,3.8922481508458033,3.761906038857328,4.0,colosseum-521,521.0
colosseum,colosseum,3,0.2,0,3000,5.328359508223374,3.900508718985943,3.763339846025069,4.0,colosseum-522,522.0
colosseum,colosseum,3,0.2,0,3000,5.343290508713158,3.920289802071124,3.7919599771043564,4.0,colosseum-523,523.0
colosseum,colosseum,3,0.2,0,3000,5.292436618854221,3.924320461020475,3.787577115742484,4.0,colosseum-524,524.0
colosseum,colosseum,4,0.01,0,3000,5.342796792326876,3.6912671386183376,3.6406044459964506,5.0,colosseum-540,540.0
colosseum,colosseum,4,0.01,0,3000,5.178672695890223,3.671246738887974,3.6410067402602424,5.0,colosseum-541,541.0
colosseum,colosseum,4,0.01,0,3000,5.01016402421597,3.7139593841628837,3.6780926536443475,5.0,colosseum-542,542.0
colosseum,colosseum,4,0.01,0,3000,4.966296956734627,3.674612630713373,3.6292795036796517,5.0,colosseum-543,543.0
colosseum,colosseum,4,0.01,0,3000,5.039448609090777,3.6772367734293665,3.6551677850724005,5.0,colosseum-544,544.0
colosseum,colosseum,4,0.01,0,3000,4.950369126917278,3.7066537362768406,3.631673062824535,5.0,colosseum-545,545.0
colosseum,colosseum,4,0.01,0,3000,5.061135044247865,3.647669731266508,3.574275727265894,5.0,colosseum-546,546.0
colosseum,colosseum,4,0.01,0,3000,5.113085410759718,3.7227099180894427,3.629571617319308,5.0,colosseum-547,547.0
colosseum,colosseum,4,0.01,0,3000,5.170307797881888,3.7198764330697607,3.643536515718304,5.0,colosseum-548,548.0
colosseum,colosseum,4,0.01,0,3000,5.270365968916751,3.7315175586006952,3.6713310595152544,5.0,colosseum-549,549.0
colosseum,colosseum,4,0.01,0,3000,5.062780851447985,3.7231617483521866,3.6744227057031313,5.0,colosseum-550,550.0
colosseum,colosseum,4,0.01,0,3000,5.192666533813301,3.711814404049118,3.6646976823859756,5.0,colosseum-551,551.0
colosseum,colosseum,4,0.01,0,3000,5.218161825844372,3.7048606826145103,3.658138953910006,5.0,colosseum-552,552.0
colosseum,colosseum,4,0.01,0,3000,5.224906237318046,3.7342186705041494,3.6739862401214807,5.0,colosseum-553,553.0
colosseum,colosseum,4,0.01,0,3000,5.253491266964775,3.7546498470603935,3.7020357266593686,5.0,colosseum-554,554.0
colosseum,colosseum,4,0.05,0,3000,5.602336280053393,3.854201651664757,3.78201906385308,5.0,colosseum-570,570.0
colosseum,colosseum,4,0.05,0,3000,5.51034331235362,3.842701256009404,3.749244063625007,5.0,colosseum-571,571.0
colosseum,colosseum,4,0.05,0,3000,5.333497767891859,3.820099566966062,3.7678878049423408,5.0,colosseum-572,572.0
colosseum,colosseum,4,0.05,0,3000,5.4276383033414,3.8143575449742952,3.723611181379798,5.0,colosseum-573,573.0
colosseum,colosseum,4,0.05,0,3000,5.7848232992737705,3.887705159454654,3.772699758407619,5.0,colosseum-574,574.0
colosseum,colosseum,4,0.05,0,3000,5.528390171460051,3.8745914111119104,3.796214977639783,5.0,colosseum-575,575.0
colosseum,colosseum,4,0.05,0,3000,5.5792362609118795,3.8613176675719867,3.7916321913703737,5.0,colosseum-576,576.0
colosseum,colosseum,4,0.05,0,3000,5.363461036924403,3.8116966526807823,3.7445909256863334,5.0,colosseum-577,577.0
colosseum,colosseum,4,0.05,0,3000,5.420127464657422,3.876819357895633,3.790472020397891,5.0,colosseum-578,578.0
colosseum,colosseum,4,0.05,0,3000,5.668329007817329,3.8857040136560586,3.7995432026528335,5.0,colosseum-579,579.0
colosseum,colosseum,4,0.05,0,3000,5.719271020772618,3.9225281696660557,3.8381441984082065,5.0,colosseum-580,580.0
colosseum,colosseum,4,0.05,0,3000,5.23981165243366,3.885201907567764,3.8083240602825637,5.0,colosseum-581,581.0
colosseum,colosseum,4,0.05,0,3000,5.41135528172009,3.7950327097323666,3.7295084851784064,5.0,colosseum-582,582.0
colosseum,colosseum,4,0.05,0,3000,5.521298585040184,3.840081729458417,3.7744505347743433,5.0,colosseum-583,583.0
colosseum,colosseum,4,0.05,0,3000,5.493213561353405,3.881757669290169,3.790759911072481,5.0,colosseum-584,584.0
colosseum,colosseum,4,0.1,0,3000,5.833670060158534,4.148219136804387,4.017298357345505,5.0,colosseum-600,600.0
colosseum,colosseum,4,0.1,0,3000,5.880456367589843,4.1318974156095285,3.9923217676778022,5.0,colosseum-601,601.0
colosseum,colosseum,4,0.1,0,3000,6.257507113729751,4.189773635160523,4.005447705265855,5.0,colosseum-602,602.0
colosseum,colosseum,4,0.1,0,3000,6.0232796332375775,4.141044692859838,3.9534369498526356,5.0,colosseum-603,603.0
colosseum,colosseum,4,0.1,0,3000,5.982392528545309,4.2631887082458135,4.112421826749144,5.0,colosseum-604,604.0
colosseum,colosseum,4,0.1,0,3000,6.309641999750726,4.2576911028049045,4.079400372758589,5.0,colosseum-605,605.0
colosseum,colosseum,4,0.1,0,3000,6.331405380331727,4.126098414545865,4.006918427515748,5.0,colosseum-606,606.0
colosseum,colosseum,4,0.1,0,3000,6.2036096254140345,4.289674175243709,4.087854022109862,5.0,colosseum-607,607.0
colosseum,colosseum,4,0.1,0,3000,6.028065116414864,4.3027175045267665,4.150173840209086,5.0,colosseum-608,608.0
colosseum,colosseum,4,0.1,0,3000,6.277601345790034,4.299312044985371,4.137213166616469,5.0,colosseum-609,609.0
colosseum,colosseum,4,0.1,0,3000,6.014584618514383,4.182166656915863,4.034761495055883,5.0,colosseum-610,610.0
colosseum,colosseum,4,0.1,0,3000,6.08724460424971,4.125805027760702,4.005185984931922,5.0,colosseum-611,611.0
colosseum,colosseum,4,0.1,0,3000,5.827173173388878,4.132445438261429,3.98183800320082,5.0,colosseum-612,612.0
colosseum,colosseum,4,0.1,0,3000,6.160952782495651,4.205382781323975,4.023973580949959,5.0,colosseum-613,613.0
colosseum,colosseum,4,0.1,0,3000,6.1962026526377825,4.139929908280559,4.006843332817679,5.0,colosseum-614,614.0
colosseum,colosseum,4,0.2,0,3000,6.516093160687196,4.612159405872439,4.453366397532209,5.0,colosseum-630,630.0
colosseum,colosseum,4,0.2,0,3000,6.610341706173455,4.647800444839636,4.501567663635831,5.0,colosseum-631,631.0
colosseum,colosseum,4,0.2,0,3000,6.575160190529176,4.618537400808144,4.468691959090193,5.0,colosseum-632,632.0
colosseum,colosseum,4,0.2,0,3000,6.405800559848783,4.627221654112297,4.502039560672709,5.0,colosseum-633,633.0
colosseum,colosseum,4,0.2,0,3000,6.742997219411635,4.698455899584741,4.5779864706238165,5.0,colosseum-634,634.0
colosseum,colosseum,4,0.2,0,3000,6.359110820353538,4.527227338370733,4.398975831775186,5.0,colosseum-635,635.0
colosseum,colosseum,4,0.2,0,3000,6.387472556049946,4.650012004999794,4.455975370773727,5.0,colosseum-636,636.0
colosseum,colosseum,4,0.2,0,3000,6.768453173994082,4.634374269814345,4.492636697810955,5.0,colosseum-637,637.0
colosseum,colosseum,4,0.2,0,3000,6.678713262030807,4.648069815048115,4.441123490390851,5.0,colosseum-638,638.0
colosseum,colosseum,4,0.2,0,3000,6.422474562191812,4.644708007779361,4.470397160584875,5.0,colosseum-639,639.0
colosseum,colosseum,4,0.2,0,3000,6.563165462216306,4.606810957442014,4.444741342145603,5.0,colosseum-640,640.0
colosseum,colosseum,4,0.2,0,3000,6.667755973491458,4.720768370764281,4.528827445779934,5.0,colosseum-641,641.0
colosseum,colosseum,4,0.2,0,3000,6.410632799557141,4.6967442146497325,4.545857827898719,5.0,colosseum-642,642.0
colosseum,colosseum,4,0.2,0,3000,6.444611163376417,4.569306165152353,4.415223386945211,5.0,colosseum-643,643.0
colosseum,colosseum,4,0.2,0,3000,6.468428999351594,4.629966958057799,4.4934774573480265,5.0,colosseum-644,644.0
colosseum,colosseum,5,0.01,0,3000,6.318990930761741,4.55275647378279,4.45968580781231,6.0,colosseum-660,660.0
colosseum,colosseum,5,0.01,0,3000,6.105438242308139,4.5155415893467055,4.407105524078297,6.0,colosseum-661,661.0
colosseum,colosseum,5,0.01,0,3000,6.272671965785634,4.506200527861857,4.474146685263536,6.0,colosseum-662,662.0
colosseum,colosseum,5,0.01,0,3000,6.080424240903257,4.472408136429437,4.393314160394922,6.0,colosseum-663,663.0
colosseum,colosseum,5,0.01,0,3000,6.271666528781224,4.489632116197973,4.398260774693097,6.0,colosseum-664,664.0
colosseum,colosseum,5,0.01,0,3000,6.098342116659195,4.41063849133898,4.357819266331882,6.0,colosseum-665,665.0
colosseum,colosseum,5,0.01,0,3000,6.476106853815102,4.462586145430599,4.394918584225749,6.0,colosseum-666,666.0
colosseum,colosseum,5,0.01,0,3000,6.193006643640632,4.537977924471162,4.466515178204268,6.0,colosseum-667,667.0
colosseum,colosseum,5,0.01,0,3000,6.352146606748277,4.5281839675650835,4.463607707484667,6.0,colosseum-668,668.0
colosseum,colosseum,5,0.01,0,3000,6.35068341069442,4.5130982807737325,4.436546670668171,6.0,colosseum-669,669.0
colosseum,colosseum,5,0.01,0,3000,6.363608729104023,4.475880159809913,4.402289420282561,6.0,colosseum-670,670.0
colosseum,colosseum,5,0.01,0,3000,6.14478421129476,4.521941946230704,4.439430876608681,6.0,colosseum-671,671.0
colosseum,colosseum,5,0.01,0,3000,6.008210043510503,4.551374717832017,4.438730724588708,6.0,colosseum-672,672.0
colosseum,colosseum,5,0.01,0,3000,6.015806415937441,4.53228173924594,4.483523776505748,6.0,colosseum-673,673.0
colosseum,colosseum,5,0.01,0,3000,6.4377303066088984,4.467148388880836,4.354875042994731,6.0,colosseum-674,674.0
colosseum,colosseum,5,0.05,0,3000,6.3530571662940005,4.553688998632543,4.453680700248625,6.0,colosseum-690,690.0
colosseum,colosseum,5,0.05,0,3000,6.4977047547172395,4.5343577070107,4.5084923811869695,6.0,colosseum-691,691.0
colosseum,colosseum,5,0.05,0,3000,6.342967028883801,4.555290713086233,4.492600365274647,6.0,colosseum-692,692.0
colosseum,colosseum,5,0.05,0,3000,6.512707468076505,4.652703979867528,4.55196342519584,6.0,colosseum-693,693.0
colosseum,colosseum,5,0.05,0,3000,6.319712231263623,4.570520361091854,4.4830429314318465,6.0,colosseum-694,694.0
colosseum,colosseum,5,0.05,0,3000,6.363060605392894,4.57197591584803,4.49389766102439,6.0,colosseum-695,695.0
colosseum,colosseum,5,0.05,0,3000,6.784340503542203,4.605928298534883,4.512160055008781,6.0,colosseum-696,696.0
colosseum,colosseum,5,0.05,0,3000,6.549666007210506,4.638129908968204,4.532562935927262,6.0,colosseum-697,697.0
colosseum,colosseum,5,0.05,0,3000,6.609714822641957,4.613454718964814,4.534369014480924,6.0,colosseum-698,698.0
colosseum,colosseum,5,0.05,0,3000,6.149108706913946,4.587431696104793,4.455425071623054,6.0,colosseum-699,699.0
colosseum,colosseum,5,0.05,0,3000,6.47489438937067,4.460047525058608,4.401025875930897,6.0,colosseum-700,700.0
colosseum,colosseum,5,0.05,0,3000,6.551825109070521,4.634786383990028,4.5051541931578205,6.0,colosseum-701,701.0
colosseum,colosseum,5,0.05,0,3000,6.468486224478546,4.580296701578308,4.479152741150513,6.0,colosseum-702,702.0
colosseum,colosseum,5,0.05,0,3000,6.611067037117391,4.597416057758563,4.478312980416315,6.0,colosseum-703,703.0
colosseum,colosseum,5,0.05,0,3000,6.3312345708722875,4.548451271998541,4.447048668370866,6.0,colosseum-704,704.0
colosseum,colosseum,5,0.1,0,3000,6.6385272012631065,4.7789001827024595,4.648502497247527,6.0,colosseum-720,720.0
colosseum,colosseum,5,0.1,0,3000,6.921661952343524,4.806883737176719,4.682178231688968,6.0,colosseum-721,721.0
colosseum,colosseum,5,0.1,0,3000,6.986616084068642,4.814456924906143,4.697165755064182,6.0,colosseum-722,722.0
colosseum,colosseum,5,0.1,0,3000,6.810286086909711,4.845568003128504,4.6816708489706595,6.0,colosseum-723,723.0
colosseum,colosseum,5,0.1,0,3000,6.818149359772803,4.813579030497572,4.680871199425943,6.0,colosseum-724,724.0
colosseum,colosseum,5,0.1,0,3000,7.190388546290947,4.764218437143303,4.641081689247294,6.0,colosseum-725,725.0
colosseum,colosseum,5,0.1,0,3000,7.06693483437576,4.7841432954199865,4.68283451326297,6.0,colosseum-726,726.0
colosseum,colosseum,5,0.1,0,3000,6.581451927647468,4.775574515295097,4.647630420318633,6.0,colosseum-727,727.0
colosseum,colosseum,5,0.1,0,3000,6.738279476800404,4.749533543474965,4.634061243601491,6.0,colosseum-728,728.0
colosseum,colosseum,5,0.1,0,3000,6.830080006468508,4.795580083065063,4.666502731177678,6.0,colosseum-729,729.0
colosseum,colosseum,5,0.1,0,3000,6.887029697990091,4.761123226273359,4.674677642165437,6.0,colosseum-730,730.0
colosseum,colosseum,5,0.1,0,3000,6.814409398224183,4.815525338945061,4.665777764377662,6.0,colosseum-731,731.0
colosseum,colosseum,5,0.1,0,3000,6.770800029357537,4.801759157374746,4.654781908648458,6.0,colosseum-732,732.0
colosseum,colosseum,5,0.1,0,3000,6.92257580996559,4.769586952518942,4.626024687017236,6.0,colosseum-733,733.0
colosseum,colosseum,5,0.1,0,3000,7.164368261882269,4.782431303797969,4.6401619980763265,6.0,colosseum-734,734.0
colosseum,colosseum,5,0.2,0,3000,7.643702039496366,5.252923502569839,5.094908657806386,6.0,colosseum-750,750.0
colosseum,colosseum,5,0.2,0,3000,7.289997683205501,5.28550982928464,5.207406785790342,6.0,colosseum-751,751.0
colosseum,colosseum,5,0.2,0,3000,7.740934568620958,5.315372221514918,5.164973601811234,6.0,colosseum-752,752.0
colosseum,colosseum,5,0.2,0,3000,7.856180372466206,5.389380975852843,5.187355184349686,6.0,colosseum-753,753.0
colosseum,colosseum,5,0.2,0,3000,7.542080365484064,5.267310733480413,5.106460845793024,6.0,colosseum-754,754.0
colosseum,colosseum,5,0.2,0,3000,7.604876253449413,5.328657182593466,5.181028673897659,6.0,colosseum-755,755.0
colosseum,colosseum,5,0.2,0,3000,7.573482662991949,5.332009791893236,5.088548159382226,6.0,colosseum-756,756.0
colosseum,colosseum,5,0.2,0,3000,7.347678209437774,5.348162445015206,5.173348434864384,6.0,colosseum-757,757.0
colosseum,colosseum,5,0.2,0,3000,7.7213757675754,5.293116620789041,5.103656600085008,6.0,colosseum-758,758.0
colosseum,colosseum,5,0.2,0,3000,7.644092116767745,5.2967787862362306,5.104654782372083,6.0,colosseum-759,759.0
colosseum,colosseum,5,0.2,0,3000,7.51925236419448,5.296758044083431,5.1335253500793545,6.0,colosseum-760,760.0
colosseum,colosseum,5,0.2,0,3000,7.515607910257666,5.2877915448969315,5.183925055348924,6.0,colosseum-761,761.0
colosseum,colosseum,5,0.2,0,3000,7.627728893242336,5.389282742084102,5.168829056697438,6.0,colosseum-762,762.0
colosseum,colosseum,5,0.2,0,3000,7.457002550286535,5.275653640903885,5.1056641188263105,6.0,colosseum-763,763.0
colosseum,colosseum,5,0.2,0,3000,7.525830033778427,5.304698198914695,5.078151569879555,6.0,colosseum-764,764.0
colosseum,colosseum,6,0.01,0,3000,7.438731763384076,5.3236055917275715,5.1894460591489615,7.0,colosseum-780,780.0
colosseum,colosseum,6,0.01,0,3000,7.292783662110556,5.26688163299203,5.180068585353761,7.0,colosseum-781,781.0
colosseum,colosseum,6,0.01,0,3000,7.010292919898632,5.184321294882033,5.100132716156064,7.0,colosseum-782,782.0
colosseum,colosseum,6,0.01,0,3000,7.45428054943832,5.285004000535591,5.160081457724341,7.0,colosseum-783,783.0
colosseum,colosseum,6,0.01,0,3000,7.519846962699175,5.227849474528997,5.141278130725143,7.0,colosseum-784,784.0
colosseum,colosseum,6,0.01,0,3000,6.993392076467971,5.122789993212016,5.093990991427799,7.0,colosseum-785,785.0
colosseum,colosseum,6,0.01,0,3000,7.337687272763756,5.242637901953817,5.219690167752985,7.0,colosseum-786,786.0
colosseum,colosseum,6,0.01,0,3000,7.055490618050839,5.199134888979722,5.125487500221265,7.0,colosseum-787,787.0
colosseum,colosseum,6,0.01,0,3000,7.116669826255148,5.215919422484003,5.155586880644177,7.0,colosseum-788,788.0
colosseum,colosseum,6,0.01,0,3000,7.229835984133518,5.250821524105117,5.1521472286105,7.0,colosseum-789,789.0
colosseum,colosseum,6,0.01,0,3000,7.032526925880384,5.1492433075052375,5.067641984763244,7.0,colosseum-790,790.0
colosseum,colosseum,6,0.01,0,3000,7.219600113639887,5.240069706186018,5.187588133735449,7.0,colosseum-791,791.0
colosseum,colosseum,6,0.01,0,3000,7.6598003121072,5.317392292135443,5.174043738936694,7.0,colosseum-792,792.0
colosseum,colosseum,6,0.01,0,3000,7.376332644550194,5.303811099013809,5.164551291314521,7.0,colosseum-793,793.0
colosseum,colosseum,6,0.01,0,3000,7.0221688276332035,5.198326813421753,5.120156538556262,7.0,colosseum-794,794.0
colosseum,colosseum,6,0.05,0,3000,7.547377971881345,5.256482070509458,5.160963193163871,7.0,colosseum-810,810.0
colosseum,colosseum,6,0.05,0,3000,7.656023773258789,5.272618900323085,5.150171624230953,7.0,colosseum-811,811.0
colosseum,colosseum,6,0.05,0,3000,7.238608205752985,5.280894222696169,5.191779182957364,7.0,colosseum-812,812.0
colosseum,colosseum,6,0.05,0,3000,7.424676842607058,5.350686022084035,5.240152556119977,7.0,colosseum-813,813.0
colosseum,colosseum,6,0.05,0,3000,7.4180283432295155,5.304035255109668,5.208836625178523,7.0,colosseum-814,814.0
colosseum,colosseum,6,0.05,0,3000,7.222896015058409,5.249617083512148,5.158290228015125,7.0,colosseum-815,815.0
colosseum,colosseum,6,0.05,0,3000,7.57626610637726,5.375936691126114,5.24141447603654,7.0,colosseum-816,816.0
colosseum,colosseum,6,0.05,0,3000,7.515057443477186,5.322233043745402,5.232712000438049,7.0,colosseum-817,817.0
colosseum,colosseum,6,0.05,0,3000,7.521808383178464,5.339056902098806,5.199339901972155,7.0,colosseum-818,818.0
colosseum,colosseum,6,0.05,0,3000,7.702183014762887,5.348365359760646,5.267306394191502,7.0,colosseum-819,819.0
colosseum,colosseum,6,0.05,0,3000,7.627402180048691,5.32536343618526,5.213294995021386,7.0,colosseum-820,820.0
colosseum,colosseum,6,0.05,0,3000,7.635474958827885,5.343636515968719,5.198209726010188,7.0,colosseum-821,821.0
colosseum,colosseum,6,0.05,0,3000,7.236719158484726,5.233725756141081,5.151242927972363,7.0,colosseum-822,822.0
colosseum,colosseum,6,0.05,0,3000,7.488546760699328,5.230119871222647,5.198598407992459,7.0,colosseum-823,823.0
colosseum,colosseum,6,0.05,0,3000,7.470799351374339,5.360299079742836,5.257735580360338,7.0,colosseum-824,824.0
colosseum,colosseum,6,0.1,0,3000,8.18476245998664,5.542579113789131,5.3640462372602835,7.0,colosseum-840,840.0
colosseum,colosseum,6,0.1,0,3000,7.853629235330118,5.374921414252224,5.290682181884965,7.0,colosseum-841,841.0
colosseum,colosseum,6,0.1,0,3000,7.583244638505645,5.48625931311276,5.348426979071519,7.0,colosseum-842,842.0
colosseum,colosseum,6,0.1,0,3000,8.099424698374573,5.542381834837411,5.338513517163203,7.0,colosseum-843,843.0
colosseum,colosseum,6,0.1,0,3000,7.766772096420403,5.600371162815616,5.373237552355336,7.0,colosseum-844,844.0
colosseum,colosseum,6,0.1,0,3000,7.857255985663926,5.57966465363611,5.406068479208408,7.0,colosseum-845,845.0
colosseum,colosseum,6,0.1,0,3000,7.629492608525868,5.450295991892272,5.316490561749809,7.0,colosseum-846,846.0
colosseum,colosseum,6,0.1,0,3000,8.018721024088077,5.436157727192408,5.296844908770637,7.0,colosseum-847,847.0
colosseum,colosseum,6,0.1,0,3000,7.6131422985829555,5.48078408192556,5.3545016083024555,7.0,colosseum-848,848.0
colosseum,colosseum,6,0.1,0,3000,7.449677703307135,5.4437831646859065,5.298717319392013,7.0,colosseum-849,849.0
colosseum,colosseum,6,0.1,0,3000,7.80032461663539,5.461182428629935,5.335883143263145,7.0,colosseum-850,850.0
colosseum,colosseum,6,0.1,0,3000,7.852593304817948,5.511908623050632,5.397704377324585,7.0,colosseum-851,851.0
colosseum,colosseum,6,0.1,0,3000,7.827155000218725,5.515819311433533,5.365563617817714,7.0,colosseum-852,852.0
colosseum,colosseum,6,0.1,0,3000,7.781046121595205,5.565122199811054,5.424119908511256,7.0,colosseum-853,853.0
colosseum,colosseum,6,0.1,0,3000,7.89996213820374,5.577160299995681,5.412133541988623,7.0,colosseum-854,854.0
colosseum,colosseum,6,0.2,0,3000,8.391705019660582,5.920855133792522,5.788147754411696,7.0,colosseum-870,870.0
colosseum,colosseum,6,0.2,0,3000,8.173126036274374,5.946525374682992,5.79848279680848,7.0,colosseum-871,871.0
colosseum,colosseum,6,0.2,0,3000,8.67660565801224,6.030819768849295,5.808667220363462,7.0,colosseum-872,872.0
colosseum,colosseum,6,0.2,0,3000,8.632897966023748,5.905163033863723,5.703833046425063,7.0,colosseum-873,873.0
colosseum,colosseum,6,0.2,0,3000,9.364667129799598,6.116279558605165,5.857194499585554,7.0,colosseum-874,874.0
colosseum,colosseum,6,0.2,0,3000,8.468694810873465,6.03230338822182,5.817039704721564,7.0,colosseum-875,875.0
colosseum,colosseum,6,0.2,0,3000,8.240669639472099,5.910187206435157,5.7489916468050275,7.0,colosseum-876,876.0
colosseum,colosseum,6,0.2,0,3000,8.57243549935628,6.057569773556527,5.847456101059072,7.0,colosseum-877,877.0
colosseum,colosseum,6,0.2,0,3000,8.237235880668255,5.948673198135725,5.807977964514505,7.0,colosseum-878,878.0
colosseum,colosseum,6,0.2,0,3000,8.708086284784955,6.1091902946687755,5.864357734942433,7.0,colosseum-879,879.0
colosseum,colosseum,6,0.2,0,3000,8.581481564831266,5.866208841690174,5.732428241355606,7.0,colosseum-880,880.0
colosseum,colosseum,6,0.2,0,3000,8.229832105172466,5.943937487565504,5.744220296363756,7.0,colosseum-881,881.0
colosseum,colosseum,6,0.2,0,3000,8.526053513590416,5.9295808983642635,5.778808428157815,7.0,colosseum-882,882.0
colosseum,colosseum,6,0.2,0,3000,8.631051516585252,6.051390982071333,5.874077622579251,7.0,colosseum-883,883.0
colosseum,colosseum,6,0.2,0,3000,8.383335541138141,6.030282129607743,5.81317682485081,7.0,colosseum-884,884.0
