d,seed,corruption,est,chan,field_r
3,0,A_oracle,oracle,v4_m60,0.9739670836186933
3,0,A_oracle,oracle,v4_m120,0.9452924884316702
3,0,A_oracle,oracle,v3_defect,0.38769490960498865
3,0,A_oracle,oracle,sent,0.5896264514481838
3,0,A_oracle,oracle,ent_cak,0.6730135351049205
3,0,A_oracle,oracle,frac,0.8797166736577468
3,0,A_oracle,oracle,kappa,0.46544486923261
3,0,B,plain,v4_m60,0.7719207024226205
3,0,B,plain,v4_m120,0.8905810092873448
3,0,B,plain,v3_defect,0.34775004424571904
3,0,B,plain,sent,0.6626802830122631
3,0,B,plain,ent_cak,0.6831860007594992
3,0,B,plain,frac,0.7902593663716045
3,0,B,plain,kappa,0.4594637449969162
3,0,B,nugget,v4_m60,0.6867323646373737
3,0,B,nugget,v4_m120,0.8565193105532066
3,0,B,nugget,v3_defect,0.588038217074787
3,0,B,nugget,sent,0.6345105872493348
3,0,B,nugget,ent_cak,0.6562797999238587
3,0,B,nugget,frac,0.7962349936087169
3,0,B,nugget,kappa,0.40318254447543384
3,0,B,pca,v4_m60,0.6804623547509487
3,0,B,pca,v4_m120,0.8745448045975052
3,0,B,pca,v3_defect,0.5525984030415189
3,0,B,pca,sent,0.7188613400173289
3,0,B,pca,ent_cak,0.6617568240860773
3,0,B,pca,frac,0.8321653432792966
3,0,B,pca,kappa,0.5528938441273396
3,0,B,diffusion_t4,v4_m60,0.18265447527820866
3,0,B,diffusion_t4,v4_m120,0.19299478531887118
3,0,B,diffusion_t4,v3_defect,0.4464989289833122
3,0,B,diffusion_t4,sent,0.7805396460709616
3,0,B,diffusion_t4,ent_cak,0.40101718373767675
3,0,B,diffusion_t4,frac,0.901302590638019
3,0,B,diffusion_t4,kappa,0.23412733602359218
3,0,B,diffusion_t8,v4_m60,0.3252922233982037
3,0,B,diffusion_t8,v4_m120,0.4399238184564866
3,0,B,diffusion_t8,v3_defect,0.56963922683064
3,0,B,diffusion_t8,sent,0.8219669744313457
3,0,B,diffusion_t8,ent_cak,-0.5782805370081521
3,0,B,diffusion_t8,frac,0.895618438091086
3,0,B,diffusion_t8,kappa,0.79925887356786
3,0,B,heatgeo_t2,v4_m60,-0.7003533410824285
3,0,B,heatgeo_t2,v4_m120,-0.6361722394651551
3,0,B,heatgeo_t2,v3_defect,0.5931137115393866
3,0,B,heatgeo_t2,sent,0.5359843168269969
3,0,B,heatgeo_t2,ent_cak,-0.6217352074570843
3,0,B,heatgeo_t2,frac,
3,0,B,heatgeo_t2,kappa,-0.13525178059192627
3,0,B,heatgeo_t8,v4_m60,-0.7636816249020013
3,0,B,heatgeo_t8,v4_m120,-0.76749334509105
3,0,B,heatgeo_t8,v3_defect,
3,0,B,heatgeo_t8,sent,0.6301002052732061
3,0,B,heatgeo_t8,ent_cak,
3,0,B,heatgeo_t8,frac,
3,0,B,heatgeo_t8,kappa,-0.18971132880660138
3,0,C05,plain,v4_m60,0.4291984360708458
3,0,C05,plain,v4_m120,0.724509077072181
3,0,C05,plain,v3_defect,0.2632881252345906
3,0,C05,plain,sent,0.5062329939404971
3,0,C05,plain,ent_cak,0.595806010371095
3,0,C05,plain,frac,0.6363481403789596
3,0,C05,plain,kappa,0.4035481062018105
3,0,C05,nugget,v4_m60,0.40673876289085675
3,0,C05,nugget,v4_m120,0.6402598434428561
3,0,C05,nugget,v3_defect,0.44742137416227223
3,0,C05,nugget,sent,0.4747470801390031
3,0,C05,nugget,ent_cak,0.6002138313961111
3,0,C05,nugget,frac,0.6090266366042391
3,0,C05,nugget,kappa,0.47216304742622345
3,0,C05,pca,v4_m60,0.6153093028320307
3,0,C05,pca,v4_m120,0.818873806314603
3,0,C05,pca,v3_defect,0.596706081271059
3,0,C05,pca,sent,0.6726347365567891
3,0,C05,pca,ent_cak,0.6313879500118805
3,0,C05,pca,frac,0.6895778137166542
3,0,C05,pca,kappa,0.3212349355673943
3,0,C05,diffusion_t4,v4_m60,0.06961535746313853
3,0,C05,diffusion_t4,v4_m120,0.12396046377245795
3,0,C05,diffusion_t4,v3_defect,0.4071025980293576
3,0,C05,diffusion_t4,sent,0.5710567882836001
3,0,C05,diffusion_t4,ent_cak,0.17635144858623336
3,0,C05,diffusion_t4,frac,0.6607949985230129
3,0,C05,diffusion_t4,kappa,0.42836829864510245
3,0,C05,diffusion_t8,v4_m60,0.2288307255716748
3,0,C05,diffusion_t8,v4_m120,0.437891346168414
3,0,C05,diffusion_t8,v3_defect,0.47222487021850507
3,0,C05,diffusion_t8,sent,0.5147439053789414
3,0,C05,diffusion_t8,ent_cak,-0.3995536167077357
3,0,C05,diffusion_t8,frac,0.568313849614508
3,0,C05,diffusion_t8,kappa,0.5708261148918031
3,0,C05,heatgeo_t2,v4_m60,0.11883993951541574
3,0,C05,heatgeo_t2,v4_m120,0.05020670897390612
3,0,C05,heatgeo_t2,v3_defect,0.5801832781622817
3,0,C05,heatgeo_t2,sent,0.4197332135053666
3,0,C05,heatgeo_t2,ent_cak,-0.4589571113384684
3,0,C05,heatgeo_t2,frac,0.14865848768629325
3,0,C05,heatgeo_t2,kappa,0.007583124329195428
3,0,C05,heatgeo_t8,v4_m60,-0.4128165451779663
3,0,C05,heatgeo_t8,v4_m120,-0.4492711874243272
3,0,C05,heatgeo_t8,v3_defect,
3,0,C05,heatgeo_t8,sent,0.4957683100275008
3,0,C05,heatgeo_t8,ent_cak,
3,0,C05,heatgeo_t8,frac,
3,0,C05,heatgeo_t8,kappa,
3,0,C17,plain,v4_m60,0.22146007441667684
3,0,C17,plain,v4_m120,0.2657721529038907
3,0,C17,plain,v3_defect,-0.25026225128756296
3,0,C17,plain,sent,0.1366597917445112
3,0,C17,plain,ent_cak,0.3242134178357371
3,0,C17,plain,frac,-0.23029064776423486
3,0,C17,plain,kappa,0.2527141592604375
3,0,C17,nugget,v4_m60,0.30059492060474996
3,0,C17,nugget,v4_m120,0.3569660395994934
3,0,C17,nugget,v3_defect,-0.3129766177135409
3,0,C17,nugget,sent,0.18989692086498167
3,0,C17,nugget,ent_cak,0.3128387582600282
3,0,C17,nugget,frac,0.16909282390085908
3,0,C17,nugget,kappa,0.308289221565451
3,0,C17,pca,v4_m60,0.2731225463237747
3,0,C17,pca,v4_m120,0.33931026402993847
3,0,C17,pca,v3_defect,-0.39657460834994795
3,0,C17,pca,sent,0.2918303307749275
3,0,C17,pca,ent_cak,0.3271879144213124
3,0,C17,pca,frac,-0.13803269904759863
3,0,C17,pca,kappa,0.33900848107432846
3,0,C17,diffusion_t4,v4_m60,-0.0407224240600397
3,0,C17,diffusion_t4,v4_m120,-0.032865855601738075
3,0,C17,diffusion_t4,v3_defect,-0.3331231881312327
3,0,C17,diffusion_t4,sent,-0.3536917691267876
3,0,C17,diffusion_t4,ent_cak,0.25590857419555624
3,0,C17,diffusion_t4,frac,-0.3505316296737033
3,0,C17,diffusion_t4,kappa,-0.30115898551798503
3,0,C17,diffusion_t8,v4_m60,-0.004451719126783381
3,0,C17,diffusion_t8,v4_m120,-0.08706542221976711
3,0,C17,diffusion_t8,v3_defect,-0.2518696264745336
3,0,C17,diffusion_t8,sent,-0.36731929132517976
3,0,C17,diffusion_t8,ent_cak,0.32541442413869737
3,0,C17,diffusion_t8,frac,-0.3894675787795399
3,0,C17,diffusion_t8,kappa,-0.42062870010505327
3,0,C17,heatgeo_t2,v4_m60,0.2774120507610699
3,0,C17,heatgeo_t2,v4_m120,0.37608067875124085
3,0,C17,heatgeo_t2,v3_defect,0.25655459747065357
3,0,C17,heatgeo_t2,sent,0.006154584254997594
3,0,C17,heatgeo_t2,ent_cak,-0.2429925200640516
3,0,C17,heatgeo_t2,frac,0.35180310400777826
3,0,C17,heatgeo_t2,kappa,0.18090735328441493
3,0,C17,heatgeo_t8,v4_m60,0.43426636282237274
3,0,C17,heatgeo_t8,v4_m120,0.39369056727101553
3,0,C17,heatgeo_t8,v3_defect,
3,0,C17,heatgeo_t8,sent,-0.287994541283074
3,0,C17,heatgeo_t8,ent_cak,
3,0,C17,heatgeo_t8,frac,-0.2106300285507339
3,0,C17,heatgeo_t8,kappa,
3,0,D,plain,v4_m60,0.3015093909366812
3,0,D,plain,v4_m120,0.32136362998601387
3,0,D,plain,v3_defect,-0.21409077395138223
3,0,D,plain,sent,0.08808432241411725
3,0,D,plain,ent_cak,0.2958381283708766
3,0,D,plain,frac,0.08381210246419232
3,0,D,plain,kappa,0.26735133045189596
3,0,D,nugget,v4_m60,0.3716610803721469
3,0,D,nugget,v4_m120,0.3277031478441246
3,0,D,nugget,v3_defect,-0.1032381940546448
3,0,D,nugget,sent,0.035288618472001675
3,0,D,nugget,ent_cak,0.1709943632210924
3,0,D,nugget,frac,0.18367185930352262
3,0,D,nugget,kappa,0.20838161003288755
3,0,D,pca,v4_m60,0.21429016800002174
3,0,D,pca,v4_m120,0.31858737642203366
3,0,D,pca,v3_defect,-0.4659209392089232
3,0,D,pca,sent,0.006934275936935803
3,0,D,pca,ent_cak,0.24076815807115443
3,0,D,pca,frac,-0.29293247110473636
3,0,D,pca,kappa,0.4919922315899514
3,0,D,diffusion_t4,v4_m60,-0.0317303078000239
3,0,D,diffusion_t4,v4_m120,-0.05310548625958686
3,0,D,diffusion_t4,v3_defect,0.13208477697188997
3,0,D,diffusion_t4,sent,-0.13087466881592155
3,0,D,diffusion_t4,ent_cak,0.05825492996060078
3,0,D,diffusion_t4,frac,-0.052843633840701475
3,0,D,diffusion_t4,kappa,0.023491826392514927
3,0,D,diffusion_t8,v4_m60,0.009129172969681534
3,0,D,diffusion_t8,v4_m120,-0.07016273833935634
3,0,D,diffusion_t8,v3_defect,-0.17930182153325455
3,0,D,diffusion_t8,sent,-0.13295571438700857
3,0,D,diffusion_t8,ent_cak,0.05845932031763232
3,0,D,diffusion_t8,frac,-0.12049479220363235
3,0,D,diffusion_t8,kappa,0.011187035478874697
3,0,D,heatgeo_t2,v4_m60,-0.0295771483510215
3,0,D,heatgeo_t2,v4_m120,0.09394296247549282
3,0,D,heatgeo_t2,v3_defect,
3,0,D,heatgeo_t2,sent,0.14931240686228597
3,0,D,heatgeo_t2,ent_cak,
3,0,D,heatgeo_t2,frac,
3,0,D,heatgeo_t2,kappa,
3,0,D,heatgeo_t8,v4_m60,-0.1240018449651249
3,0,D,heatgeo_t8,v4_m120,-0.1512582389899948
3,0,D,heatgeo_t8,v3_defect,
3,0,D,heatgeo_t8,sent,-0.056406645648868964
3,0,D,heatgeo_t8,ent_cak,
3,0,D,heatgeo_t8,frac,
3,0,D,heatgeo_t8,kappa,
3,1,A_oracle,oracle,v4_m60,0.9714329895987477
3,1,A_oracle,oracle,v4_m120,0.9397351843582975
3,1,A_oracle,oracle,v3_defect,0.7303926058207589
3,1,A_oracle,oracle,sent,0.644531664849609
3,1,A_oracle,oracle,ent_cak,0.6743604130860671
3,1,A_oracle,oracle,frac,0.876038724507071
3,1,A_oracle,oracle,kappa,0.3005657092871055
3,1,B,plain,v4_m60,0.7757678027837771
3,1,B,plain,v4_m120,0.8621347912976831
3,1,B,plain,v3_defect,0.6117515981033516
3,1,B,plain,sent,0.6786753198556797
3,1,B,plain,ent_cak,0.6549033783484218
3,1,B,plain,frac,0.8275380229266033
3,1,B,plain,kappa,0.34452499887484767
3,1,B,nugget,v4_m60,0.5992797226737935
3,1,B,nugget,v4_m120,0.8239069680303949
3,1,B,nugget,v3_defect,0.363212227237959
3,1,B,nugget,sent,0.6670209179217332
3,1,B,nugget,ent_cak,0.6350963917233388
3,1,B,nugget,frac,0.8143238524094405
3,1,B,nugget,kappa,0.46291762834816685
3,1,B,pca,v4_m60,0.6403523119515242
3,1,B,pca,v4_m120,0.875025015008757
3,1,B,pca,v3_defect,0.5423416690060856
3,1,B,pca,sent,0.7258087989178459
3,1,B,pca,ent_cak,0.5872042864170719
3,1,B,pca,frac,0.8340807056751273
3,1,B,pca,kappa,0.5138070025963664
3,1,B,diffusion_t4,v4_m60,0.06636285269614647
3,1,B,diffusion_t4,v4_m120,0.14483061452726967
3,1,B,diffusion_t4,v3_defect,0.6559951444068859
3,1,B,diffusion_t4,sent,0.7529791399364737
3,1,B,diffusion_t4,ent_cak,0.22353755567477124
3,1,B,diffusion_t4,frac,0.8987373826966599
3,1,B,diffusion_t4,kappa,0.4442580185043743
3,1,B,diffusion_t8,v4_m60,0.13927977469999755
3,1,B,diffusion_t8,v4_m120,0.2560090797793502
3,1,B,diffusion_t8,v3_defect,0.6949308224197023
3,1,B,diffusion_t8,sent,0.7921822666512572
3,1,B,diffusion_t8,ent_cak,-0.7183724215087312
3,1,B,diffusion_t8,frac,0.8848296078347384
3,1,B,diffusion_t8,kappa,0.7702567069780945
3,1,B,heatgeo_t2,v4_m60,-0.2014160657411347
3,1,B,heatgeo_t2,v4_m120,-0.41890028755244474
3,1,B,heatgeo_t2,v3_defect,0.7124517515402262
3,1,B,heatgeo_t2,sent,0.5585980527631967
3,1,B,heatgeo_t2,ent_cak,-0.5939008230298122
3,1,B,heatgeo_t2,frac,0.18711654006693187
3,1,B,heatgeo_t2,kappa,0.03128178889773249
3,1,B,heatgeo_t8,v4_m60,-0.5645351239942248
3,1,B,heatgeo_t8,v4_m120,-0.6636031024330372
3,1,B,heatgeo_t8,v3_defect,
3,1,B,heatgeo_t8,sent,0.6805974766797247
3,1,B,heatgeo_t8,ent_cak,
3,1,B,heatgeo_t8,frac,0.2672848789932063
3,1,B,heatgeo_t8,kappa,-0.22722199187595848
3,1,C05,plain,v4_m60,0.3775906200999955
3,1,C05,plain,v4_m120,0.43704722854673134
3,1,C05,plain,v3_defect,0.3724201942076165
3,1,C05,plain,sent,0.4384466706571382
3,1,C05,plain,ent_cak,0.4345644962224063
3,1,C05,plain,frac,0.7171686762946069
3,1,C05,plain,kappa,0.24574128551767374
3,1,C05,nugget,v4_m60,0.12073222767930232
3,1,C05,nugget,v4_m120,0.14881337806270323
3,1,C05,nugget,v3_defect,0.15699528956876754
3,1,C05,nugget,sent,0.38714209677177286
3,1,C05,nugget,ent_cak,0.3769473295143384
3,1,C05,nugget,frac,0.6700121591563619
3,1,C05,nugget,kappa,0.5624624054463642
3,1,C05,pca,v4_m60,0.4328096544955998
3,1,C05,pca,v4_m120,0.3918930347113542
3,1,C05,pca,v3_defect,0.3624974330219151
3,1,C05,pca,sent,0.5433255258575598
3,1,C05,pca,ent_cak,0.4254500939318509
3,1,C05,pca,frac,0.8188275108342494
3,1,C05,pca,kappa,0.18779188604893204
3,1,C05,diffusion_t4,v4_m60,0.3329222353837409
3,1,C05,diffusion_t4,v4_m120,0.32329229280179894
3,1,C05,diffusion_t4,v3_defect,0.4164696093897232
3,1,C05,diffusion_t4,sent,0.49242820537293835
3,1,C05,diffusion_t4,ent_cak,0.21588892886456498
3,1,C05,diffusion_t4,frac,0.7130234396625298
3,1,C05,diffusion_t4,kappa,0.09448182836798537
3,1,C05,diffusion_t8,v4_m60,0.28995329961488714
3,1,C05,diffusion_t8,v4_m120,0.31157009173005096
3,1,C05,diffusion_t8,v3_defect,0.3405442166750769
3,1,C05,diffusion_t8,sent,0.43178750211221273
3,1,C05,diffusion_t8,ent_cak,-0.29579043599869453
3,1,C05,diffusion_t8,frac,0.5942166086170645
3,1,C05,diffusion_t8,kappa,0.13850342167034854
3,1,C05,heatgeo_t2,v4_m60,-0.20852911160640467
3,1,C05,heatgeo_t2,v4_m120,-0.3352409216091641
3,1,C05,heatgeo_t2,v3_defect,0.3858113006945746
3,1,C05,heatgeo_t2,sent,0.4138712326505273
3,1,C05,heatgeo_t2,ent_cak,-0.3947734197714214
3,1,C05,heatgeo_t2,frac,
3,1,C05,heatgeo_t2,kappa,0.27886531555026894
3,1,C05,heatgeo_t8,v4_m60,-0.5185079997477867
3,1,C05,heatgeo_t8,v4_m120,-0.6249649529328603
3,1,C05,heatgeo_t8,v3_defect,
3,1,C05,heatgeo_t8,sent,0.40613630264273015
3,1,C05,heatgeo_t8,ent_cak,
3,1,C05,heatgeo_t8,frac,
3,1,C05,heatgeo_t8,kappa,
3,1,C17,plain,v4_m60,0.0639687562047413
3,1,C17,plain,v4_m120,-0.07578346520483409
3,1,C17,plain,v3_defect,-0.15911025688412073
3,1,C17,plain,sent,-0.1819788311560755
3,1,C17,plain,ent_cak,0.19516619122825593
3,1,C17,plain,frac,0.010690502179229493
3,1,C17,plain,kappa,-0.08510663218857198
3,1,C17,nugget,v4_m60,0.00016658418815443716
3,1,C17,nugget,v4_m120,-0.08331109906416026
3,1,C17,nugget,v3_defect,-0.15351099392974807
3,1,C17,nugget,sent,-0.24039853941407555
3,1,C17,nugget,ent_cak,0.2336170235664874
3,1,C17,nugget,frac,-0.23291301378796042
3,1,C17,nugget,kappa,-0.23185497919590578
3,1,C17,pca,v4_m60,-0.020053478388147236
3,1,C17,pca,v4_m120,-0.06877282132740631
3,1,C17,pca,v3_defect,0.11114686662321237
3,1,C17,pca,sent,-0.11897698572703178
3,1,C17,pca,ent_cak,0.06613464351773754
3,1,C17,pca,frac,0.05317926507713627
3,1,C17,pca,kappa,0.15504731502439528
3,1,C17,diffusion_t4,v4_m60,-0.18358870287216295
3,1,C17,diffusion_t4,v4_m120,0.01615690993437641
3,1,C17,diffusion_t4,v3_defect,-0.18120720019694025
3,1,C17,diffusion_t4,sent,-0.11123723644125094
3,1,C17,diffusion_t4,ent_cak,-0.04061871136011024
3,1,C17,diffusion_t4,frac,0.05191928216189006
3,1,C17,diffusion_t4,kappa,-0.028273078067222894
3,1,C17,diffusion_t8,v4_m60,-0.06759993910797835
3,1,C17,diffusion_t8,v4_m120,-0.04284867159415107
3,1,C17,diffusion_t8,v3_defect,-0.07942519621312842
3,1,C17,diffusion_t8,sent,-0.10359860672795476
3,1,C17,diffusion_t8,ent_cak,-0.015480693961594212
3,1,C17,diffusion_t8,frac,0.05601946685256898
3,1,C17,diffusion_t8,kappa,-0.23379627739282086
3,1,C17,heatgeo_t2,v4_m60,0.03722537390803458
3,1,C17,heatgeo_t2,v4_m120,0.04079404556789536
3,1,C17,heatgeo_t2,v3_defect,-0.08641584609543057
3,1,C17,heatgeo_t2,sent,-0.1860285475463202
3,1,C17,heatgeo_t2,ent_cak,0.1279132423066134
3,1,C17,heatgeo_t2,frac,
3,1,C17,heatgeo_t2,kappa,0.1720712293767171
3,1,C17,heatgeo_t8,v4_m60,0.04996486475748042
3,1,C17,heatgeo_t8,v4_m120,0.05280122151311043
3,1,C17,heatgeo_t8,v3_defect,
3,1,C17,heatgeo_t8,sent,-0.1547817837934173
3,1,C17,heatgeo_t8,ent_cak,
3,1,C17,heatgeo_t8,frac,
3,1,C17,heatgeo_t8,kappa,
3,1,D,plain,v4_m60,0.031200045488691406
3,1,D,plain,v4_m120,0.008516710449407727
3,1,D,plain,v3_defect,-0.45694914013920346
3,1,D,plain,sent,-0.09141040881287407
3,1,D,plain,ent_cak,-0.04189064412494659
3,1,D,plain,frac,-0.1772822223467855
3,1,D,plain,kappa,-0.18876585394250184
3,1,D,nugget,v4_m60,0.1868459774553624
3,1,D,nugget,v4_m120,0.2976040393021807
3,1,D,nugget,v3_defect,-0.2434682757700761
3,1,D,nugget,sent,-0.2036137816076369
3,1,D,nugget,ent_cak,0.008928162609731167
3,1,D,nugget,frac,-0.13662287801593853
3,1,D,nugget,kappa,0.22152581792917778
3,1,D,pca,v4_m60,0.009059140878594461
3,1,D,pca,v4_m120,-0.019220449566183566
3,1,D,pca,v3_defect,-0.37064625753765007
3,1,D,pca,sent,-0.228316619782352
3,1,D,pca,ent_cak,0.12016767763776265
3,1,D,pca,frac,-0.19085909775869103
3,1,D,pca,kappa,0.17436570723267494
3,1,D,diffusion_t4,v4_m60,0.048400309663936235
3,1,D,diffusion_t4,v4_m120,-0.06468639568800845
3,1,D,diffusion_t4,v3_defect,0.025567736777260337
3,1,D,diffusion_t4,sent,0.012408003393862067
3,1,D,diffusion_t4,ent_cak,0.04309997577689621
3,1,D,diffusion_t4,frac,-0.13079344047945846
3,1,D,diffusion_t4,kappa,-0.10174915214845746
3,1,D,diffusion_t8,v4_m60,-0.041588437819420614
3,1,D,diffusion_t8,v4_m120,0.024142330000126288
3,1,D,diffusion_t8,v3_defect,-0.007938778196398264
3,1,D,diffusion_t8,sent,0.03337563446027331
3,1,D,diffusion_t8,ent_cak,0.05769956203749562
3,1,D,diffusion_t8,frac,-0.07703334942792192
3,1,D,diffusion_t8,kappa,0.033842998914002685
3,1,D,heatgeo_t2,v4_m60,0.2903845778200118
3,1,D,heatgeo_t2,v4_m120,0.2712633727695379
3,1,D,heatgeo_t2,v3_defect,
3,1,D,heatgeo_t2,sent,0.013815496147644149
3,1,D,heatgeo_t2,ent_cak,
3,1,D,heatgeo_t2,frac,
3,1,D,heatgeo_t2,kappa,
3,1,D,heatgeo_t8,v4_m60,-0.01596223040240419
3,1,D,heatgeo_t8,v4_m120,-0.06197794526957542
3,1,D,heatgeo_t8,v3_defect,
3,1,D,heatgeo_t8,sent,0.07743743201183455
3,1,D,heatgeo_t8,ent_cak,
3,1,D,heatgeo_t8,frac,
3,1,D,heatgeo_t8,kappa,
4,0,A_oracle,oracle,v4_m60,0.9700723378686009
4,0,A_oracle,oracle,v4_m120,0.9131780441027512
4,0,A_oracle,oracle,v3_defect,0.4343798231546602
4,0,A_oracle,oracle,sent,0.4682584675050657
4,0,A_oracle,oracle,ent_cak,0.7102877326185791
4,0,A_oracle,oracle,frac,0.8445522845437152
4,0,A_oracle,oracle,kappa,0.14656183215658586
4,0,B,plain,v4_m60,0.6688416588423504
4,0,B,plain,v4_m120,0.8007495751087651
4,0,B,plain,v3_defect,0.4450563805230357
4,0,B,plain,sent,0.5545448930888488
4,0,B,plain,ent_cak,0.7040975565325176
4,0,B,plain,frac,0.8025793120856821
4,0,B,plain,kappa,0.4047580645942474
4,0,B,nugget,v4_m60,0.6728125349655066
4,0,B,nugget,v4_m120,0.6698897545732916
4,0,B,nugget,v3_defect,0.4009809188230982
4,0,B,nugget,sent,0.44707543279518297
4,0,B,nugget,ent_cak,0.7294177585386219
4,0,B,nugget,frac,0.737766468714363
4,0,B,nugget,kappa,0.2947360109176544
4,0,B,pca,v4_m60,0.5016167522447181
4,0,B,pca,v4_m120,0.6649135699335054
4,0,B,pca,v3_defect,0.33249321031588097
4,0,B,pca,sent,0.6926758159772787
4,0,B,pca,ent_cak,0.2761688427265965
4,0,B,pca,frac,0.8609384041914424
4,0,B,pca,kappa,0.25578440668664815
4,0,B,diffusion_t4,v4_m60,0.6457149336297654
4,0,B,diffusion_t4,v4_m120,0.7017903345773974
4,0,B,diffusion_t4,v3_defect,0.5303065564309373
4,0,B,diffusion_t4,sent,0.7929005671592789
4,0,B,diffusion_t4,ent_cak,-0.694939526277924
4,0,B,diffusion_t4,frac,0.8509536720239682
4,0,B,diffusion_t4,kappa,0.6227101735775179
4,0,B,diffusion_t8,v4_m60,-0.15673522353713315
4,0,B,diffusion_t8,v4_m120,-0.6162682268287346
4,0,B,diffusion_t8,v3_defect,0.13608912291254474
4,0,B,diffusion_t8,sent,-0.18607666428434033
4,0,B,diffusion_t8,ent_cak,-0.7834197333776994
4,0,B,diffusion_t8,frac,-0.48204610671972603
4,0,B,diffusion_t8,kappa,0.051129704095325204
4,0,B,heatgeo_t2,v4_m60,-0.26541223559822996
4,0,B,heatgeo_t2,v4_m120,-0.5029116761960001
4,0,B,heatgeo_t2,v3_defect,0.5291234773786574
4,0,B,heatgeo_t2,sent,0.5755699229465001
4,0,B,heatgeo_t2,ent_cak,-0.554389692252307
4,0,B,heatgeo_t2,frac,
4,0,B,heatgeo_t2,kappa,-0.03914773136560182
4,0,B,heatgeo_t8,v4_m60,-0.45650654842799315
4,0,B,heatgeo_t8,v4_m120,-0.5101312297771068
4,0,B,heatgeo_t8,v3_defect,
4,0,B,heatgeo_t8,sent,0.620986300570464
4,0,B,heatgeo_t8,ent_cak,
4,0,B,heatgeo_t8,frac,
4,0,B,heatgeo_t8,kappa,
4,0,C05,plain,v4_m60,0.16748585533938534
4,0,C05,plain,v4_m120,0.25664251236284047
4,0,C05,plain,v3_defect,0.30001411584846965
4,0,C05,plain,sent,0.31356583893526185
4,0,C05,plain,ent_cak,0.007711122360952558
4,0,C05,plain,frac,0.06942462619006763
4,0,C05,plain,kappa,0.17446075122603127
4,0,C05,nugget,v4_m60,-0.11298527933055255
4,0,C05,nugget,v4_m120,-0.05660409330155933
4,0,C05,nugget,v3_defect,0.23322860383075608
4,0,C05,nugget,sent,0.12448431467315364
4,0,C05,nugget,ent_cak,-0.07300863653621602
4,0,C05,nugget,frac,-0.014751960887082945
4,0,C05,nugget,kappa,-0.4481917308501713
4,0,C05,pca,v4_m60,0.38921924315974865
4,0,C05,pca,v4_m120,0.29945222714694164
4,0,C05,pca,v3_defect,0.46177128606100654
4,0,C05,pca,sent,0.2689626448548743
4,0,C05,pca,ent_cak,0.018842862825490456
4,0,C05,pca,frac,0.06979514694281111
4,0,C05,pca,kappa,0.051573460936369594
4,0,C05,diffusion_t4,v4_m60,0.35201092481822205
4,0,C05,diffusion_t4,v4_m120,0.37360651633685676
4,0,C05,diffusion_t4,v3_defect,0.3124735416656936
4,0,C05,diffusion_t4,sent,0.2952965546702061
4,0,C05,diffusion_t4,ent_cak,-0.2650785102581186
4,0,C05,diffusion_t4,frac,0.24338834737071702
4,0,C05,diffusion_t4,kappa,0.3768032954014813
4,0,C05,diffusion_t8,v4_m60,-0.19344311354407423
4,0,C05,diffusion_t8,v4_m120,-0.35530962152391604
4,0,C05,diffusion_t8,v3_defect,0.12378256302863783
4,0,C05,diffusion_t8,sent,-0.02006632915618139
4,0,C05,diffusion_t8,ent_cak,-0.31807837437270253
4,0,C05,diffusion_t8,frac,-0.18027250675944925
4,0,C05,diffusion_t8,kappa,0.15182933494173378
4,0,C05,heatgeo_t2,v4_m60,-0.23965554860283306
4,0,C05,heatgeo_t2,v4_m120,-0.2771814277008558
4,0,C05,heatgeo_t2,v3_defect,0.30571834368466905
4,0,C05,heatgeo_t2,sent,0.4088323988978668
4,0,C05,heatgeo_t2,ent_cak,-0.3998755844116869
4,0,C05,heatgeo_t2,frac,
4,0,C05,heatgeo_t2,kappa,-0.2650592531627067
4,0,C05,heatgeo_t8,v4_m60,-0.1902160875289685
4,0,C05,heatgeo_t8,v4_m120,-0.2134810313651636
4,0,C05,heatgeo_t8,v3_defect,
4,0,C05,heatgeo_t8,sent,0.30909771456187557
4,0,C05,heatgeo_t8,ent_cak,
4,0,C05,heatgeo_t8,frac,
4,0,C05,heatgeo_t8,kappa,
4,0,C17,plain,v4_m60,-0.10374969769540672
4,0,C17,plain,v4_m120,-0.09326283335285425
4,0,C17,plain,v3_defect,0.1482855609818866
4,0,C17,plain,sent,0.15282670233816684
4,0,C17,plain,ent_cak,-0.024501170341761535
4,0,C17,plain,frac,0.05190650718592063
4,0,C17,plain,kappa,-0.2516115572858106
4,0,C17,nugget,v4_m60,0.12266396427643836
4,0,C17,nugget,v4_m120,0.16434266124854438
4,0,C17,nugget,v3_defect,-0.038714136020480606
4,0,C17,nugget,sent,0.07298629631505486
4,0,C17,nugget,ent_cak,0.037658149669013104
4,0,C17,nugget,frac,0.021225323442493605
4,0,C17,nugget,kappa,0.09434231611492556
4,0,C17,pca,v4_m60,0.06025003884958181
4,0,C17,pca,v4_m120,-0.12923718268816156
4,0,C17,pca,v3_defect,0.2685815723790576
4,0,C17,pca,sent,0.2967540221076814
4,0,C17,pca,ent_cak,-0.027863988300672576
4,0,C17,pca,frac,0.2736759742453349
4,0,C17,pca,kappa,0.10190726088103716
4,0,C17,diffusion_t4,v4_m60,-0.21755889992164404
4,0,C17,diffusion_t4,v4_m120,-0.23489992620623124
4,0,C17,diffusion_t4,v3_defect,0.1152651538498288
4,0,C17,diffusion_t4,sent,0.24004898216268145
4,0,C17,diffusion_t4,ent_cak,-0.05073095956543997
4,0,C17,diffusion_t4,frac,0.36092211239338645
4,0,C17,diffusion_t4,kappa,0.034793422520201595
4,0,C17,diffusion_t8,v4_m60,-0.013351798373870025
4,0,C17,diffusion_t8,v4_m120,-0.02544154830543006
4,0,C17,diffusion_t8,v3_defect,0.07683285160816689
4,0,C17,diffusion_t8,sent,0.2012952835998024
4,0,C17,diffusion_t8,ent_cak,0.03719647254782984
4,0,C17,diffusion_t8,frac,0.39999305817260145
4,0,C17,diffusion_t8,kappa,0.11667484565928384
4,0,C17,heatgeo_t2,v4_m60,-0.046359426056231064
4,0,C17,heatgeo_t2,v4_m120,-0.08655008810369667
4,0,C17,heatgeo_t2,v3_defect,0.2529020255558907
4,0,C17,heatgeo_t2,sent,0.1587575298226892
4,0,C17,heatgeo_t2,ent_cak,-0.20081818504575474
4,0,C17,heatgeo_t2,frac,
4,0,C17,heatgeo_t2,kappa,
4,0,C17,heatgeo_t8,v4_m60,-0.3174043405372898
4,0,C17,heatgeo_t8,v4_m120,-0.37845247564213436
4,0,C17,heatgeo_t8,v3_defect,
4,0,C17,heatgeo_t8,sent,0.28386382048054687
4,0,C17,heatgeo_t8,ent_cak,
4,0,C17,heatgeo_t8,frac,
4,0,C17,heatgeo_t8,kappa,
4,0,D,plain,v4_m60,0.10529377740271223
4,0,D,plain,v4_m120,0.07259412624246384
4,0,D,plain,v3_defect,0.4347557190718236
4,0,D,plain,sent,0.010258297450820584
4,0,D,plain,ent_cak,0.030968053196372598
4,0,D,plain,frac,-0.14034026177728445
4,0,D,plain,kappa,-0.0903526562311673
4,0,D,nugget,v4_m60,0.08702859495646878
4,0,D,nugget,v4_m120,0.10522672357390334
4,0,D,nugget,v3_defect,-0.23010866517731215
4,0,D,nugget,sent,0.08947256262378137
4,0,D,nugget,ent_cak,0.1495632720049176
4,0,D,nugget,frac,0.20200089279036462
4,0,D,nugget,kappa,-0.3879349082206247
4,0,D,pca,v4_m60,-0.03841229473962427
4,0,D,pca,v4_m120,-0.15086310859491264
4,0,D,pca,v3_defect,0.22327630355010997
4,0,D,pca,sent,0.15862986447154562
4,0,D,pca,ent_cak,-0.07872117651064008
4,0,D,pca,frac,0.5729261785081897
4,0,D,pca,kappa,0.31925058959797253
4,0,D,diffusion_t4,v4_m60,0.41078266457492435
4,0,D,diffusion_t4,v4_m120,0.4113801166054498
4,0,D,diffusion_t4,v3_defect,0.1457929704743574
4,0,D,diffusion_t4,sent,0.3068367980682306
4,0,D,diffusion_t4,ent_cak,0.10542601453248851
4,0,D,diffusion_t4,frac,0.041971297711115546
4,0,D,diffusion_t4,kappa,0.23146962527905052
4,0,D,diffusion_t8,v4_m60,0.45265989633902487
4,0,D,diffusion_t8,v4_m120,0.4002763457212509
4,0,D,diffusion_t8,v3_defect,0.22469721375836388
4,0,D,diffusion_t8,sent,0.30758708024893733
4,0,D,diffusion_t8,ent_cak,0.21721910134185463
4,0,D,diffusion_t8,frac,0.026086651308242496
4,0,D,diffusion_t8,kappa,0.21776479173440288
4,0,D,heatgeo_t2,v4_m60,-0.39873661103869684
4,0,D,heatgeo_t2,v4_m120,-0.38005980435595105
4,0,D,heatgeo_t2,v3_defect,
4,0,D,heatgeo_t2,sent,0.1621503299056871
4,0,D,heatgeo_t2,ent_cak,
4,0,D,heatgeo_t2,frac,
4,0,D,heatgeo_t2,kappa,
4,0,D,heatgeo_t8,v4_m60,-0.01608181650045171
4,0,D,heatgeo_t8,v4_m120,-0.052585202190847544
4,0,D,heatgeo_t8,v3_defect,
4,0,D,heatgeo_t8,sent,0.10982674297265163
4,0,D,heatgeo_t8,ent_cak,
4,0,D,heatgeo_t8,frac,
4,0,D,heatgeo_t8,kappa,
4,1,A_oracle,oracle,v4_m60,0.9815821095930851
4,1,A_oracle,oracle,v4_m120,0.9588865956745829
4,1,A_oracle,oracle,v3_defect,0.735652923865414
4,1,A_oracle,oracle,sent,0.6037754361987985
4,1,A_oracle,oracle,ent_cak,0.4896274702630713
4,1,A_oracle,oracle,frac,0.879466007447978
4,1,A_oracle,oracle,kappa,0.24313448093995005
4,1,B,plain,v4_m60,0.8241192402025816
4,1,B,plain,v4_m120,0.9366096558156297
4,1,B,plain,v3_defect,0.7835175888643996
4,1,B,plain,sent,0.7153838557003805
4,1,B,plain,ent_cak,0.4118790458484897
4,1,B,plain,frac,0.8550015499397107
4,1,B,plain,kappa,0.28285102592455336
4,1,B,nugget,v4_m60,0.795234274500029
4,1,B,nugget,v4_m120,0.9108992397878171
4,1,B,nugget,v3_defect,0.5729865071996872
4,1,B,nugget,sent,0.6756415931961647
4,1,B,nugget,ent_cak,0.507921071826304
4,1,B,nugget,frac,0.8642596043733518
4,1,B,nugget,kappa,0.02038746759073634
4,1,B,pca,v4_m60,0.7048389411506706
4,1,B,pca,v4_m120,0.8680617064180672
4,1,B,pca,v3_defect,0.7952281332851482
4,1,B,pca,sent,0.7652635506305636
4,1,B,pca,ent_cak,0.01947922798013799
4,1,B,pca,frac,0.8461206809223046
4,1,B,pca,kappa,0.4066554424792792
4,1,B,diffusion_t4,v4_m60,0.6328322689592724
4,1,B,diffusion_t4,v4_m120,0.7209592383185373
4,1,B,diffusion_t4,v3_defect,0.4984545912404805
4,1,B,diffusion_t4,sent,0.825877369915407
4,1,B,diffusion_t4,ent_cak,-0.8131041205407697
4,1,B,diffusion_t4,frac,0.8826201688429555
4,1,B,diffusion_t4,kappa,0.742808941421384
4,1,B,diffusion_t8,v4_m60,0.2205464827778938
4,1,B,diffusion_t8,v4_m120,-0.640463171148324
4,1,B,diffusion_t8,v3_defect,0.32030887872306885
4,1,B,diffusion_t8,sent,-0.3821953107731071
4,1,B,diffusion_t8,ent_cak,-0.872435986072691
4,1,B,diffusion_t8,frac,-0.3402383245552007
4,1,B,diffusion_t8,kappa,0.21395970490073585
4,1,B,heatgeo_t2,v4_m60,-0.3715627337731797
4,1,B,heatgeo_t2,v4_m120,-0.7162529058687533
4,1,B,heatgeo_t2,v3_defect,0.6542557310766987
4,1,B,heatgeo_t2,sent,0.6318099842709661
4,1,B,heatgeo_t2,ent_cak,-0.5697752429596921
4,1,B,heatgeo_t2,frac,-0.23321074114814205
4,1,B,heatgeo_t2,kappa,-0.11742850515288006
4,1,B,heatgeo_t8,v4_m60,-0.5722385029573093
4,1,B,heatgeo_t8,v4_m120,-0.5223276709020784
4,1,B,heatgeo_t8,v3_defect,
4,1,B,heatgeo_t8,sent,0.6953889908072641
4,1,B,heatgeo_t8,ent_cak,
4,1,B,heatgeo_t8,frac,
4,1,B,heatgeo_t8,kappa,
4,1,C05,plain,v4_m60,-0.000866891733355819
4,1,C05,plain,v4_m120,-0.014068726628860198
4,1,C05,plain,v3_defect,-0.03699618761904799
4,1,C05,plain,sent,0.27809425344980027
4,1,C05,plain,ent_cak,-0.004525469870985174
4,1,C05,plain,frac,0.5228257413714641
4,1,C05,plain,kappa,0.34952804390573883
4,1,C05,nugget,v4_m60,-0.21412797361370678
4,1,C05,nugget,v4_m120,-0.22167151671376994
4,1,C05,nugget,v3_defect,0.12952837781010137
4,1,C05,nugget,sent,0.2756031076364602
4,1,C05,nugget,ent_cak,-0.008327733636583236
4,1,C05,nugget,frac,0.584891276629173
4,1,C05,nugget,kappa,0.00629407095442918
4,1,C05,pca,v4_m60,-0.039434529074791246
4,1,C05,pca,v4_m120,0.07069500911319265
4,1,C05,pca,v3_defect,0.2232849750120675
4,1,C05,pca,sent,0.36496225668972926
4,1,C05,pca,ent_cak,0.09458041653118496
4,1,C05,pca,frac,0.43259441426109246
4,1,C05,pca,kappa,0.008727008399609992
4,1,C05,diffusion_t4,v4_m60,0.2972301679576131
4,1,C05,diffusion_t4,v4_m120,0.13809063148218267
4,1,C05,diffusion_t4,v3_defect,0.24219136106248107
4,1,C05,diffusion_t4,sent,0.46951000824923295
4,1,C05,diffusion_t4,ent_cak,-0.5870642895067558
4,1,C05,diffusion_t4,frac,0.6072252495892202
4,1,C05,diffusion_t4,kappa,0.6169949061222427
4,1,C05,diffusion_t8,v4_m60,-0.16577578945797913
4,1,C05,diffusion_t8,v4_m120,-0.14390690217512692
4,1,C05,diffusion_t8,v3_defect,-0.24539845804652483
4,1,C05,diffusion_t8,sent,0.08225627915166175
4,1,C05,diffusion_t8,ent_cak,-0.733510686264904
4,1,C05,diffusion_t8,frac,-0.12459390987230792
4,1,C05,diffusion_t8,kappa,-0.052542477017640365
4,1,C05,heatgeo_t2,v4_m60,-0.24161054759024148
4,1,C05,heatgeo_t2,v4_m120,-0.3153650274452319
4,1,C05,heatgeo_t2,v3_defect,0.16532109683500112
4,1,C05,heatgeo_t2,sent,0.18826726372473263
4,1,C05,heatgeo_t2,ent_cak,-0.08950446304582672
4,1,C05,heatgeo_t2,frac,0.17443509395308276
4,1,C05,heatgeo_t2,kappa,-0.16053284865663128
4,1,C05,heatgeo_t8,v4_m60,-0.05573609625003202
4,1,C05,heatgeo_t8,v4_m120,-0.0365822564708674
4,1,C05,heatgeo_t8,v3_defect,
4,1,C05,heatgeo_t8,sent,0.4597184133177184
4,1,C05,heatgeo_t8,ent_cak,
4,1,C05,heatgeo_t8,frac,
4,1,C05,heatgeo_t8,kappa,
4,1,C17,plain,v4_m60,-0.08436964866943843
4,1,C17,plain,v4_m120,0.28941621696269815
4,1,C17,plain,v3_defect,-0.24465282514230258
4,1,C17,plain,sent,-0.30093341398835965
4,1,C17,plain,ent_cak,-0.19362197835804998
4,1,C17,plain,frac,-0.30941586886671985
4,1,C17,plain,kappa,-0.20417384176997067
4,1,C17,nugget,v4_m60,-0.0818585380601615
4,1,C17,nugget,v4_m120,0.15427805447814158
4,1,C17,nugget,v3_defect,-0.006502208150952825
4,1,C17,nugget,sent,-0.005889678432459424
4,1,C17,nugget,ent_cak,-0.16500575314429589
4,1,C17,nugget,frac,-0.16240684933661806
4,1,C17,nugget,kappa,-0.0985555781619609
4,1,C17,pca,v4_m60,-0.03983029622297691
4,1,C17,pca,v4_m120,0.02282145407478515
4,1,C17,pca,v3_defect,-0.5752026310811608
4,1,C17,pca,sent,-0.15971751399320236
4,1,C17,pca,ent_cak,-0.3723549244529955
4,1,C17,pca,frac,-0.2624597217888101
4,1,C17,pca,kappa,-0.1460027536637049
4,1,C17,diffusion_t4,v4_m60,-0.04267353556930839
4,1,C17,diffusion_t4,v4_m120,0.033926764052518
4,1,C17,diffusion_t4,v3_defect,-0.31829389214280884
4,1,C17,diffusion_t4,sent,-0.060615647904328385
4,1,C17,diffusion_t4,ent_cak,-0.23622949076480163
4,1,C17,diffusion_t4,frac,0.017661554800560864
4,1,C17,diffusion_t4,kappa,0.19370511108515498
4,1,C17,diffusion_t8,v4_m60,-0.002925929508977268
4,1,C17,diffusion_t8,v4_m120,0.14515047857942012
4,1,C17,diffusion_t8,v3_defect,-0.2124287784872678
4,1,C17,diffusion_t8,sent,0.005499398680214528
4,1,C17,diffusion_t8,ent_cak,-0.2673699995124342
4,1,C17,diffusion_t8,frac,-0.01606860577948898
4,1,C17,diffusion_t8,kappa,-0.11360306681779532
4,1,C17,heatgeo_t2,v4_m60,0.08122847748406956
4,1,C17,heatgeo_t2,v4_m120,0.041463958084217996
4,1,C17,heatgeo_t2,v3_defect,-0.3462850634201828
4,1,C17,heatgeo_t2,sent,-0.3453425041375583
4,1,C17,heatgeo_t2,ent_cak,0.4139016096842819
4,1,C17,heatgeo_t2,frac,-0.14164828037401353
4,1,C17,heatgeo_t2,kappa,
4,1,C17,heatgeo_t8,v4_m60,0.040368355984802186
4,1,C17,heatgeo_t8,v4_m120,0.13198191403569062
4,1,C17,heatgeo_t8,v3_defect,
4,1,C17,heatgeo_t8,sent,0.05848784746235481
4,1,C17,heatgeo_t8,ent_cak,
4,1,C17,heatgeo_t8,frac,
4,1,C17,heatgeo_t8,kappa,
4,1,D,plain,v4_m60,0.16649187233206386
4,1,D,plain,v4_m120,0.1803333721323478
4,1,D,plain,v3_defect,-0.2500519937584715
4,1,D,plain,sent,0.2780071773971759
4,1,D,plain,ent_cak,0.27940535952522755
4,1,D,plain,frac,0.2404013825264858
4,1,D,plain,kappa,0.1501227347568408
4,1,D,nugget,v4_m60,-0.15806107545417503
4,1,D,nugget,v4_m120,-0.08328456169786976
4,1,D,nugget,v3_defect,0.03695797055713439
4,1,D,nugget,sent,0.2679993150552187
4,1,D,nugget,ent_cak,0.036011578754340155
4,1,D,nugget,frac,0.3063630672867069
4,1,D,nugget,kappa,-0.3151419622727401
4,1,D,pca,v4_m60,0.11728134381703746
4,1,D,pca,v4_m120,0.1654621820024784
4,1,D,pca,v3_defect,-0.04494277607824688
4,1,D,pca,sent,0.34269811933023525
4,1,D,pca,ent_cak,0.32947198286862867
4,1,D,pca,frac,0.31811616171720947
4,1,D,pca,kappa,0.12444001911714586
4,1,D,diffusion_t4,v4_m60,0.2065614433628187
4,1,D,diffusion_t4,v4_m120,0.24304673223445075
4,1,D,diffusion_t4,v3_defect,-0.020786526524514022
4,1,D,diffusion_t4,sent,0.347310225774703
4,1,D,diffusion_t4,ent_cak,0.362879746746616
4,1,D,diffusion_t4,frac,0.11527691902206577
4,1,D,diffusion_t4,kappa,0.355373948537947
4,1,D,diffusion_t8,v4_m60,-0.07951134621820202
4,1,D,diffusion_t8,v4_m120,0.050336328442321006
4,1,D,diffusion_t8,v3_defect,0.11510749423071083
4,1,D,diffusion_t8,sent,0.30549363885573305
4,1,D,diffusion_t8,ent_cak,0.41196010183540455
4,1,D,diffusion_t8,frac,0.1950599830892624
4,1,D,diffusion_t8,kappa,0.28881632685718583
4,1,D,heatgeo_t2,v4_m60,0.11471859843657325
4,1,D,heatgeo_t2,v4_m120,0.10598235948543536
4,1,D,heatgeo_t2,v3_defect,
4,1,D,heatgeo_t2,sent,0.4004888791140575
4,1,D,heatgeo_t2,ent_cak,
4,1,D,heatgeo_t2,frac,0.2930743973980631
4,1,D,heatgeo_t2,kappa,
4,1,D,heatgeo_t8,v4_m60,-0.3054258669031338
4,1,D,heatgeo_t8,v4_m120,-0.24241725636060307
4,1,D,heatgeo_t8,v3_defect,
4,1,D,heatgeo_t8,sent,-0.24990208727938976
4,1,D,heatgeo_t8,ent_cak,
4,1,D,heatgeo_t8,frac,
4,1,D,heatgeo_t8,kappa,
5,0,A_oracle,oracle,v4_m60,0.9443024425818002
5,0,A_oracle,oracle,v4_m120,0.9221758798637807
5,0,A_oracle,oracle,v3_defect,0.5100330805234902
5,0,A_oracle,oracle,sent,0.5348048619865845
5,0,A_oracle,oracle,ent_cak,0.7702041406279622
5,0,A_oracle,oracle,frac,0.8436077861623736
5,0,A_oracle,oracle,kappa,0.27657108382197815
5,0,B,plain,v4_m60,0.7583093483425423
5,0,B,plain,v4_m120,0.832884467646826
5,0,B,plain,v3_defect,0.45189770051365624
5,0,B,plain,sent,0.7915774608968427
5,0,B,plain,ent_cak,0.7911416112996432
5,0,B,plain,frac,0.8308260417825023
5,0,B,plain,kappa,0.4840244085915228
5,0,B,nugget,v4_m60,0.4706451574750776
5,0,B,nugget,v4_m120,0.664772281782432
5,0,B,nugget,v3_defect,0.36822138403953497
5,0,B,nugget,sent,0.7400894239783623
5,0,B,nugget,ent_cak,0.6900464126718616
5,0,B,nugget,frac,0.8227779114260874
5,0,B,nugget,kappa,0.5422498688778791
5,0,B,pca,v4_m60,0.6911362291438993
5,0,B,pca,v4_m120,0.7046620282725788
5,0,B,pca,v3_defect,0.5439064318528843
5,0,B,pca,sent,0.8543068062350309
5,0,B,pca,ent_cak,0.6275472874103308
5,0,B,pca,frac,0.8344443634690114
5,0,B,pca,kappa,0.4259578551616673
5,0,B,diffusion_t4,v4_m60,0.5963075562564448
5,0,B,diffusion_t4,v4_m120,-0.37114820929377096
5,0,B,diffusion_t4,v3_defect,-0.2555659506874865
5,0,B,diffusion_t4,sent,0.6222410165627672
5,0,B,diffusion_t4,ent_cak,-0.6846163839054434
5,0,B,diffusion_t4,frac,0.5600891940892893
5,0,B,diffusion_t4,kappa,0.458698088396592
5,0,B,diffusion_t8,v4_m60,-0.8143219889689417
5,0,B,diffusion_t8,v4_m120,-0.9309722338030938
5,0,B,diffusion_t8,v3_defect,-0.04239423481953451
5,0,B,diffusion_t8,sent,-0.9360031025309768
5,0,B,diffusion_t8,ent_cak,-0.9049492136656194
5,0,B,diffusion_t8,frac,-0.1854336576164967
5,0,B,diffusion_t8,kappa,0.3464138693987749
5,0,B,heatgeo_t2,v4_m60,-0.4335986618743555
5,0,B,heatgeo_t2,v4_m120,-0.7192266333062382
5,0,B,heatgeo_t2,v3_defect,0.5152756331407667
5,0,B,heatgeo_t2,sent,0.6754207482400167
5,0,B,heatgeo_t2,ent_cak,-0.4347264134452439
5,0,B,heatgeo_t2,frac,-0.19637013230159078
5,0,B,heatgeo_t2,kappa,-0.0015730987055019184
5,0,B,heatgeo_t8,v4_m60,-0.5883278946457311
5,0,B,heatgeo_t8,v4_m120,-0.5440251062224591
5,0,B,heatgeo_t8,v3_defect,
5,0,B,heatgeo_t8,sent,0.6955889081729578
5,0,B,heatgeo_t8,ent_cak,
5,0,B,heatgeo_t8,frac,-0.3886551415673147
5,0,B,heatgeo_t8,kappa,
5,0,C05,plain,v4_m60,-0.04060527730103081
5,0,C05,plain,v4_m120,0.14459669927601287
5,0,C05,plain,v3_defect,0.2020083360295895
5,0,C05,plain,sent,0.4794978924837633
5,0,C05,plain,ent_cak,0.2948638944490135
5,0,C05,plain,frac,0.7636762564389666
5,0,C05,plain,kappa,0.2689175620296248
5,0,C05,nugget,v4_m60,0.2994490070642694
5,0,C05,nugget,v4_m120,0.322845913770426
5,0,C05,nugget,v3_defect,-0.11744607201879345
5,0,C05,nugget,sent,0.5009268758218582
5,0,C05,nugget,ent_cak,0.234145211671099
5,0,C05,nugget,frac,0.4615609922009384
5,0,C05,nugget,kappa,0.16616521343452031
5,0,C05,pca,v4_m60,0.32860354030722755
5,0,C05,pca,v4_m120,0.37261162993996266
5,0,C05,pca,v3_defect,0.45996816099966753
5,0,C05,pca,sent,0.5243190165396088
5,0,C05,pca,ent_cak,0.3362525881046182
5,0,C05,pca,frac,0.7118180532959313
5,0,C05,pca,kappa,0.07475587356809726
5,0,C05,diffusion_t4,v4_m60,0.5994077239943014
5,0,C05,diffusion_t4,v4_m120,0.5914875945476868
5,0,C05,diffusion_t4,v3_defect,0.39722021047921835
5,0,C05,diffusion_t4,sent,0.31298347904075297
5,0,C05,diffusion_t4,ent_cak,-0.3620650500922894
5,0,C05,diffusion_t4,frac,0.5421376765280846
5,0,C05,diffusion_t4,kappa,0.1254510947431338
5,0,C05,diffusion_t8,v4_m60,-0.4305933624223186
5,0,C05,diffusion_t8,v4_m120,-0.5887269294093993
5,0,C05,diffusion_t8,v3_defect,-0.03563390782608966
5,0,C05,diffusion_t8,sent,-0.4755751465158949
5,0,C05,diffusion_t8,ent_cak,-0.7168171987690803
5,0,C05,diffusion_t8,frac,0.12384902314091584
5,0,C05,diffusion_t8,kappa,0.3474596599150892
5,0,C05,heatgeo_t2,v4_m60,0.0581811664606885
5,0,C05,heatgeo_t2,v4_m120,0.10374983899313495
5,0,C05,heatgeo_t2,v3_defect,0.33906369485993104
5,0,C05,heatgeo_t2,sent,0.5405400192896662
5,0,C05,heatgeo_t2,ent_cak,-0.3374296714699447
5,0,C05,heatgeo_t2,frac,
5,0,C05,heatgeo_t2,kappa,
5,0,C05,heatgeo_t8,v4_m60,-0.6891304164651166
5,0,C05,heatgeo_t8,v4_m120,-0.5765135135115916
5,0,C05,heatgeo_t8,v3_defect,
5,0,C05,heatgeo_t8,sent,0.30911727731763894
5,0,C05,heatgeo_t8,ent_cak,
5,0,C05,heatgeo_t8,frac,
5,0,C05,heatgeo_t8,kappa,
5,0,C17,plain,v4_m60,-0.10953251002454051
5,0,C17,plain,v4_m120,-0.020910279759334648
5,0,C17,plain,v3_defect,0.2159364637010635
5,0,C17,plain,sent,0.29818155744639707
5,0,C17,plain,ent_cak,-0.17143503220405526
5,0,C17,plain,frac,0.18405138080191075
5,0,C17,plain,kappa,0.009555136927973822
5,0,C17,nugget,v4_m60,0.08999800157986465
5,0,C17,nugget,v4_m120,0.13478329161080077
5,0,C17,nugget,v3_defect,-0.11529202659460613
5,0,C17,nugget,sent,0.26593619657466794
5,0,C17,nugget,ent_cak,-0.06888380995342966
5,0,C17,nugget,frac,0.22236933987989144
5,0,C17,nugget,kappa,-0.3639969131841787
5,0,C17,pca,v4_m60,-0.01140424997798338
5,0,C17,pca,v4_m120,0.05953173597368065
5,0,C17,pca,v3_defect,0.05310108227040154
5,0,C17,pca,sent,0.18499185834310822
5,0,C17,pca,ent_cak,0.026575490414328825
5,0,C17,pca,frac,0.15438464466519
5,0,C17,pca,kappa,0.21461285909187
5,0,C17,diffusion_t4,v4_m60,-0.19536320037939073
5,0,C17,diffusion_t4,v4_m120,0.04053803371204224
5,0,C17,diffusion_t4,v3_defect,-0.14458864809101502
5,0,C17,diffusion_t4,sent,-0.10757118624857429
5,0,C17,diffusion_t4,ent_cak,0.10657523712323436
5,0,C17,diffusion_t4,frac,-0.09022019000961666
5,0,C17,diffusion_t4,kappa,-0.05375407203013899
5,0,C17,diffusion_t8,v4_m60,0.029981213982773158
5,0,C17,diffusion_t8,v4_m120,0.22827976727478738
5,0,C17,diffusion_t8,v3_defect,-0.2830678723087844
5,0,C17,diffusion_t8,sent,-0.12177195873710818
5,0,C17,diffusion_t8,ent_cak,0.11239907289399656
5,0,C17,diffusion_t8,frac,-0.13300536081101555
5,0,C17,diffusion_t8,kappa,0.014941747355128175
5,0,C17,heatgeo_t2,v4_m60,-0.1787163591503958
5,0,C17,heatgeo_t2,v4_m120,-0.1491268282942456
5,0,C17,heatgeo_t2,v3_defect,0.20286774958487538
5,0,C17,heatgeo_t2,sent,0.18453827471499581
5,0,C17,heatgeo_t2,ent_cak,-0.0972300380650535
5,0,C17,heatgeo_t2,frac,
5,0,C17,heatgeo_t2,kappa,
5,0,C17,heatgeo_t8,v4_m60,0.25365080792741945
5,0,C17,heatgeo_t8,v4_m120,0.1873825189292091
5,0,C17,heatgeo_t8,v3_defect,
5,0,C17,heatgeo_t8,sent,-0.037696966291441196
5,0,C17,heatgeo_t8,ent_cak,
5,0,C17,heatgeo_t8,frac,
5,0,C17,heatgeo_t8,kappa,
5,0,D,plain,v4_m60,0.20650313362877962
5,0,D,plain,v4_m120,0.07901155593905669
5,0,D,plain,v3_defect,0.1422159329532037
5,0,D,plain,sent,0.013232565047038207
5,0,D,plain,ent_cak,0.24854441017339857
5,0,D,plain,frac,-0.12010268309032972
5,0,D,plain,kappa,0.006639415181793941
5,0,D,nugget,v4_m60,0.1981462256935099
5,0,D,nugget,v4_m120,0.04796980250726443
5,0,D,nugget,v3_defect,0.022905153680924956
5,0,D,nugget,sent,-0.037832407955065754
5,0,D,nugget,ent_cak,0.08226510464643978
5,0,D,nugget,frac,-0.05197963284545737
5,0,D,nugget,kappa,0.058598790125958464
5,0,D,pca,v4_m60,-0.1151044388003953
5,0,D,pca,v4_m120,-0.21191705241229017
5,0,D,pca,v3_defect,0.18802155731788464
5,0,D,pca,sent,0.006820289145924412
5,0,D,pca,ent_cak,0.05926680985651959
5,0,D,pca,frac,0.3460338644428514
5,0,D,pca,kappa,-0.09889283552375049
5,0,D,diffusion_t4,v4_m60,0.007088640501811893
5,0,D,diffusion_t4,v4_m120,0.0656389142745342
5,0,D,diffusion_t4,v3_defect,0.14858281742846985
5,0,D,diffusion_t4,sent,0.0027427035132681463
5,0,D,diffusion_t4,ent_cak,-0.023753275620290663
5,0,D,diffusion_t4,frac,-0.09572130902375874
5,0,D,diffusion_t4,kappa,0.029375939940158316
5,0,D,diffusion_t8,v4_m60,0.0263526340723849
5,0,D,diffusion_t8,v4_m120,-0.0480662234319258
5,0,D,diffusion_t8,v3_defect,0.10427545856281686
5,0,D,diffusion_t8,sent,-0.0016567624483933303
5,0,D,diffusion_t8,ent_cak,-0.03529416546029955
5,0,D,diffusion_t8,frac,0.11066636313909003
5,0,D,diffusion_t8,kappa,0.04602668547174517
5,0,D,heatgeo_t2,v4_m60,-0.17162236521441154
5,0,D,heatgeo_t2,v4_m120,-0.11873175295783289
5,0,D,heatgeo_t2,v3_defect,
5,0,D,heatgeo_t2,sent,0.040918294194640194
5,0,D,heatgeo_t2,ent_cak,
5,0,D,heatgeo_t2,frac,
5,0,D,heatgeo_t2,kappa,
5,0,D,heatgeo_t8,v4_m60,0.12283733284956329
5,0,D,heatgeo_t8,v4_m120,0.15323501789292937
5,0,D,heatgeo_t8,v3_defect,
5,0,D,heatgeo_t8,sent,0.03746400086980158
5,0,D,heatgeo_t8,ent_cak,
5,0,D,heatgeo_t8,frac,
5,0,D,heatgeo_t8,kappa,
5,1,A_oracle,oracle,v4_m60,0.9632072672410575
5,1,A_oracle,oracle,v4_m120,0.9213792226585784
5,1,A_oracle,oracle,v3_defect,0.4571392095020955
5,1,A_oracle,oracle,sent,0.3946102317349853
5,1,A_oracle,oracle,ent_cak,0.5126976592447674
5,1,A_oracle,oracle,frac,0.7876041574154736
5,1,A_oracle,oracle,kappa,0.3552247175152551
5,1,B,plain,v4_m60,0.7526068727611046
5,1,B,plain,v4_m120,0.8121480307467811
5,1,B,plain,v3_defect,0.36200632672033056
5,1,B,plain,sent,0.6264925797032344
5,1,B,plain,ent_cak,0.40109363088017597
5,1,B,plain,frac,0.8312645293176033
5,1,B,plain,kappa,0.35089839549492996
5,1,B,nugget,v4_m60,0.75807893303304
5,1,B,nugget,v4_m120,0.7863925616513239
5,1,B,nugget,v3_defect,0.26617589446837053
5,1,B,nugget,sent,0.5883760213579291
5,1,B,nugget,ent_cak,0.5247541842298156
5,1,B,nugget,frac,0.7856059362395716
5,1,B,nugget,kappa,0.41808751202209693
5,1,B,pca,v4_m60,0.471535876045909
5,1,B,pca,v4_m120,0.7341397793736767
5,1,B,pca,v3_defect,0.5724867129794282
5,1,B,pca,sent,0.720827329403879
5,1,B,pca,ent_cak,-0.020901681365925465
5,1,B,pca,frac,0.8153266125138243
5,1,B,pca,kappa,0.48563899295374374
5,1,B,diffusion_t4,v4_m60,0.5573310965868592
5,1,B,diffusion_t4,v4_m120,0.03126548810582909
5,1,B,diffusion_t4,v3_defect,-0.008114612035126988
5,1,B,diffusion_t4,sent,0.5354033680486211
5,1,B,diffusion_t4,ent_cak,-0.6834108119472467
5,1,B,diffusion_t4,frac,0.20133042176495713
5,1,B,diffusion_t4,kappa,0.356965712470179
5,1,B,diffusion_t8,v4_m60,-0.7258213183464033
5,1,B,diffusion_t8,v4_m120,-0.7792687808959048
5,1,B,diffusion_t8,v3_defect,-0.02394560613788822
5,1,B,diffusion_t8,sent,-0.9279360749948365
5,1,B,diffusion_t8,ent_cak,-0.9122853500230095
5,1,B,diffusion_t8,frac,0.6824690545360029
5,1,B,diffusion_t8,kappa,0.20805367320337917
5,1,B,heatgeo_t2,v4_m60,-0.19419871968163752
5,1,B,heatgeo_t2,v4_m120,-0.6818966371548532
5,1,B,heatgeo_t2,v3_defect,0.3658740980379632
5,1,B,heatgeo_t2,sent,0.5619162162032979
5,1,B,heatgeo_t2,ent_cak,-0.35876818148018347
5,1,B,heatgeo_t2,frac,
5,1,B,heatgeo_t2,kappa,-0.07654225064570357
5,1,B,heatgeo_t8,v4_m60,-0.35625288227553326
5,1,B,heatgeo_t8,v4_m120,-0.12091940577934347
5,1,B,heatgeo_t8,v3_defect,
5,1,B,heatgeo_t8,sent,0.5842231171503625
5,1,B,heatgeo_t8,ent_cak,
5,1,B,heatgeo_t8,frac,
5,1,B,heatgeo_t8,kappa,
5,1,C05,plain,v4_m60,0.2022881437217699
5,1,C05,plain,v4_m120,0.3283778321114136
5,1,C05,plain,v3_defect,0.05621063366264449
5,1,C05,plain,sent,0.20234845020281295
5,1,C05,plain,ent_cak,0.30917875071454126
5,1,C05,plain,frac,0.22015222647700802
5,1,C05,plain,kappa,0.4306759584411543
5,1,C05,nugget,v4_m60,0.5435408812355503
5,1,C05,nugget,v4_m120,0.4752088716792008
5,1,C05,nugget,v3_defect,-0.23249384235353399
5,1,C05,nugget,sent,0.23802262818565714
5,1,C05,nugget,ent_cak,0.33978990474464965
5,1,C05,nugget,frac,0.24920110482071506
5,1,C05,nugget,kappa,-0.13397111891512237
5,1,C05,pca,v4_m60,0.4006531487577421
5,1,C05,pca,v4_m120,0.44799010602424405
5,1,C05,pca,v3_defect,0.012395650656254972
5,1,C05,pca,sent,0.08411299002252787
5,1,C05,pca,ent_cak,0.2677860638177652
5,1,C05,pca,frac,0.17734096109695138
5,1,C05,pca,kappa,-0.06342101879741217
5,1,C05,diffusion_t4,v4_m60,0.5895677367232146
5,1,C05,diffusion_t4,v4_m120,0.3460228993583577
5,1,C05,diffusion_t4,v3_defect,0.22648367472902803
5,1,C05,diffusion_t4,sent,0.18901270175794346
5,1,C05,diffusion_t4,ent_cak,-0.10092771243582122
5,1,C05,diffusion_t4,frac,0.033434264791474204
5,1,C05,diffusion_t4,kappa,0.187867367092746
5,1,C05,diffusion_t8,v4_m60,-0.2166695408591073
5,1,C05,diffusion_t8,v4_m120,-0.15788314194538716
5,1,C05,diffusion_t8,v3_defect,0.1100197259356454
5,1,C05,diffusion_t8,sent,-0.21063307850529717
5,1,C05,diffusion_t8,ent_cak,-0.26623867440445165
5,1,C05,diffusion_t8,frac,0.05483352048228337
5,1,C05,diffusion_t8,kappa,-0.013704716965243719
5,1,C05,heatgeo_t2,v4_m60,0.443160475788394
5,1,C05,heatgeo_t2,v4_m120,0.4873050916796218
5,1,C05,heatgeo_t2,v3_defect,0.11143875386003886
5,1,C05,heatgeo_t2,sent,0.29123266391372093
5,1,C05,heatgeo_t2,ent_cak,-0.06837493158622283
5,1,C05,heatgeo_t2,frac,
5,1,C05,heatgeo_t2,kappa,
5,1,C05,heatgeo_t8,v4_m60,0.2119217202984879
5,1,C05,heatgeo_t8,v4_m120,0.4301815279935296
5,1,C05,heatgeo_t8,v3_defect,
5,1,C05,heatgeo_t8,sent,-0.014737265682580294
5,1,C05,heatgeo_t8,ent_cak,
5,1,C05,heatgeo_t8,frac,-0.04661786587749694
5,1,C05,heatgeo_t8,kappa,
5,1,C17,plain,v4_m60,0.11435750125400433
5,1,C17,plain,v4_m120,0.08499420982756194
5,1,C17,plain,v3_defect,-0.07590980202400925
5,1,C17,plain,sent,-0.12902111541028125
5,1,C17,plain,ent_cak,0.07817048323018952
5,1,C17,plain,frac,0.12431290431302862
5,1,C17,plain,kappa,-0.32775275355032496
5,1,C17,nugget,v4_m60,0.18447242623955754
5,1,C17,nugget,v4_m120,0.28965665118452094
5,1,C17,nugget,v3_defect,-0.3678395438955939
5,1,C17,nugget,sent,0.005898096411540762
5,1,C17,nugget,ent_cak,0.15693160367067394
5,1,C17,nugget,frac,0.1575393426570636
5,1,C17,nugget,kappa,-0.0022796447271038692
5,1,C17,pca,v4_m60,0.10731983165746285
5,1,C17,pca,v4_m120,0.19068758187245766
5,1,C17,pca,v3_defect,-0.19632947875397594
5,1,C17,pca,sent,-0.2355095890905241
5,1,C17,pca,ent_cak,0.03584058848373104
5,1,C17,pca,frac,0.06592826845740937
5,1,C17,pca,kappa,-0.1065694258974964
5,1,C17,diffusion_t4,v4_m60,-0.06787199808692922
5,1,C17,diffusion_t4,v4_m120,-0.03473058551520297
5,1,C17,diffusion_t4,v3_defect,-0.3112732866151358
5,1,C17,diffusion_t4,sent,-0.24876266294252145
5,1,C17,diffusion_t4,ent_cak,0.14233475006598506
5,1,C17,diffusion_t4,frac,-0.17396345062915233
5,1,C17,diffusion_t4,kappa,-0.62636234199675
5,1,C17,diffusion_t8,v4_m60,0.026244925031476293
5,1,C17,diffusion_t8,v4_m120,0.20898989310432534
5,1,C17,diffusion_t8,v3_defect,0.0621693345697704
5,1,C17,diffusion_t8,sent,-0.1434926112922332
5,1,C17,diffusion_t8,ent_cak,0.09892763488695087
5,1,C17,diffusion_t8,frac,-0.09723185547220979
5,1,C17,diffusion_t8,kappa,-0.10078036816949677
5,1,C17,heatgeo_t2,v4_m60,0.056868681009670616
5,1,C17,heatgeo_t2,v4_m120,0.15439509029238624
5,1,C17,heatgeo_t2,v3_defect,0.07026134364031883
5,1,C17,heatgeo_t2,sent,-0.12550608574169958
5,1,C17,heatgeo_t2,ent_cak,-0.0425153499017861
5,1,C17,heatgeo_t2,frac,
5,1,C17,heatgeo_t2,kappa,
5,1,C17,heatgeo_t8,v4_m60,0.09808764536204627
5,1,C17,heatgeo_t8,v4_m120,0.2641743301962171
5,1,C17,heatgeo_t8,v3_defect,
5,1,C17,heatgeo_t8,sent,-0.24524221800477453
5,1,C17,heatgeo_t8,ent_cak,
5,1,C17,heatgeo_t8,frac,
5,1,C17,heatgeo_t8,kappa,
5,1,D,plain,v4_m60,0.24891088427506922
5,1,D,plain,v4_m120,0.27134138047913725
5,1,D,plain,v3_defect,-0.01747172730976538
5,1,D,plain,sent,0.16069664169602285
5,1,D,plain,ent_cak,0.10290361755573561
5,1,D,plain,frac,0.05768783163280377
5,1,D,plain,kappa,0.013517586501229365
5,1,D,nugget,v4_m60,0.09558644606568635
5,1,D,nugget,v4_m120,0.334228721646847
5,1,D,nugget,v3_defect,-0.04973904940777563
5,1,D,nugget,sent,0.15035257077326203
5,1,D,nugget,ent_cak,0.11882545200094523
5,1,D,nugget,frac,0.0854234093906798
5,1,D,nugget,kappa,-0.08817281432991088
5,1,D,pca,v4_m60,-0.03384395385190105
5,1,D,pca,v4_m120,0.08206914488209767
5,1,D,pca,v3_defect,0.09535910664010716
5,1,D,pca,sent,0.21875089178086268
5,1,D,pca,ent_cak,-0.10203634725920928
5,1,D,pca,frac,0.44524132523731114
5,1,D,pca,kappa,0.17088784119957742
5,1,D,diffusion_t4,v4_m60,0.2392146604916865
5,1,D,diffusion_t4,v4_m120,0.25807490838961733
5,1,D,diffusion_t4,v3_defect,-0.036159134653622506
5,1,D,diffusion_t4,sent,0.13375487544457648
5,1,D,diffusion_t4,ent_cak,0.1407574269203301
5,1,D,diffusion_t4,frac,-0.04890600742742881
5,1,D,diffusion_t4,kappa,0.2806301712582516
5,1,D,diffusion_t8,v4_m60,0.1578677596904135
5,1,D,diffusion_t8,v4_m120,0.2056361301155391
5,1,D,diffusion_t8,v3_defect,-0.007247533765032541
5,1,D,diffusion_t8,sent,0.11103879093757961
5,1,D,diffusion_t8,ent_cak,0.1005961178310235
5,1,D,diffusion_t8,frac,-0.054046747784507146
5,1,D,diffusion_t8,kappa,-0.0300944175555489
5,1,D,heatgeo_t2,v4_m60,0.10780012412503312
5,1,D,heatgeo_t2,v4_m120,0.14407443870893152
5,1,D,heatgeo_t2,v3_defect,
5,1,D,heatgeo_t2,sent,0.21164222269707592
5,1,D,heatgeo_t2,ent_cak,
5,1,D,heatgeo_t2,frac,
5,1,D,heatgeo_t2,kappa,
5,1,D,heatgeo_t8,v4_m60,-0.06653316639337876
5,1,D,heatgeo_t8,v4_m120,-0.048577316797692026
5,1,D,heatgeo_t8,v3_defect,
5,1,D,heatgeo_t8,sent,-0.15084374583873464
5,1,D,heatgeo_t8,ent_cak,
5,1,D,heatgeo_t8,frac,
5,1,D,heatgeo_t8,kappa,
6,0,A_oracle,oracle,v4_m60,0.9436896244150251
6,0,A_oracle,oracle,v4_m120,0.9088340536313386
6,0,A_oracle,oracle,v3_defect,-0.15463148240459956
6,0,A_oracle,oracle,sent,0.35871103133078913
6,0,A_oracle,oracle,ent_cak,0.6574736932963652
6,0,A_oracle,oracle,frac,0.6882368699682204
6,0,A_oracle,oracle,kappa,0.3104997713885024
6,0,B,plain,v4_m60,0.7264261352995337
6,0,B,plain,v4_m120,0.8258647965835072
6,0,B,plain,v3_defect,0.5152547024406778
6,0,B,plain,sent,0.6054886440890807
6,0,B,plain,ent_cak,0.5313129687229031
6,0,B,plain,frac,0.7177071648738079
6,0,B,plain,kappa,0.04365936252810159
6,0,B,nugget,v4_m60,0.4842774275901364
6,0,B,nugget,v4_m120,0.43330590731206353
6,0,B,nugget,v3_defect,0.4382136987759204
6,0,B,nugget,sent,0.40471847521359927
6,0,B,nugget,ent_cak,0.5452505904627084
6,0,B,nugget,frac,0.6129058340703478
6,0,B,nugget,kappa,0.44046058723135345
6,0,B,pca,v4_m60,0.03327855591527664
6,0,B,pca,v4_m120,0.6817603806003297
6,0,B,pca,v3_defect,0.8009536183534666
6,0,B,pca,sent,0.7412502269802799
6,0,B,pca,ent_cak,-0.24642065883186676
6,0,B,pca,frac,0.7931956304861223
6,0,B,pca,kappa,0.5235189417178471
6,0,B,diffusion_t4,v4_m60,-0.7072167646865244
6,0,B,diffusion_t4,v4_m120,-0.910483305100296
6,0,B,diffusion_t4,v3_defect,0.4926897342892673
6,0,B,diffusion_t4,sent,-0.824747062622128
6,0,B,diffusion_t4,ent_cak,-0.9252818620352931
6,0,B,diffusion_t4,frac,-0.48408512951571825
6,0,B,diffusion_t4,kappa,-0.04714946670846926
6,0,B,diffusion_t8,v4_m60,-0.44648774531741486
6,0,B,diffusion_t8,v4_m120,-0.530470394447519
6,0,B,diffusion_t8,v3_defect,-0.1902990348728775
6,0,B,diffusion_t8,sent,-0.6104001563813517
6,0,B,diffusion_t8,ent_cak,-0.9013441831991719
6,0,B,diffusion_t8,frac,0.12954282428207387
6,0,B,diffusion_t8,kappa,-0.15708434770767862
6,0,B,heatgeo_t2,v4_m60,-0.1004445809394937
6,0,B,heatgeo_t2,v4_m120,-0.494876051028108
6,0,B,heatgeo_t2,v3_defect,0.0346556328903003
6,0,B,heatgeo_t2,sent,0.4704686512569564
6,0,B,heatgeo_t2,ent_cak,0.05658621714447756
6,0,B,heatgeo_t2,frac,
6,0,B,heatgeo_t2,kappa,
6,0,B,heatgeo_t8,v4_m60,-0.6964261919765489
6,0,B,heatgeo_t8,v4_m120,-0.5391164496094701
6,0,B,heatgeo_t8,v3_defect,
6,0,B,heatgeo_t8,sent,0.6223773149980314
6,0,B,heatgeo_t8,ent_cak,
6,0,B,heatgeo_t8,frac,
6,0,B,heatgeo_t8,kappa,
6,0,C05,plain,v4_m60,0.12143988939442364
6,0,C05,plain,v4_m120,0.3667651793272205
6,0,C05,plain,v3_defect,0.1707174122180834
6,0,C05,plain,sent,0.37445855794762156
6,0,C05,plain,ent_cak,0.36207917446361665
6,0,C05,plain,frac,0.4949626983257299
6,0,C05,plain,kappa,0.24402465130491646
6,0,C05,nugget,v4_m60,0.14514764296694177
6,0,C05,nugget,v4_m120,0.17794592919685445
6,0,C05,nugget,v3_defect,-0.20355737760185405
6,0,C05,nugget,sent,0.21097295604756774
6,0,C05,nugget,ent_cak,0.3890900515065842
6,0,C05,nugget,frac,0.15263994100986017
6,0,C05,nugget,kappa,0.15530337434857852
6,0,C05,pca,v4_m60,0.22803641106015426
6,0,C05,pca,v4_m120,0.3637358092321333
6,0,C05,pca,v3_defect,0.3508936916901547
6,0,C05,pca,sent,0.41137675519711897
6,0,C05,pca,ent_cak,0.32187089701939037
6,0,C05,pca,frac,0.6322331721001697
6,0,C05,pca,kappa,0.25384146763714377
6,0,C05,diffusion_t4,v4_m60,-0.05478277026799106
6,0,C05,diffusion_t4,v4_m120,-0.31043257562586535
6,0,C05,diffusion_t4,v3_defect,0.42437514301827506
6,0,C05,diffusion_t4,sent,0.37485487747140184
6,0,C05,diffusion_t4,ent_cak,-0.24234483127918804
6,0,C05,diffusion_t4,frac,-0.1918208382592253
6,0,C05,diffusion_t4,kappa,0.1849660871404657
6,0,C05,diffusion_t8,v4_m60,-0.20149241143495134
6,0,C05,diffusion_t8,v4_m120,-0.42630927368227806
6,0,C05,diffusion_t8,v3_defect,0.516069269115424
6,0,C05,diffusion_t8,sent,-0.24659491106569062
6,0,C05,diffusion_t8,ent_cak,-0.35207780478224576
6,0,C05,diffusion_t8,frac,-0.20631781001815389
6,0,C05,diffusion_t8,kappa,0.3056153632637315
6,0,C05,heatgeo_t2,v4_m60,0.3887155783238687
6,0,C05,heatgeo_t2,v4_m120,0.3250663303752533
6,0,C05,heatgeo_t2,v3_defect,0.18476109387365247
6,0,C05,heatgeo_t2,sent,0.520823108495583
6,0,C05,heatgeo_t2,ent_cak,-0.1462051677933741
6,0,C05,heatgeo_t2,frac,-0.197732933408954
6,0,C05,heatgeo_t2,kappa,
6,0,C05,heatgeo_t8,v4_m60,-0.47454192138655993
6,0,C05,heatgeo_t8,v4_m120,-0.5278858374404288
6,0,C05,heatgeo_t8,v3_defect,
6,0,C05,heatgeo_t8,sent,0.23922806769141672
6,0,C05,heatgeo_t8,ent_cak,
6,0,C05,heatgeo_t8,frac,
6,0,C05,heatgeo_t8,kappa,
6,0,C17,plain,v4_m60,-0.030545392708582923
6,0,C17,plain,v4_m120,0.04739060453181146
6,0,C17,plain,v3_defect,-0.058068687487749286
6,0,C17,plain,sent,-0.18233246087750463
6,0,C17,plain,ent_cak,0.01177743721134168
6,0,C17,plain,frac,0.05749997138302137
6,0,C17,plain,kappa,-0.2088824546400203
6,0,C17,nugget,v4_m60,-0.057745065498785754
6,0,C17,nugget,v4_m120,0.012106206558362724
6,0,C17,nugget,v3_defect,-0.12010301294262175
6,0,C17,nugget,sent,0.04142625462107105
6,0,C17,nugget,ent_cak,0.02572566328468782
6,0,C17,nugget,frac,-0.09687580427980921
6,0,C17,nugget,kappa,-0.10643558989250085
6,0,C17,pca,v4_m60,0.034714962674227946
6,0,C17,pca,v4_m120,0.16335142790735188
6,0,C17,pca,v3_defect,-0.07444528877625535
6,0,C17,pca,sent,-0.18480959167477065
6,0,C17,pca,ent_cak,-0.04775279315482801
6,0,C17,pca,frac,-0.04288522050303494
6,0,C17,pca,kappa,-0.1568753386209511
6,0,C17,diffusion_t4,v4_m60,-0.0684400564460066
6,0,C17,diffusion_t4,v4_m120,0.16594667176548136
6,0,C17,diffusion_t4,v3_defect,-0.19616986086503707
6,0,C17,diffusion_t4,sent,0.353875130038991
6,0,C17,diffusion_t4,ent_cak,-0.005118492448153844
6,0,C17,diffusion_t4,frac,0.4498794100627805
6,0,C17,diffusion_t4,kappa,-0.037024966358120734
6,0,C17,diffusion_t8,v4_m60,0.26797204757381254
6,0,C17,diffusion_t8,v4_m120,0.14267385182603382
6,0,C17,diffusion_t8,v3_defect,-0.17041616103052007
6,0,C17,diffusion_t8,sent,0.31191110811787803
6,0,C17,diffusion_t8,ent_cak,0.024327848079058773
6,0,C17,diffusion_t8,frac,0.08756681775373272
6,0,C17,diffusion_t8,kappa,-0.05432287531835705
6,0,C17,heatgeo_t2,v4_m60,0.08614911277285735
6,0,C17,heatgeo_t2,v4_m120,0.12852199331834227
6,0,C17,heatgeo_t2,v3_defect,0.28273233113075386
6,0,C17,heatgeo_t2,sent,-0.21074039153651344
6,0,C17,heatgeo_t2,ent_cak,
6,0,C17,heatgeo_t2,frac,
6,0,C17,heatgeo_t2,kappa,
6,0,C17,heatgeo_t8,v4_m60,-0.052544724899011144
6,0,C17,heatgeo_t8,v4_m120,-0.0813224215808043
6,0,C17,heatgeo_t8,v3_defect,
6,0,C17,heatgeo_t8,sent,-0.03147416302533257
6,0,C17,heatgeo_t8,ent_cak,
6,0,C17,heatgeo_t8,frac,
6,0,C17,heatgeo_t8,kappa,
6,0,D,plain,v4_m60,0.4577432636058838
6,0,D,plain,v4_m120,0.3235161485195019
6,0,D,plain,v3_defect,0.030633694587875553
6,0,D,plain,sent,0.10054765423615769
6,0,D,plain,ent_cak,0.40940883367764347
6,0,D,plain,frac,0.1810695587689172
6,0,D,plain,kappa,0.3481084286587532
6,0,D,nugget,v4_m60,0.04333020069949624
6,0,D,nugget,v4_m120,0.0016534849603675687
6,0,D,nugget,v3_defect,-0.2593071222034718
6,0,D,nugget,sent,0.21643667294494812
6,0,D,nugget,ent_cak,0.4027868921145524
6,0,D,nugget,frac,0.20950714967147618
6,0,D,nugget,kappa,0.07095511274955621
6,0,D,pca,v4_m60,0.022798140139126757
6,0,D,pca,v4_m120,0.10378468332688333
6,0,D,pca,v3_defect,0.21734559705377282
6,0,D,pca,sent,-0.05774134263903896
6,0,D,pca,ent_cak,0.1558210127976926
6,0,D,pca,frac,-0.21973573954590706
6,0,D,pca,kappa,0.15204743426428655
6,0,D,diffusion_t4,v4_m60,-0.0008941615170825886
6,0,D,diffusion_t4,v4_m120,-0.10608933474469046
6,0,D,diffusion_t4,v3_defect,-0.08809194678724602
6,0,D,diffusion_t4,sent,-0.13010734739222343
6,0,D,diffusion_t4,ent_cak,-0.13356195356357614
6,0,D,diffusion_t4,frac,-0.25057237835461055
6,0,D,diffusion_t4,kappa,0.2512637745605283
6,0,D,diffusion_t8,v4_m60,-0.1409577039508512
6,0,D,diffusion_t8,v4_m120,-0.0977866500017692
6,0,D,diffusion_t8,v3_defect,-0.04969961734719162
6,0,D,diffusion_t8,sent,-0.01955330816441845
6,0,D,diffusion_t8,ent_cak,-0.05564012378974015
6,0,D,diffusion_t8,frac,0.0005740681189009192
6,0,D,diffusion_t8,kappa,0.23946202234861796
6,0,D,heatgeo_t2,v4_m60,0.0449414086876594
6,0,D,heatgeo_t2,v4_m120,0.14370999841460236
6,0,D,heatgeo_t2,v3_defect,
6,0,D,heatgeo_t2,sent,0.0511302087394747
6,0,D,heatgeo_t2,ent_cak,
6,0,D,heatgeo_t2,frac,
6,0,D,heatgeo_t2,kappa,
6,0,D,heatgeo_t8,v4_m60,0.08736969040197726
6,0,D,heatgeo_t8,v4_m120,0.019756038751732583
6,0,D,heatgeo_t8,v3_defect,
6,0,D,heatgeo_t8,sent,-0.20868306415288213
6,0,D,heatgeo_t8,ent_cak,
6,0,D,heatgeo_t8,frac,
6,0,D,heatgeo_t8,kappa,
6,1,A_oracle,oracle,v4_m60,0.9145028926748742
6,1,A_oracle,oracle,v4_m120,0.884710462444251
6,1,A_oracle,oracle,v3_defect,0.25388414503938467
6,1,A_oracle,oracle,sent,0.3094029257969051
6,1,A_oracle,oracle,ent_cak,0.18262551966435414
6,1,A_oracle,oracle,frac,0.7125684679750264
6,1,A_oracle,oracle,kappa,-0.18610376158098182
6,1,B,plain,v4_m60,0.6757349241976973
6,1,B,plain,v4_m120,0.8438109660576122
6,1,B,plain,v3_defect,0.4508018224177686
6,1,B,plain,sent,0.5767312198078459
6,1,B,plain,ent_cak,0.43985820273585025
6,1,B,plain,frac,0.7886584427850423
6,1,B,plain,kappa,0.25631064118533226
6,1,B,nugget,v4_m60,0.32949801555153896
6,1,B,nugget,v4_m120,0.5034657553192238
6,1,B,nugget,v3_defect,0.3526497532947218
6,1,B,nugget,sent,0.44235717691124343
6,1,B,nugget,ent_cak,0.21615748446790312
6,1,B,nugget,frac,0.7706455287812446
6,1,B,nugget,kappa,0.23892168359895272
6,1,B,pca,v4_m60,0.5602347155432883
6,1,B,pca,v4_m120,0.7664823955286579
6,1,B,pca,v3_defect,0.8107384960426737
6,1,B,pca,sent,0.6842641748936873
6,1,B,pca,ent_cak,-0.24272688899006734
6,1,B,pca,frac,0.6624993284858144
6,1,B,pca,kappa,0.21805513184661776
6,1,B,diffusion_t4,v4_m60,-0.37117242051121596
6,1,B,diffusion_t4,v4_m120,-0.7039530410710368
6,1,B,diffusion_t4,v3_defect,0.5601749734418918
6,1,B,diffusion_t4,sent,-0.9503065982927099
6,1,B,diffusion_t4,ent_cak,-0.8685914985862928
6,1,B,diffusion_t4,frac,-0.49847499969560977
6,1,B,diffusion_t4,kappa,-0.054689769282813175
6,1,B,diffusion_t8,v4_m60,-0.7592542364674186
6,1,B,diffusion_t8,v4_m120,-0.7228173815857802
6,1,B,diffusion_t8,v3_defect,-0.034355468236529095
6,1,B,diffusion_t8,sent,-0.7643034000759219
6,1,B,diffusion_t8,ent_cak,-0.9163263274945628
6,1,B,diffusion_t8,frac,0.24710173382037853
6,1,B,diffusion_t8,kappa,0.047566252945638134
6,1,B,heatgeo_t2,v4_m60,-0.5548061074967442
6,1,B,heatgeo_t2,v4_m120,-0.8051418955625463
6,1,B,heatgeo_t2,v3_defect,0.2159776181514304
6,1,B,heatgeo_t2,sent,0.6184441986080398
6,1,B,heatgeo_t2,ent_cak,-0.15822372657847178
6,1,B,heatgeo_t2,frac,
6,1,B,heatgeo_t2,kappa,-0.35686085519446303
6,1,B,heatgeo_t8,v4_m60,-0.5833866532178777
6,1,B,heatgeo_t8,v4_m120,-0.5484225174750877
6,1,B,heatgeo_t8,v3_defect,
6,1,B,heatgeo_t8,sent,0.5487993003538078
6,1,B,heatgeo_t8,ent_cak,
6,1,B,heatgeo_t8,frac,
6,1,B,heatgeo_t8,kappa,
6,1,C05,plain,v4_m60,0.595025183555017
6,1,C05,plain,v4_m120,0.5937886675440205
6,1,C05,plain,v3_defect,0.3263383972086745
6,1,C05,plain,sent,0.33588928348667274
6,1,C05,plain,ent_cak,0.2932816405687385
6,1,C05,plain,frac,0.5107247096952277
6,1,C05,plain,kappa,-0.004333179076197215
6,1,C05,nugget,v4_m60,0.44913660518505166
6,1,C05,nugget,v4_m120,0.4937336629338873
6,1,C05,nugget,v3_defect,-0.06528518394297796
6,1,C05,nugget,sent,0.0065632962494686226
6,1,C05,nugget,ent_cak,0.24116048858275757
6,1,C05,nugget,frac,-0.004323793500081073
6,1,C05,nugget,kappa,-0.25412341580114933
6,1,C05,pca,v4_m60,0.5098954442450497
6,1,C05,pca,v4_m120,0.6712891766853655
6,1,C05,pca,v3_defect,0.5050303034059926
6,1,C05,pca,sent,0.2248558814385747
6,1,C05,pca,ent_cak,0.31366147826457286
6,1,C05,pca,frac,0.34331618219705834
6,1,C05,pca,kappa,0.30199669691169273
6,1,C05,diffusion_t4,v4_m60,-0.1498909567298033
6,1,C05,diffusion_t4,v4_m120,-0.23649889445948133
6,1,C05,diffusion_t4,v3_defect,0.35209181622891017
6,1,C05,diffusion_t4,sent,0.2060222788214166
6,1,C05,diffusion_t4,ent_cak,-0.5164227058115525
6,1,C05,diffusion_t4,frac,-0.16851511644796718
6,1,C05,diffusion_t4,kappa,0.09084701095917841
6,1,C05,diffusion_t8,v4_m60,-0.374120167891169
6,1,C05,diffusion_t8,v4_m120,-0.3422571564067522
6,1,C05,diffusion_t8,v3_defect,-0.09668865878060075
6,1,C05,diffusion_t8,sent,-0.28544364595759464
6,1,C05,diffusion_t8,ent_cak,-0.4738973210298604
6,1,C05,diffusion_t8,frac,0.21508459562391316
6,1,C05,diffusion_t8,kappa,0.45459531776942225
6,1,C05,heatgeo_t2,v4_m60,0.2615661036344388
6,1,C05,heatgeo_t2,v4_m120,0.17347466020597968
6,1,C05,heatgeo_t2,v3_defect,0.1517270565752678
6,1,C05,heatgeo_t2,sent,0.3958370740249079
6,1,C05,heatgeo_t2,ent_cak,
6,1,C05,heatgeo_t2,frac,
6,1,C05,heatgeo_t2,kappa,
6,1,C05,heatgeo_t8,v4_m60,-0.2282738158097959
6,1,C05,heatgeo_t8,v4_m120,0.04308708768246586
6,1,C05,heatgeo_t8,v3_defect,
6,1,C05,heatgeo_t8,sent,0.0801112626732346
6,1,C05,heatgeo_t8,ent_cak,
6,1,C05,heatgeo_t8,frac,0.14624052113740202
6,1,C05,heatgeo_t8,kappa,
6,1,C17,plain,v4_m60,0.2982401282963471
6,1,C17,plain,v4_m120,0.16178074367481443
6,1,C17,plain,v3_defect,0.2402314816564892
6,1,C17,plain,sent,0.07018858925543947
6,1,C17,plain,ent_cak,0.17446611349970625
6,1,C17,plain,frac,0.23320995202463154
6,1,C17,plain,kappa,-0.19582315708596632
6,1,C17,nugget,v4_m60,0.02145984803569841
6,1,C17,nugget,v4_m120,-0.03117742823559366
6,1,C17,nugget,v3_defect,0.01781726471655306
6,1,C17,nugget,sent,-0.03976498999961912
6,1,C17,nugget,ent_cak,0.06695584272481774
6,1,C17,nugget,frac,-0.08105374880670163
6,1,C17,nugget,kappa,-0.24330160687357807
6,1,C17,pca,v4_m60,0.44578673618870746
6,1,C17,pca,v4_m120,0.22699777173735936
6,1,C17,pca,v3_defect,0.371474719777236
6,1,C17,pca,sent,0.09480653456112968
6,1,C17,pca,ent_cak,0.10627406717833308
6,1,C17,pca,frac,0.11153806677443678
6,1,C17,pca,kappa,-0.3285367577403132
6,1,C17,diffusion_t4,v4_m60,0.22792784038705513
6,1,C17,diffusion_t4,v4_m120,0.17924060577271456
6,1,C17,diffusion_t4,v3_defect,0.20479684279257426
6,1,C17,diffusion_t4,sent,0.30776987520059623
6,1,C17,diffusion_t4,ent_cak,-0.0032118960926335134
6,1,C17,diffusion_t4,frac,0.33346584133939533
6,1,C17,diffusion_t4,kappa,0.34992870087021916
6,1,C17,diffusion_t8,v4_m60,0.055142696999724475
6,1,C17,diffusion_t8,v4_m120,0.09118743456504894
6,1,C17,diffusion_t8,v3_defect,0.3139193352992433
6,1,C17,diffusion_t8,sent,0.3115276801589217
6,1,C17,diffusion_t8,ent_cak,-0.03874976897110582
6,1,C17,diffusion_t8,frac,0.2103704626094709
6,1,C17,diffusion_t8,kappa,0.1487164352790575
6,1,C17,heatgeo_t2,v4_m60,0.3167142209656008
6,1,C17,heatgeo_t2,v4_m120,0.13710923619467033
6,1,C17,heatgeo_t2,v3_defect,0.16934615322423613
6,1,C17,heatgeo_t2,sent,0.1623852755736581
6,1,C17,heatgeo_t2,ent_cak,
6,1,C17,heatgeo_t2,frac,
6,1,C17,heatgeo_t2,kappa,
6,1,C17,heatgeo_t8,v4_m60,-0.2545683511192225
6,1,C17,heatgeo_t8,v4_m120,-0.3761740385397289
6,1,C17,heatgeo_t8,v3_defect,
6,1,C17,heatgeo_t8,sent,-0.10310309260060767
6,1,C17,heatgeo_t8,ent_cak,
6,1,C17,heatgeo_t8,frac,
6,1,C17,heatgeo_t8,kappa,
6,1,D,plain,v4_m60,-0.1619370907766103
6,1,D,plain,v4_m120,-0.0689234935102019
6,1,D,plain,v3_defect,0.22451677021406471
6,1,D,plain,sent,0.264116774094575
6,1,D,plain,ent_cak,-0.021017224637617845
6,1,D,plain,frac,0.06823011887306002
6,1,D,plain,kappa,-0.21011834964620268
6,1,D,nugget,v4_m60,-0.2599768647379534
6,1,D,nugget,v4_m120,-0.21901704518409357
6,1,D,nugget,v3_defect,0.09034075734710487
6,1,D,nugget,sent,0.2558400289504418
6,1,D,nugget,ent_cak,0.019666979863401247
6,1,D,nugget,frac,-0.12394287740076942
6,1,D,nugget,kappa,-0.16568963267765816
6,1,D,pca,v4_m60,0.051852370851937175
6,1,D,pca,v4_m120,-0.03332362391755636
6,1,D,pca,v3_defect,0.17905968717489162
6,1,D,pca,sent,0.2842114326682708
6,1,D,pca,ent_cak,-0.09648710240089087
6,1,D,pca,frac,-0.09799968522991243
6,1,D,pca,kappa,0.10856628959700876
6,1,D,diffusion_t4,v4_m60,0.41966565490954494
6,1,D,diffusion_t4,v4_m120,0.3026860651253021
6,1,D,diffusion_t4,v3_defect,0.030866939487685003
6,1,D,diffusion_t4,sent,0.10508069081495923
6,1,D,diffusion_t4,ent_cak,0.13456456632644775
6,1,D,diffusion_t4,frac,-0.22168079683844044
6,1,D,diffusion_t4,kappa,0.14164347590348136
6,1,D,diffusion_t8,v4_m60,0.2386912964675453
6,1,D,diffusion_t8,v4_m120,0.13541623343231346
6,1,D,diffusion_t8,v3_defect,0.22125684243725097
6,1,D,diffusion_t8,sent,0.138174361381562
6,1,D,diffusion_t8,ent_cak,0.11031812480712039
6,1,D,diffusion_t8,frac,0.09172501449772073
6,1,D,diffusion_t8,kappa,0.19490711393881294
6,1,D,heatgeo_t2,v4_m60,0.21176628958523164
6,1,D,heatgeo_t2,v4_m120,0.11301212517988495
6,1,D,heatgeo_t2,v3_defect,
6,1,D,heatgeo_t2,sent,0.289944490082605
6,1,D,heatgeo_t2,ent_cak,
6,1,D,heatgeo_t2,frac,
6,1,D,heatgeo_t2,kappa,
6,1,D,heatgeo_t8,v4_m60,0.16730322091357377
6,1,D,heatgeo_t8,v4_m120,0.046061881994132546
6,1,D,heatgeo_t8,v3_defect,
6,1,D,heatgeo_t8,sent,-0.20927462194988536
6,1,D,heatgeo_t8,ent_cak,
6,1,D,heatgeo_t8,frac,
6,1,D,heatgeo_t8,kappa,
