inst_id,dim,noise,ks,dhat,dhat_err,sigma_rel,integ_oracle,v4_m60_oracle,ent_cak_oracle,sent_oracle,integ_est,v4_m60_est,ent_cak_est,sent_est
300,2,0.01,-4.073403328580132,2,0,0.322,-0.4768304626690432,-1096423.312590661,-2.8815632937484206,-0.19269676436102362,-0.4806577071229608,0.8822415690027275,-1.4415831078797758,-1.8489954943436666
301,2,0.01,24.29147882731491,2,0,0.326,0.023377521341824692,-2429930.679406321,3.069523957081808,12.710938146883514,-0.47700337224846673,0.30066426112371825,-0.6061057232843805,-0.8452403549872135
302,2,0.01,2.4353057851002236,2,0,0.354,-0.13928316358713289,-709303.365236635,-1.2648969755980626,1.8633427686626005,-0.44906495979943745,1.0573926928009765,-1.2149077412861915,-1.6980595659720354
303,2,0.01,-1.7047521511958421,2,0,0.311,-0.46554571196379324,-362679.97474572976,-3.4831868801706323,2.1333046678181224,-0.4564441172748326,1.2022461566916707,-1.5260454723703667,-1.6680591994345675
304,2,0.01,-10.811957593661983,2,0,0.324,-0.4555966466362736,-942078.9742722982,-3.055992291952059,3.5667930684503593,-0.45058483687758394,0.9495551564633725,-1.46607131937364,-1.5565502053224818
305,2,0.01,17.833593420006732,2,0,0.315,-0.23452809028574562,-2745570.9418726745,0.727315011651942,10.84933203728573,-0.47341680413349957,0.16300531849503314,-0.9349301080437677,-0.9900520078911412
306,2,0.01,-8.964351133510938,2,0,0.352,-0.4021639414053021,-1026885.2668151467,-1.1572351154105123,-0.5088870958010981,-0.433293284666589,0.9210527494713319,-1.1998062295791139,-1.883048055584935
307,2,0.01,-4.119639039475162,2,0,0.326,-0.4471314049222987,-4112370.1240676395,-2.9042705947723872,2.277747757465495,-0.4860916220503243,-0.43309141750602403,-1.4447710020697118,-1.6568231799272477
308,2,0.01,-4.802158035650685,2,0,0.316,-0.4367333474747055,-1953637.6384036008,-3.185246469533571,2.0940650722343803,-0.48111284585152403,0.508388066361729,-1.4842174055730595,-1.67111159095094
309,2,0.01,-8.930072585381469,2,0,0.356,-0.49205641589770915,-2859068.373879816,-6.344570568758814,-5.440373499839585,-0.48772884652391274,0.1344848129953468,-1.9274232978780796,-2.267609532992973
310,2,0.01,-13.010242390174653,2,0,0.339,-0.46360072688186843,-1370007.3415091743,-7.149073219556719,1.5167058212074065,-0.49170616077693224,0.7629244456207486,-2.040701870766642,-1.716023533939059
311,2,0.01,6.656586154585676,2,0,0.319,-0.46425513801131113,-245235.49887362757,-2.573612008583898,7.3042150097908065,-0.4518825214236535,1.2534667526948724,-1.3983496072658919,-1.2658215457340944
312,2,0.01,-0.8978601744396698,2,0,0.349,-0.38317682673530157,-904813.9272439638,-1.281969413115554,2.080233057559951,-0.4268633703206839,0.9658074144321276,-1.21701498184205,-1.6721875634123906
313,2,0.01,-2.9443229796812913,2,0,0.344,-0.47850721249950523,-742209.0456903046,-3.784987771763194,-0.4932820126661975,-0.4830148857656696,1.0367236400303288,-1.5684155148430485,-1.872377587054468
314,2,0.01,-2.853722380261491,2,0,0.37,-0.4261532032891668,-1237425.7266920041,-0.10347967248575102,0.5333248750049706,-0.45297874949094574,0.8306663822837431,-1.0519980816425685,-1.801775485323501
330,2,0.05,0.16411331195517892,2,0,1.0,-0.4871918315857524,-9888785.082775986,-2.630296337644782,-13.300846722339132,-0.48006612312038777,-1.2500484456848424,-1.452945030678099,-2.929194354189702
331,2,0.05,0.7737598105819261,2,0,0.987,-0.4828187875956228,-23277545.664036714,-3.0213079087090096,-11.667730885286916,-0.49121912635730003,-5.132841781392675,-1.5080351874286286,-2.7976225390272096
332,2,0.05,1.728836197424718,2,0,0.912,-0.48647661631104305,-9766051.316972017,-2.3190840250892775,-8.540592985578192,-0.47029328612306404,-1.433300575018646,-1.3947853998491035,-2.53723345320539
333,2,0.05,-0.020139871171428105,2,0,0.984,-0.48995140189562536,-15143813.373525346,-1.410000705425448,-15.875820105279905,-0.48207653900578934,-2.7740273608680743,-1.281015904698584,-3.1366468289634115
334,2,0.05,5.496937541713086,2,0,0.889,-0.15337435869014993,-14572636.787392555,-1.552550763067984,-4.487914438717372,-0.4901520567076509,-2.8700793182512423,-1.2877385387065705,-2.2152594365436267
335,2,0.05,-6.985728960248757,2,0,0.954,-0.4775268840847656,-21263343.56429177,-5.102430848648421,-13.121295616993542,-0.4820728765878365,-4.548715234189755,-1.8012474539258592,-2.9147288372258884
336,2,0.05,-2.880567788146728,2,0,0.833,-0.4862208976277357,-9703601.219619183,-4.977133064592731,-4.0352984439284905,-0.49506644788840404,-1.7162737110600508,-1.7636533473396727,-2.187741153753872
337,2,0.05,0.013149415250463092,2,0,1.026,-0.32427645929562,-20568459.217844684,-1.018821287363155,-15.927159446048563,-0.489771644974059,-4.34719603507518,-1.2259020997541958,-3.1407829778518885
338,2,0.05,13.350834999027843,2,0,0.872,-0.17941347953565306,-9102048.484564416,-0.5581652011731502,1.574821559049722,-0.4849237097096893,-1.2348176476015646,-1.1488719579066635,-1.733591956976816
339,2,0.05,-11.98291658411206,2,0,0.909,-0.48470076770050463,-13934313.889235884,-8.153745404618693,-10.086626360544157,-0.48823933790758683,-2.6792726058700547,-2.2095995996415665,-2.660061496405736
340,2,0.05,-1.3523409226359646,2,0,0.875,-0.47414691928258035,-23751884.002456117,-2.5288687945282255,-6.54443959165474,-0.4803394143613933,-5.613928846911854,-1.424081977305811,-2.378644628880208
341,2,0.05,-1.8164727412950512,2,0,0.971,-0.4626772828137683,-16652037.356938643,-1.1325016613384726,-13.967360466531158,-0.4600470478172786,-3.211418260198089,-1.2419186836233478,-2.982891967772571
342,2,0.05,-19.350068753652508,2,0,0.844,-0.47460975511126097,-12530267.557764454,-2.3056922324579303,-4.034906231438435,-0.4688408653216824,-2.71067122432056,-1.3909026093322345,-2.1877101264734455
343,2,0.05,-4.378023159484492,2,0,0.908,-0.4741287238010908,-12847397.343010152,-2.761420810347592,-9.76867668842261,-0.48283146569531527,-2.3543728201707705,-1.4565580153060256,-2.6348012810085484
344,2,0.05,3.3309368943672926,2,0,0.939,-0.27605104972367894,-12085673.657504674,1.255097907996746,-6.5239280852909,-0.4727609535375255,-2.126679292970201,-0.8956486029926848,-2.3770150468604685
360,2,0.1,-0.27730828678506325,2,0,1.12,-0.3723188124105281,-35140738.55983807,0.8075938330122802,-24.67467021489098,-0.45745674338704284,-7.159777010327436,-0.9705437688500319,-3.7853057749355203
361,2,0.1,9.449520693307583,2,0,1.098,-0.4721392683322426,-26337214.674283866,-1.6604044483961802,-6.957305566259996,-0.4882577910281318,-4.934612186039398,-1.3135667376296878,-2.364646918311023
362,2,0.1,-12.086218290266444,2,0,1.105,-0.4934027292094452,-39951116.40355871,-4.755958677427929,-21.458136321817456,-0.4865872482920503,-8.37564053367697,-1.7438126618913954,-3.5273894621287583
363,2,0.1,-0.19573506102957822,2,0,1.137,-0.202687210579231,-35045265.980486654,-1.992070116573061,-24.78891458955106,-0.48827092343729783,-7.135645511620944,-1.3596643962047963,-3.7944664083535895
364,2,0.1,-1.095170415248552,2,0,1.189,-0.4882061913456074,-38131896.58941128,-1.157319038909545,-26.207111270098874,-0.46898415820166645,-8.33703272950447,-1.2495296055699137,-3.906163503596319
365,2,0.1,11.08152312025702,2,0,1.03,-0.3316554332173097,-23329709.986274518,0.8799718563922625,-7.138525257131665,-0.486930600121511,-5.147969640429167,-0.9583785284143226,-2.4327275375702446
366,2,0.1,-3.606518083255943,2,0,1.1,-0.4055187666384543,-45920534.24024137,-0.40446530723056723,-24.44784930647108,-0.4854646785764965,-9.884461179175528,-1.139005849133713,-3.767118243166271
367,2,0.1,-1.4167534716119394,2,0,1.121,-0.47829934951576364,-34920090.52304999,-0.3108666276666246,-22.268373957978827,-0.44638596425200305,-7.104006360256877,-1.125996724621861,-3.592357999866231
368,2,0.1,-4.380389712820355,2,0,1.091,-0.4626280508362055,-32284009.713206336,-3.316167128024445,-10.873582362543234,-0.4889757368520677,-6.437714728826203,-1.5436984335223258,-2.678671798758618
369,2,0.1,1.4450793517878724,2,0,1.128,-0.15565010863563122,-23480796.248935174,-2.049018205202333,-27.194411573979867,-0.48947058518542913,-4.212628366132489,-1.3675795161524453,-3.987350094120951
370,2,0.1,-7.72404280863429,2,0,1.08,-0.37533920646870855,-19789139.80675492,-3.0633535817243476,-20.12895203587962,-0.4929408321883068,-3.279531101300259,-1.5085602999778887,-3.420809422413337
371,2,0.1,-16.934696980264345,2,0,1.081,-0.48217806106427435,-27336876.983845245,-6.822083289183084,-22.924175156693273,-0.4929699979703541,-5.187285256087243,-2.0309798789562725,-3.6449431218420676
372,2,0.1,-0.6620962286516345,2,0,1.115,-0.45413428402556916,-37263964.6943771,0.15827772099696447,-18.399004125280122,-0.4554385331803969,-7.696440302209661,-1.0607911333226065,-3.2820943330401477
373,2,0.1,1.219879741117918,2,0,1.114,-0.29301022308079105,-20715243.145113114,-2.472807897174441,-21.705659022327033,-0.4833683855386025,-3.5136115217046218,-1.4264813392912878,-3.5472369577167497
374,2,0.1,-7.89412429083137,2,0,1.121,-0.47190474085836637,-33564102.95676306,-3.1809304038690365,-21.93672121463254,-0.48365308676903446,-6.761269079833895,-1.5249021065729613,-3.5657645749126434
390,2,0.2,6.571277573877722,2,0,1.14,-0.4312019928253713,-47173814.827621385,-3.304178056734072,-11.789268058418976,-0.4694065244297917,-10.201238405460693,-1.5420320924807156,-2.752095641385843
391,2,0.2,-11.107299817390821,2,0,1.196,-0.3302572827913835,-48791046.73691094,-2.6520684911080994,-29.29489015850429,-0.4853364444203371,-11.236947079989482,-1.457810248128801,-4.15562861371281
392,2,0.2,0.5863070446801962,2,0,1.174,-0.13736610705924668,-61894901.47613953,-1.1967391053122916,-30.550265361452528,-0.4801919917970172,-14.801964541899782,-1.2550224570628523,-4.257051780513047
393,2,0.2,-10.420195506771478,2,0,1.193,-0.38206417535453896,-69775087.47183381,-5.000919382032832,-29.416464712604995,-0.4928407979364401,-16.94583756528198,-1.7851026730346926,-4.16545075792138
394,2,0.2,-2.1599274912863997,2,0,1.201,-0.3679283010766368,-58957025.94819619,-7.82940505900023,-28.667387867680418,-0.4899374877982135,-14.002689995099248,-2.1792281322552145,-4.104932001767398
395,2,0.2,-9.597076646976653,2,0,1.198,-0.350284254661287,-51089438.874656975,-5.132990991367582,-29.711571397274266,-0.4912192801816249,-11.862244617885139,-1.803505730226363,-4.189292757056606
396,2,0.2,-19.90966868373765,2,0,1.176,-0.3449434893157532,-55839495.96998588,-9.919651682191615,-29.44610278905597,-0.492492194102599,-13.154538895173147,-2.470486248553233,-4.167845251268441
397,2,0.2,-7.068274592865281,2,0,1.157,-0.25430747652765334,-61721732.89150377,-8.866052097193629,-28.550540124507158,-0.49327696845519226,-14.754852524835625,-2.32367609368722,-4.095491741900657
398,2,0.2,-3.912962490843667,2,0,1.183,-0.4055187666384543,-41231362.474632286,-1.163529377837958,-22.868828892509494,-0.4854646785764965,-9.180269336083231,-1.2503949635605895,-3.6364599363971344
399,2,0.2,0.678826668015989,2,0,1.191,-0.420063552829198,-30743106.809562612,-2.500454695570041,-28.67864376500993,-0.48716655021805827,-6.326848313411382,-1.4366841532444632,-4.105841378302521
400,2,0.2,4.735398380876656,2,0,1.214,-0.3769244479225941,-53213375.89815986,0.8005922153787023,-25.864198091240954,-0.48370918135815993,-12.440080127166075,-0.9767112991195402,-3.8784591643233854
401,2,0.2,-23.39944863774402,2,0,1.153,-0.46466500976294706,-56667527.33302749,-4.866641783580653,-28.929196486015364,-0.49187528707226974,-13.379812017242761,-1.7663922299930523,-4.126083812879139
402,2,0.2,5.287646988969231,2,0,1.151,-0.46674592803485593,-57196027.435669824,-2.4771719191241366,-27.762479178529176,-0.4893466918691262,-13.523595059106077,-1.4334398960670645,-4.031823416618328
403,2,0.2,-0.7938535783685272,2,0,1.228,-0.04228092508238407,-44125415.71379444,-0.7994452608919307,-29.798040524390437,-0.481033922264358,-9.967621648714143,-1.1996629337134024,-4.196278694553204
404,2,0.2,2.4139725477943967,2,0,1.176,-0.4538986872458563,-36728815.699566945,-0.12730195713972234,-22.721847947197823,-0.477297018892062,-7.955312390542429,-1.106005472263089,-3.6245851814252403
420,3,0.01,1.2257813837761642,3,0,0.168,0.2984438997257828,-6372695.202001262,1.1659626223630626,22.898098390329352,-0.49442034219345465,-0.8344658366266762,-1.568001516185477,-1.621250235843916
421,3,0.01,-7.415704083686769,3,0,0.169,-0.3513970835754658,-3512958.6079207826,-0.825081399991926,5.416348092786463,-0.49668997793838165,-0.3424237075083332,-1.8178382969018922,-2.413921514227729
422,3,0.01,-10.734204673555153,3,0,0.151,-0.26354137085712903,-942768.8411642058,-1.473959391027056,14.207611316235752,-0.49212276922257614,0.09979941461096715,-1.8992596951923255,-2.015301139303394
423,3,0.01,-4.375614595954051,3,0,0.125,-0.002246194165025528,-356977.9144010659,0.34069608271423807,18.573646282272563,-0.49314318855536016,0.12065845836782134,-1.6831258905856519,-1.831697374854924
424,3,0.01,-4.175905001060452,3,0,0.155,-0.3706502184052242,-1230292.6755975382,0.37219850799662885,7.862276362738844,-0.49611843935644456,0.05032848083346784,-1.667603267204003,-2.303016309910129
425,3,0.01,-6.077102370699984,3,0,0.158,-0.3474689034274453,-1621179.3771867529,-2.013951795395785,6.09364590253331,-0.49594899022641925,-0.016926917895255376,-1.9670180985244776,-2.3832109439724127
426,3,0.01,-3.8235642778157457,3,0,0.152,0.11803613668796953,-1927365.2037328144,0.5989346128848371,6.440856445803882,-0.49606923930018243,-0.06960880695854721,-1.6391523550787914,-2.367467450299396
427,3,0.01,-41.3525179488977,3,0,0.228,-0.09494939386119622,-13447215.971089035,-0.609336332481855,22.79535125493621,-0.49298773150968006,-2.0516976155671967,-1.7907665433309148,-1.6259090773086524
428,3,0.01,-4.470633486317453,3,0,0.152,-0.3590182568884207,-1242705.9606267603,-2.5350756003651775,1.678082415556332,-0.49655250555165753,0.04819266902206734,-2.032408864537902,-2.5834248982066677
429,3,0.01,-16.296502183721266,3,0,0.188,-0.024648974377533994,-3462237.780114488,-0.6877990405976682,21.394745766789807,-0.4949265686852558,-0.3336967554680252,-1.8006120666753762,-1.6894164334889106
430,3,0.01,-16.842236690951605,3,0,0.164,-0.14215439392507812,-1930295.4077593877,-1.575170808534772,11.478955538896514,-0.496740703909518,-0.07011297361185738,-1.9119597331814224,-2.1390259967392584
431,3,0.01,14.164580864957042,3,0,0.152,0.33517397275016214,-1409887.7153863094,0.7108632696865375,31.272294720324652,-0.4953251532163634,0.01942761886608285,-1.6251075147983773,-1.2415408361925895
432,3,0.01,-15.026763600360248,3,0,0.2,-0.34716874401037867,-3841812.329654347,-5.170820237271363,10.213338653412794,-0.4952983085468756,-0.39900580172820393,-2.36314286513339,-2.1964125934750283
433,3,0.01,0.38008596530585304,3,0,0.168,-0.26338590501020726,-2597317.9879402095,-1.6706559346824903,10.748914368200937,-0.49654281409566947,-0.18487991095900594,-1.923941234471801,-2.172128097970473
434,3,0.01,1.6301777294930675,3,0,0.163,0.0966243652732296,-1815094.3796928723,1.8678244540829785,12.596781505400081,-0.48839931432670125,-0.05029165187061625,-1.4799316902168744,-2.088340652148589
450,3,0.05,-24.895237650545038,3,0,0.357,0.01606641948754106,-13377841.268351104,-0.5228083150871383,25.2843870329261,-0.4947922782844057,-1.72921325807702,-1.8148192756039614,-1.557039108548323
451,3,0.05,-12.659383196182683,3,0,0.38,-0.37053498086014514,-8248586.574486851,-4.068524796076647,2.8015742161179458,-0.494917077574877,-0.8609440843153894,-2.2622603179628467,-2.5932462252675084
452,3,0.05,-8.503913817275507,3,0,0.384,-0.08950531895040237,-5363100.442338557,-0.8151620865431871,6.692807851884399,-0.49447818075886957,-0.37249521417875125,-1.8517119817577654,-2.4139037195475903
453,3,0.05,16.800746756883633,3,0,0.383,0.10105414856871742,-10254284.36308968,3.0975689920496614,17.968368311158283,-0.49491150229826203,-1.200464280847825,-1.3579566345205791,-1.894226040064255
454,3,0.05,-4.99685320061184,3,0,0.391,-0.13970638926001394,-5872275.86391241,-1.0924491405684227,4.1610744857051785,-0.4946682027769177,-0.45868733154787167,-1.8867033887557247,-2.5305884134533754
455,3,0.05,0.10381201133342932,3,0,0.394,0.24334573394333114,-7136329.7904638555,1.007355303614497,6.759009829886248,-0.4945382695605603,-0.6726636544062146,-1.621724873329464,-2.4108525461332424
456,3,0.05,-10.086395056679647,3,0,0.386,-0.1631405609952507,-6806092.008541323,0.04786512031152278,8.622490275856805,-0.4948550913867282,-0.6167617148129728,-1.742804855344944,-2.324966864670016
457,3,0.05,-16.176625387033255,3,0,0.366,-0.30801706366617476,-9470426.89462014,-3.2724138409889036,6.136564276262737,-0.4940182835291659,-1.0677745789094355,-2.161797486970116,-2.4395403494650703
458,3,0.05,0.44664543969564496,3,0,0.38,-0.12841815095069148,-5092984.300490259,-0.04744008138089515,16.671820022911376,-0.4950822680725802,-0.326770536169906,-1.754831609039469,-1.9539824670913541
459,3,0.05,3.218057928153633,3,0,0.374,0.07266491052560775,-8775996.676424982,1.270287515227717,15.748290371642513,-0.495832126193583,-0.9502229290549867,-1.5885449325573484,-1.9965468919675224
460,3,0.05,-13.787515224982826,3,0,0.38,-0.39180534246596543,-10926265.708562639,-5.7633349369830205,8.310883758714029,-0.4963966145594426,-1.3142158339370065,-2.4761317936189964,-2.339328452488691
461,3,0.05,21.368395828400903,3,0,0.363,0.3727818093862323,-5367603.350336786,2.4320206090908227,26.29812745891649,-0.49466051496923424,-0.37325745673454097,-1.4419435138460992,-1.510316972289115
462,3,0.05,4.789913485957336,3,0,0.382,-0.35257859375360495,-3513016.1152852844,-1.4525170896366828,8.392775329846469,-0.4935708787745938,-0.05931692884979885,-1.9321410821852252,-2.3355541636798054
463,3,0.05,1.5260272664429309,3,0,0.372,-0.11072529724275576,-7507824.250418703,-0.43990225520564397,12.179595802651672,-0.4950822680725802,-0.735549435490135,-1.804357194371541,-2.161023941165782
464,3,0.05,-21.079559573576592,3,0,0.361,-0.3692287729239696,-16022555.746572591,-3.601878987051275,17.643279925220998,-0.4962160749153876,-2.1769048218411897,-2.20337335158463,-1.9092089917890114
480,3,0.1,10.984687542340703,3,0,0.574,0.16472601832864264,-14211032.557053259,1.4363656102724542,3.7482270279143894,-0.49343645197426594,-1.3933523265116872,-1.5335306253150058,-2.462518620012877
481,3,0.1,-5.728772538116581,3,0,0.573,-0.06287362756667308,-13867657.987918967,0.41712486220491546,2.651645825813989,-0.4950822680725802,-1.3370196867423265,-1.6585109580969115,-2.5128088118770315
482,3,0.1,-3.557038532205605,3,0,0.552,0.25191248111176456,-22765140.031257465,2.2724901996585416,10.62782080464361,-0.49528717001365374,-2.796704520320431,-1.431004181364707,-2.1470143141607676
483,3,0.1,4.107036960514779,3,0,0.577,0.11012650390154144,-15731327.402934585,1.1633967431744299,6.364615224397352,-0.4953853514150511,-1.6427657356414533,-1.567002344252552,-2.342528724015926
484,3,0.1,-9.95300009216142,3,0,0.578,-0.4036553234058836,-12750954.693203188,-3.1172250868910467,0.08164858754719002,-0.49341886656101136,-1.1538178713339189,-2.0918965283296806,-2.630671177158533
485,3,0.1,-20.52226204708142,3,0,0.561,-0.3201264873248034,-15398986.155901218,-2.873325753527655,0.47690733568748833,-0.49614237696541896,-1.5882431779668085,-2.0619893450593527,-2.6125442584753684
486,3,0.1,-2.2494890599102795,3,0,0.543,0.09808845366143726,-9473526.0729695,1.3829671610602368,10.295076911844923,-0.495832126193583,-0.7945074275874349,-1.5405551517353255,-2.153795472478831
487,3,0.1,-37.0087735355624,3,0,0.528,-0.27832273345309444,-25806318.84589169,0.11401473744286038,8.292243063767522,-0.49659176347036316,-3.5135581260779256,-1.696142709446123,-2.2444028277444943
488,3,0.1,25.65230615275553,3,0,0.559,0.22605600617073862,-13816949.120788135,6.355946117924322,17.86082348543061,-0.48857228377097905,-1.3287005955749305,-0.9302866810756769,-1.8153023607969883
489,3,0.1,-5.530406551054341,3,0,0.593,-0.3542192437131334,-17401522.497507177,-0.11227546770829888,-1.4879829634006212,-0.4947596988810391,-1.9167711718748928,-1.7234265627102974,-2.702655879889165
490,3,0.1,-20.614923975239662,3,0,0.559,-0.4316130020803203,-22339050.58312649,-4.176980128610809,-0.5156308692676285,-0.4965816622438447,-2.726802012829549,-2.22184476483078,-2.6580629457044482
491,3,0.1,-13.136520272342572,3,0,0.543,-0.20063857369967886,-13316034.025038134,-0.013692511808450684,5.754192401177919,-0.49508910074955625,-1.4342004718994266,-1.7118010262144805,-2.359223165082143
492,3,0.1,0.33539850293800555,3,0,0.572,-0.19069229532350446,-22209700.835798513,-1.093497396090608,8.269745313921243,-0.49707336048953693,-2.7055814176676662,-1.8437449893181768,-2.255157759107156
493,3,0.1,33.209975825617065,3,0,0.554,0.3072633253875028,-16318819.926294621,5.685962206002206,22.155082233775197,-0.49015508489738335,-1.7391473773252624,-1.0124407868934717,-1.6183638249594916
494,3,0.1,-1.6689192913019417,3,0,0.579,0.159091787608013,-16538727.712385561,1.7998755923986363,3.091730996506571,-0.4903671635964476,-1.7752245572036989,-1.4889566631556121,-2.4926261134792225
510,3,0.2,9.530164910380307,3,0,0.711,0.04343089903223152,-19326022.696967352,3.8976539307588247,-3.4717626564975914,-0.4920909048473628,-1.7370700494588232,-1.239526556737453,-2.7377426418185475
511,3,0.2,-3.6664137289438203,3,0,0.684,0.08181106079131817,-34634005.00030569,2.8425456336672577,-0.3006273151778349,-0.4944805730282918,-4.011021010281321,-1.3700043771639263,-2.5901312495493953
512,3,0.2,-7.144697080372662,3,0,0.684,-0.07828585872270788,-28808486.32934279,1.1878899375025067,-2.1282416702008913,-0.49541288320240395,-3.1456591672488385,-1.574624006624663,-2.675203840416415
513,3,0.2,-4.361976627914746,3,0,0.698,-0.4090942038563011,-30872659.550545167,-2.145476572220428,-5.2751680574693145,-0.4963225981201315,-3.4522853826863624,-1.986837992686706,-2.821688343723644
514,3,0.2,-14.544124599425984,3,0,0.67,-0.26974837551020747,-37404899.62287269,0.29935257200715204,-0.02832063748871068,-0.4962188262999645,-4.422628390304881,-1.6845031717652375,-2.5774557994372125
515,3,0.2,0.008958082390929434,3,0,0.68,0.08678422975222899,-34109661.60262642,1.8831258555859227,3.9227172618093618,-0.49351171310852965,-3.933131504706593,-1.4886490716120444,-2.3935411624224283
516,3,0.2,-35.603562663735204,3,0,0.673,-0.2176113859173739,-37925374.10077322,0.27686201509459346,4.6577810776611095,-0.49561642491524877,-4.499943180435479,-1.6872844207178022,-2.359325091020255
517,3,0.2,-2.043394187053898,3,0,0.68,-0.3567773216899379,-23411154.008925844,-0.43643675374050883,-0.8164624975534599,-0.49514217556350143,-2.3439030133229286,-1.7754930614109328,-2.6141425708133403
518,3,0.2,6.008144855297212,3,0,0.684,-0.31179232048957267,-39472684.61198154,0.7115516762981219,3.080682899990808,-0.49564092369719714,-4.729791122112652,-1.6335294083535725,-2.4327365454976824
519,3,0.2,2.771940661275317,3,0,0.7,0.031615675143605526,-26453930.777101092,5.427496814561881,-1.0950183800419482,-0.45790721285977287,-2.7958976014047017,-1.0503416497247748,-2.6271089116386976
520,3,0.2,2.0196605728685513,3,0,0.707,-0.27073696966089483,-34865389.7547819,0.278637791240385,5.352803786787496,-0.4989556359398316,-4.045392462660523,-1.6870648229744172,-2.3269728705344126
521,3,0.2,-2.5949241501049283,3,0,0.694,0.13001456854726356,-27446230.7798605,2.0937626331259414,0.8577078389313463,-0.494745126613581,-2.943300537989417,-1.462601103160999,-2.5362125591092703
522,3,0.2,-18.867196080469053,3,0,0.673,-0.1591423426469235,-43703822.74332749,1.7623887232769038,17.585243644560702,-0.4952340137652258,-5.358312923908087,-1.5035797833803515,-1.757571919800123
523,3,0.2,-9.602609423517961,3,0,0.671,0.07301567761703198,-33582604.758331284,1.2915655377675985,2.7628663413888903,-0.49479192120264187,-3.8548389254663085,-1.561803174496545,-2.447530409414539
524,3,0.2,-10.794922538515333,3,0,0.688,0.16874667567135027,-21228666.881171007,4.588203990202024,4.808492579155915,-0.49313276525784316,-2.0197016520462996,-1.1541310888979077,-2.35230970625356
540,4,0.01,0.8640063178340975,4,0,0.134,-0.10246837224439193,-3811167.9510207884,0.27092644418007933,18.380170524526335,-0.4919395205109869,-0.4407661492934117,-3.305528422735408,-4.990079580882673
541,4,0.01,-0.03662322262358403,4,0,0.111,0.036206925389582145,-1242508.5997644048,0.3035609629913214,19.44565333243758,-0.49489778608651946,-0.13390573183344584,-3.2920407317051246,-4.916869983570661
542,4,0.01,22.442617233270976,4,0,0.131,0.45113039059331883,-1901832.4484813611,2.388923414831059,40.448625754962556,-0.4899759673710229,-0.21267070756276452,-2.430170372921733,-3.4737503555564992
543,4,0.01,5.992532678039441,4,0,0.166,0.20951490336242862,-8800769.97258823,0.7577256540331249,30.500528047158678,-0.48789562184244306,-1.2105973061126714,-3.11476193791282,-4.188259834958472
544,4,0.01,-16.875471101588957,4,0,0.154,-0.11381963294337044,-4062539.5188245727,-0.05351185963669494,6.713440847119255,-0.49318542072011967,-0.5475507627535127,-3.451717788028445,-5.839496331956618
545,4,0.01,-25.421391317475663,4,0,0.165,0.33288101622751143,-4527567.135961749,0.06503731169653905,38.90270374185268,-0.49278371955461736,-0.6126246246346787,-3.4024771696719434,-3.6050030854205755
546,4,0.01,-35.825477386408664,4,0,0.183,-0.20142157327882187,-21692888.31033406,-0.5010276995295222,20.83038822601743,-0.4935915402848099,-3.014662047967874,-3.6375980977162308,-4.859535290816602
547,4,0.01,-29.76605096445724,4,0,0.169,-0.15121358654428035,-8865036.04333758,-1.213829593326708,6.396555149246341,-0.4922869747126714,-1.2195904094413168,-3.9336677000721876,-5.861493696547925
548,4,0.01,-37.358386008442764,4,0,0.162,0.14969183327991487,-5158254.383150531,-0.932814656739316,46.45544264488971,-0.4937954883821979,-0.7008801460302373,-3.8169452541085596,-3.0807119847862867
549,4,0.01,-11.171970873719408,4,0,0.117,0.1360526711691178,-2023803.399613636,0.33545369992788215,9.608266328155523,-0.4939719275910855,-0.22724175489301177,-3.2788596155869896,-5.5927993705476
550,4,0.01,78.43052538097425,4,0,0.175,0.3888407768098753,-9187597.323226491,7.174453447680317,37.890673642710624,-0.22797693339499442,-1.2647281763226144,-0.4495080113679938,-3.675255530442985
551,4,0.01,-12.598162870506055,4,0,0.151,-0.1512013803431312,-4436473.471777075,-1.0867479885972704,6.440202065373494,-0.49739034455734044,-0.5998773891954249,-3.880883047693434,-5.858463843405988
552,4,0.01,-11.163127979587726,4,0,0.17,0.025817895032923754,-5695322.949178688,0.8267735071742736,20.17382791167843,-0.4978083804311878,-0.7760350925290872,-3.086082201507898,-4.905111966279217
553,4,0.01,-14.479569337189464,4,0,0.162,-0.10349528818204451,-3191210.4360161196,0.6025767319826296,14.64244251026047,-0.4949907332431752,-0.42562091106688815,-3.1792046393943556,-5.289086068571529
554,4,0.01,-4.503402761482203,4,0,0.13,-0.09890487650181767,-1428206.2212889493,0.9046295346179212,8.899471507812786,-0.4966566567650691,-0.15608977489640502,-3.0436219568181917,-5.641500844648207
570,4,0.05,-1.0376935627011612,4,0,0.247,0.07823135591380326,-10140167.15217977,1.2771438479984663,16.73641233788404,-0.48832655900799676,-1.3980264906530218,-2.899016245481307,-5.143728237496726
571,4,0.05,-39.90075492062513,4,0,0.241,-0.09309448959332683,-15787405.824972373,-0.6216585205215478,4.262143750838317,-0.49045043676919975,-2.1882755336359496,-3.6877033506817116,-6.009658874193313
572,4,0.05,-16.09270414189458,4,0,0.222,-0.19884664349676057,-5114650.459215154,-0.6178952397018294,8.285738775805456,-0.4905987363401645,-0.694778410092239,-3.6861402332636133,-5.73035158034546
573,4,0.05,-30.168952843180918,4,0,0.238,-0.3747372011497806,-13677268.03567383,-1.9207360688738089,5.138733162004667,-0.49330685589916595,-1.8929923934723918,-4.22728857978555,-5.948808362467036
574,4,0.05,-17.091759926410464,4,0,0.229,-0.20816288309172254,-7245162.9320207,-1.0064918501664342,15.595859629737504,-0.4840096108355367,-0.9929126913311801,-3.8475478346438976,-5.222902381123631
575,4,0.05,-31.281217972295916,4,0,0.244,-0.253877807898499,-10285042.795951819,-2.0942897255008215,2.5424924663660975,-0.48775969963778026,-1.4182997331129128,-4.299375877184906,-6.129032504901051
576,4,0.05,1.5495180423592503,4,0,0.229,-0.04078884524389742,-7783505.28624527,0.5683343718304552,20.79044231636527,-0.49511166523463385,-1.0682458859901494,-3.1934275560872063,-4.862308229906148
577,4,0.05,-4.587718319365236,4,0,0.226,-0.17264313451858343,-5059427.223336576,-0.24868981719682623,17.925839025840386,-0.4932476792045104,-0.6870507201835908,-3.5327869613658516,-5.061161391832079
578,4,0.05,-22.058825574097966,4,0,0.233,-0.17852491426092448,-6393065.249626852,-0.664709054976221,3.995232308000225,-0.49777160488976635,-0.8736739948539295,-3.7055848332200183,-6.028187158559293
579,4,0.05,-12.708320135998806,4,0,0.244,-0.22781469465136317,-8084672.466394786,-0.5508940831468432,9.555102146468776,-0.49427606971659344,-1.1103898592983168,-3.658310613349236,-5.642235742203312
580,4,0.05,1.430710029764047,4,0,0.237,-0.012865525342060036,-5216519.922430071,0.15182967470899156,24.266208583856475,-0.48508251584665085,-0.7090335621194799,-3.3664270684751836,-4.6210297552593245
581,4,0.05,-27.984450651921833,4,0,0.236,-0.18638378696576402,-6408293.415412648,-0.571279491839002,5.1500193659092695,-0.4917019505771516,-0.8758049555120274,-3.6667779026450025,-5.948024904129194
582,4,0.05,-20.161306901824567,4,0,0.234,-0.20816288309172254,-9421913.592011629,-0.8993606825586615,15.477451177903038,-0.488719870447408,-1.2975173353951526,-3.803049801642617,-5.231121981765687
583,4,0.05,28.472607937392368,4,0,0.207,0.25260701475997027,-2740590.6122618997,0.19840658582445347,78.64906935312416,-0.4951006134886674,-0.3625632106395016,-3.347080869099278,-0.845915813892235
584,4,0.05,-18.85016105524571,4,0,0.247,-0.16016858131489498,-8672432.655742653,-0.2486121437021024,5.6398802819951195,-0.49309347721800856,-1.1926383623363386,-3.532754698880445,-5.91402005871489
600,4,0.1,-26.415311732361605,4,0,0.359,-0.2027010108387613,-17505305.44700264,-0.8814802440715784,7.869479035415976,-0.49643862014078166,-2.9173378082442354,-3.949685210701807,-6.449197467132931
601,4,0.1,-25.490568830187783,4,0,0.351,-0.23293351215608366,-18629970.374578338,-0.28865283023594096,7.396740947013772,-0.4983642107061405,-3.1265770628602763,-3.6936187363183706,-6.487125611066099
602,4,0.1,29.480145418186098,4,0,0.332,0.25910681491686605,-9925541.892625615,1.826233316951061,36.52061624085676,-0.4897797716691623,-1.4615233657799689,-2.7500897673902664,-4.200762633795955
603,4,0.1,-9.190322083736802,4,0,0.345,-0.06802497957091463,-11324536.829164332,-0.1031995942161346,23.100008313302084,-0.49835686295170156,-1.7122669292276613,-3.587334514778993,-5.283594395695875
604,4,0.1,-3.1032668576189137,4,0,0.342,-0.10921901128564188,-9615002.38635362,0.7740681573245335,9.196569732500118,-0.4946736330599034,-1.4058649925005224,-3.2066590257376975,-6.405382989490243
605,4,0.1,-15.198491523550626,4,0,0.353,-0.44309644910542473,-20145040.95886062,-1.0214168121790015,7.292366885392623,-0.49897755728642856,-3.408449673958107,-4.010129553855142,-6.495499623080735
606,4,0.1,-27.860036231503933,4,0,0.348,-0.15121358654428035,-12190546.51382051,-1.1400824937543392,5.82416844884619,-0.49369246071552086,-1.8674828979488558,-4.037272295082735,-6.6774826770397855
607,4,0.1,-12.183740340828578,4,0,0.339,-0.17050045461261765,-7341498.072910508,-0.5972185554044294,7.511907202757689,-0.49385277759904855,-0.9983820501556129,-3.801705679472728,-6.541308731836264
608,4,0.1,5.924945353387931,4,0,0.359,0.08908490983516781,-12829582.338211488,1.662155826681234,11.187536143913617,-0.4965606250518646,-2.0474388773836827,-2.850984466520642,-6.182987168709721
609,4,0.1,-0.08424882648408039,4,0,0.363,-0.2665344696977623,-14300506.008497605,-0.0818121974419456,8.37082786033897,-0.4955103759228054,-2.3210981378633275,-3.6042757836095705,-6.4089738615912815
610,4,0.1,4.907010535399368,4,0,0.365,-0.026512641334454023,-17058095.33313655,1.351465731431852,19.238527405028034,-0.4916493404184046,-2.8341362176302187,-2.9851842613675466,-5.537049887903135
611,4,0.1,-3.3189630707114124,4,0,0.341,-0.20827052879829278,-14092154.189870877,0.025808313182632527,19.46014431590436,-0.4855118219505753,-2.2083103538023092,-3.531353717407869,-5.577274113235794
612,4,0.1,2.082313981868797,4,0,0.338,0.25744689517900654,-12482305.544932637,0.8818478986133101,25.980861815887693,-0.4687420471711702,-1.9197752238311063,-3.1598898316669093,-5.051154875011008
613,4,0.1,-22.6348913684337,4,0,0.338,-0.27177384755831446,-23867992.204011425,-0.7225563901771553,20.381567112988705,-0.4968615899878822,-3.9604456870563767,-3.856093910960424,-5.502929800652677
614,4,0.1,-12.13766082906188,4,0,0.347,-0.3178232941239181,-19943454.56746283,-1.3770216057566014,13.844350220337311,-0.4918043972378195,-3.2570460347978445,-4.140088011465865,-6.030380280094662
630,4,0.2,-3.558579726048665,4,0,0.444,0.07115289910017497,-16369939.234116264,1.0921527692723094,18.09534442288644,-0.4956384752654003,-2.7061076237903916,-3.0971921652404424,-5.628768346289176
631,4,0.2,9.496456875600702,4,0,0.456,0.22609083247921125,-16238908.479517387,2.1185264449733987,11.581868431944468,-0.49498601358804833,-1.5842092478793315,-2.605894665809507,-6.095694723266601
632,4,0.2,-24.04856054825175,4,0,0.462,-0.24949666803117676,-20892324.346162464,-0.5407576920844439,7.324373551703175,-0.49747219207980636,-2.1872666821980307,-3.759159914116562,-6.452433771918822
633,4,0.2,-15.94121826097334,4,0,0.462,-0.3278247529496969,-30368096.858599372,-0.8327634281762767,2.4228976182048974,-0.49516567547204227,-3.415275358684047,-3.885795523695918,-6.863132530388928
634,4,0.2,-5.665571274105821,4,0,0.468,-0.1604310011891421,-27699873.231463917,0.742233675509021,2.474780695857283,-0.48697724542420306,-3.069488061592775,-3.20275853620269,-6.858785204018963
635,4,0.2,-39.185391024226476,4,0,0.461,-0.3128151192926291,-25717935.747512177,0.18872846838096718,14.173710628190596,-0.49848550653736695,-2.8126397230165585,-3.4427999485671554,-5.878522102898559
636,4,0.2,-29.21622157395343,4,0,0.464,0.20999299191471632,-22128654.58294084,1.7945114617029012,6.922853083140487,-0.49631683690566153,-2.3474883692186075,-2.7464118880684567,-6.486077507025634
637,4,0.2,-24.996193418222923,4,0,0.455,-0.04519066271863137,-35643479.1921078,1.1042309977029845,9.899332967511997,-0.4980761080877736,-4.098936270638906,-3.0457693202521154,-6.236675773811339
638,4,0.2,-22.997619759109075,4,0,0.442,-0.305447344515436,-24496285.810135636,-0.0503932688232441,8.419226957907913,-0.49632449036653487,-4.2179807680727075,-3.590704659716629,-6.405090764409426
639,4,0.2,-57.772627160556176,4,0,0.451,0.06905124251501848,-29771053.29442387,0.990917019914622,3.3837650805335713,-0.49620249837242153,-3.3379017539372717,-3.094910768098805,-6.7826206439312795
640,4,0.2,32.54341939091398,4,0,0.451,0.3902624233448603,-26033859.459819283,3.0174184974471854,56.85095099850133,-0.470896829362059,-2.853581721076517,-2.21606758729192,-2.3025605205457143
641,4,0.2,-16.067167115072312,4,0,0.448,0.137968208290975,-23098500.61873627,1.4969909074851726,23.362251293128793,-0.4973686826794363,-3.95792861885864,-2.9223259692300405,-5.206200318118821
642,4,0.2,-15.484538294325528,4,0,0.46,-0.2497727114373608,-30527125.809066,0.0700356010824808,1.8326927932007342,-0.4947700545981155,-3.4358846473440665,-3.494274086727025,-6.912586285168311
643,4,0.2,6.224275918490596,4,0,0.438,0.42753259658561826,-19642600.712217007,1.9508293698491055,48.66534343409211,-0.4941775904736631,-3.3149727457467635,-2.7262945235092246,-3.1761135867527774
644,4,0.2,53.488467626860555,4,0,0.464,0.261629756841091,-20024632.119819995,4.4711944615805015,33.340532680654164,-0.47564167837550536,-2.0748184801047955,-1.5856011866184034,-4.2725180895021335
660,5,0.01,1.9053751696081136,5,0,0.117,0.19472801530321582,-1955583.0427078737,1.2247511502522312,107.6200781958149,-0.4974088875544683,-0.3323274029258783,-2.486690873713564,-3.3318342714323848
661,5,0.01,2.5245450099361193,5,0,0.141,-0.3085531209054005,-2025317.575569763,1.3683145158052135,146.75182822053657,-0.4937517582623216,-0.342419510293116,-2.432941850618578,-2.831182973708935
662,5,0.01,-1.454894501301056,5,0,0.163,-0.45666153410856486,-6799569.458880394,0.4768977290698453,80.83238009354892,-0.49439277892998273,-0.9521155554782054,-2.5825903746891976,-3.480105477218444
663,5,0.01,2.1789181931808583,5,0,0.196,-0.44095638610028265,-18630065.030640233,2.9231535034201177,255.07498388152027,-0.4979738756879278,-2.4395346691976396,-1.74041827631647,-1.3655158534253138
664,5,0.01,-20.746348774718008,5,0,0.181,-0.0428159504651518,-11123808.091961535,0.18750926711625576,252.1103266759518,-0.49439277892998273,-1.495791444295778,-2.68221809587998,-1.4014946165332571
665,5,0.01,-44.1232350861954,5,0,0.159,-0.4775997530830093,-7448140.260349574,-0.6314957832493544,51.054475337585,-0.49154777844149494,-1.0336587673288047,-2.964176838328923,-3.8414869479171063
666,5,0.01,-37.704304298321674,5,0,0.158,-0.27243645639709,-8839819.00791862,-0.849486248909532,41.79700286492227,-0.49684817905046347,-1.2086311137309766,-3.0392243823409717,-3.953834644793033
667,5,0.01,-13.523752961153999,5,0,0.16,-0.49364130666727185,-9794250.640338281,-0.6630348121584724,78.85714766828933,-0.4969576719509775,-1.328629455659122,-2.9750347749500783,-3.5040766869009867
668,5,0.01,-28.422403514508375,5,0,0.173,-0.49653082758893546,-6478036.44338318,-1.3875277847289549,18.47954517663811,-0.4987588955397786,-0.9116900001799111,-3.224455858944467,-4.236812820101298
669,5,0.01,-18.319930087521648,5,0,0.132,-0.18752539657731848,-4375468.534636935,-0.5520444096163641,65.28982124231212,-0.49778099208012866,-0.6825375957630014,-3.151909505323315,-3.873407241293167
670,5,0.01,-44.4013504262728,5,0,0.172,-0.18163651245576073,-19147879.05301376,0.43930453133825353,127.58435693742572,-0.49708891118543524,-2.50463815278026,-2.595532579077684,-2.9127284811413032
671,5,0.01,-19.616145636909778,5,0,0.134,0.1784452286012952,-1864382.6432164207,0.3572723612559201,28.692744399560667,-0.4973856054190506,-0.31912871662470815,-2.811468279736172,-4.341629950541618
672,5,0.01,4.810311591502766,5,0,0.151,-0.10971305416201999,-4628694.126128472,0.7267139788001714,146.6601845822297,-0.4982182354590547,-0.6791767386846738,-2.4965861729009062,-2.6812262748723144
673,5,0.01,-29.827358750792463,5,0,0.149,-0.18606069207936388,-2879738.3606580785,-0.8873177361411413,25.42189616141364,-0.4958329111329231,-0.4660728273231257,-3.2774332676083557,-4.383477156814025
674,5,0.01,-25.221601856909402,5,0,0.172,-0.2042786388564054,-9391222.853781631,-0.8217154251447678,113.45825178173179,-0.4962378906294175,-1.2779577632141008,-3.0296637251240366,-3.0841613841022215
690,5,0.05,19.46385767445848,5,0,0.193,-0.07125044967696598,-8138963.138683109,0.7173924166638893,190.04102864747063,-0.4956241608131383,-1.1205142288938121,-2.4997953056607503,-2.154760986030718
691,5,0.05,-16.171144702457998,5,0,0.178,-0.30794507057685144,-6008985.633496908,0.6914309775772249,46.61485496946747,-0.4969622324203256,-0.8527173953808511,-2.508733046293452,-3.895365706383238
692,5,0.05,-29.278471998111137,5,0,0.205,0.054647120212504285,-11915394.45147303,1.5090143685528996,120.72878665868964,-0.4960669780498202,-1.5953156505435335,-2.2272637383035496,-2.995926949606802
693,5,0.05,-16.703636368602854,5,0,0.182,-0.3909061166098616,-4027879.325537931,0.07118360305681172,32.47691213093071,-0.49854536310683745,-0.6036377713791,-2.7222655143154313,-4.066942270198419
694,5,0.05,54.88132514320018,5,0,0.19,0.2795349489571216,-7445999.265966187,4.803806936050626,170.97367719591375,-0.4891768423145794,-1.0333895853702892,-1.09296600894636,-2.386160326124042
695,5,0.05,-28.646174109828085,5,0,0.2,-0.4931087031570141,-6991665.547890553,-0.5092169204945551,35.08125229070183,-0.4968148086881238,-0.9762673243311105,-2.922079913096241,-4.035336276262624
696,5,0.05,-11.136468161274195,5,0,0.192,-0.4619910124851945,-9769211.224574916,0.7197591564437252,71.62327733782077,-0.497742760077968,-1.325481311494164,-2.4989805085215524,-3.591866164377389
697,5,0.05,-19.744678644401198,5,0,0.191,-0.37743600347813416,-5917144.658121994,1.1816288283592138,43.70627743868019,-0.49718797847647594,-0.8411704554097673,-2.339972707763227,-3.9306638925494917
698,5,0.05,-14.507889827778769,5,0,0.181,-0.06386643266424125,-4585206.751107029,1.6869560429897785,87.25609824612691,-0.4972908009314652,-0.673709177970921,-2.1660037854728746,-3.4021479200176676
699,5,0.05,-33.03765356029634,5,0,0.164,-0.4628059643730621,-2991048.366192461,0.011982798120233317,75.75741654540101,-0.4953500447317812,-0.47327956471970645,-2.742646566305808,-3.5416946926384605
700,5,0.05,-62.894655678803616,5,0,0.174,0.121011506565052,-3178006.317840992,1.4743775761435602,119.12160211044201,-0.49504184441864674,-0.49678532819825977,-2.2391881414874404,-3.0154315695755245
701,5,0.05,-12.478273660639108,5,0,0.204,-0.39325098407395365,-10663903.09803807,0.08220146332881238,141.31166914152473,-0.4957011349811454,-1.4379687204455867,-2.7184723972578686,-2.7461352868345936
702,5,0.05,-8.094765280509788,5,0,0.19,-0.26646034208792213,-8532944.53134202,0.08071114425243106,159.53999884213226,-0.49439277892998273,-1.170048540481699,-2.7189854691765785,-2.5249182250711617
703,5,0.05,6.3932786146544505,5,0,0.174,-0.4872440075508131,-3390287.07890809,-0.21856431254934675,211.22120762713442,-0.4940806813745069,-0.5234748662290948,-2.822016984559778,-1.8977205967871185
704,5,0.05,-31.099208931298193,5,0,0.202,-0.1192663898116012,-6790414.07245293,-0.8565945458592098,52.65339575824364,-0.49684817905046347,-0.9509644712583522,-3.041671554636173,-3.822082620517879
720,5,0.1,9.58742063848517,5,0,0.257,0.14488451560804305,-8888662.537497647,3.1713623087265965,294.5450924659213,-0.49536483819082905,-1.2425668469000257,-1.4670441096245044,-0.7900860222803137
721,5,0.1,55.01886922438137,5,0,0.255,0.3174771536609916,-10331195.002017312,4.150199031527747,527.7901622660146,-0.48842795263560024,-1.4154447922672841,-1.168250286082501,1.7145627322190016
722,5,0.1,-51.81568753840308,5,0,0.257,-0.4497847734477718,-10549318.604689319,-0.09117636136196654,48.98222922912741,-0.4987897650394549,-1.4415854589028854,-2.46294708402429,-3.427006580062991
723,5,0.1,-39.1042194433172,5,0,0.26,-0.32046654131104535,-15839324.495073892,-0.9081781644053948,64.900807920124,-0.49885480318840997,-2.0755575682341636,-2.71234015120864,-3.256068569128931
724,5,0.1,-53.95304602005903,5,0,0.249,-0.3075478408835103,-9445712.906092444,-0.04961705703686135,152.42982565657758,-0.49555844541592053,-1.2848086634847662,-2.7638535389458156,-2.6112065272124783
725,5,0.1,-33.13785935137783,5,0,0.257,-0.24308746212966603,-7907740.8303828165,0.362559157112243,92.93681727916967,-0.49168899632065927,-1.1250098882435546,-2.3244425027354407,-2.955010304607205
726,5,0.1,-27.36501286887357,5,0,0.238,-0.3889477596018784,-6070852.42382263,-0.014616772169868014,83.90344368923382,-0.4951327029854815,-0.8604957547806563,-2.7518039962695564,-3.442835377528322
727,5,0.1,-20.20522058544134,5,0,0.257,-0.07269228067605732,-10318641.720688596,0.3683265707736862,131.53499117623525,-0.4973221886129543,-1.4139403647849897,-2.322681976654115,-2.540532655582983
728,5,0.1,-86.78332400296945,5,0,0.256,-0.3133644426035549,-13634580.369430833,-0.03646670767995733,67.74698990820886,-0.49882561626876615,-1.811333612187101,-2.4462467434797235,-3.225505495801615
729,5,0.1,12.657273566920678,5,0,0.26,-0.09143867061846372,-5988581.499804837,1.190966545715836,197.21904514217505,-0.4976440071764305,-0.8950113751680095,-2.0715678349532864,-1.8351994877811606
730,5,0.1,-67.17285898139227,5,0,0.257,-0.4801258174574748,-7428730.224548164,0.0898994258209067,155.57073973511763,-0.4982937609400587,-1.0676036451380349,-2.4076729759499447,-2.2824302753566403
731,5,0.1,-18.969061686030443,5,0,0.248,-0.20602980551862732,-7477562.04995704,0.1836481694549535,117.66099026282347,-0.4927981901723836,-1.037357896579691,-2.683547355376692,-3.033157398908986
732,5,0.1,-36.76476047112881,5,0,0.249,-0.27065399820611946,-9651849.132982373,-0.09838966724385553,67.02966740887771,-0.4974685833804376,-1.3107256643446448,-2.7806444779440276,-3.6476137237017214
733,5,0.1,-36.53140813846787,5,0,0.236,-0.20047538181608476,-6470129.839429922,-0.0108445282204367,51.97035732018351,-0.49736536744462817,-0.9106959223094322,-2.7505053264265347,-3.830371902027534
734,5,0.1,19.805718872836444,5,0,0.239,0.3181971803705449,-4951839.714658739,3.067258068854496,243.60507519018455,-0.49674918736469353,-0.7198050388246429,-1.6908074197864762,-1.5047134398782058
750,5,0.2,-64.8943072100459,5,0,0.34,-0.42567075092428236,-12943568.665439012,0.980770973869794,67.01252114777269,-0.49631868404101986,-1.7285204439922264,-2.1357308737323657,-3.2333924203467803
751,5,0.2,-19.136262533696787,5,0,0.351,-0.348675114369122,-14762448.2430113,1.9980692374958209,42.811041178871186,-0.4973212580439208,-1.7519804743453433,-1.7658988968605365,-3.5079554204227623
752,5,0.2,-8.878799685305857,5,0,0.335,-0.21217769867438369,-11338336.013339957,-0.21681954875260764,39.909223161116174,-0.4975457314286032,-1.5361439605806557,-2.501300169363202,-3.5244349774447046
753,5,0.2,-27.36167081917381,5,0,0.344,-0.41887715636735573,-8720544.585252168,0.8396712794186886,50.0089873180005,-0.4965941598344862,-1.2224190257047316,-2.1788021196547755,-3.4159809735167426
754,5,0.2,-4.9467688164392065,5,0,0.338,-0.092054891732688,-11211572.787168998,2.4315663036888737,159.78328578210142,-0.49654720479549536,-1.5209522289367805,-1.6928697982579963,-2.2371948145647282
755,5,0.2,-34.37732560792047,5,0,0.349,-0.3645349981427769,-15308567.212639134,1.1596900391372535,55.468042559027246,-0.49069210199539703,-2.0119498292523006,-2.081115113646415,-3.3573601592723117
756,5,0.2,-36.6631065153695,5,0,0.331,-0.10182594620652258,-11604909.849835435,0.6693952570332237,184.5577178219516,-0.4974528253927235,-1.5680910662961245,-2.23077955634154,-1.971160250982223
757,5,0.2,-29.417968211109795,5,0,0.344,-0.465327786593026,-15978871.46419403,1.0367568899586772,29.47588604179266,-0.4952885957423764,-2.092281346656544,-2.118640948984929,-3.6364709782209776
758,5,0.2,-31.847402516207314,5,0,0.341,-0.44066922492201027,-15521969.584754815,0.25962617071480565,50.989313761740576,-0.4989155005705943,-2.037524687728808,-2.3558632084137825,-3.405453962556036
759,5,0.2,-18.937218744623642,5,0,0.336,-0.06658417269113376,-11471645.2549528,2.095586186274214,210.58142271287613,-0.49654720479549536,-1.5521201887455933,-1.79542907252504,-1.6917106570492164
760,5,0.2,-38.9177710392795,5,0,0.342,-0.487790332333786,-21396174.049612246,-0.5815398031524422,85.82206602386826,-0.49801878158164237,-2.7415091203355826,-2.61263248536324,-3.0314104312441197
761,5,0.2,-3.4649771563151788,5,0,0.338,0.12931973085373405,-14418465.045846283,1.8188230290164726,128.70899692748534,-0.49664319286436026,-1.9052769899596809,-1.879912132923456,-2.5708789474956912
762,5,0.2,-19.633812002494803,5,0,0.334,0.09928880737989776,-10735721.24332141,4.562771048575186,66.20564174560343,-0.49134836090214146,-1.4639245784515615,-1.0423110281976251,-3.24205690998168
763,5,0.2,-28.47551290508757,5,0,0.331,-0.21857007660005856,-13597641.766572205,-0.15853151376524924,32.701949921032096,-0.4971891868687345,-1.8069067657042643,-2.4835075136169174,-3.6018286302219504
764,5,0.2,19.863413883002544,5,0,0.339,0.2692296863799146,-12401908.54975901,2.580145865157481,262.0476603666299,-0.4969114400582064,-1.6636060727809476,-1.6475152930200292,-1.1390522529563871
780,6,0.01,-45.546547773270774,6,0,0.155,-0.3191920712719586,-3174320.265363736,-1.2268964156922275,885.1822906414857,-0.4966576404342709,-1.6849663618895645,-1.452581801576697,-1.2500063928396914
781,6,0.01,2.310630032127137,6,0,0.138,-0.1965039023974835,-2128259.977738034,0.04665138984014475,735.3507336017085,-0.49524222119282313,-1.6913450151010998,-1.1641042978569103,-1.5562851546047298
782,6,0.01,-86.42381835431243,6,0,0.165,-0.19846802395502716,-4889811.8936464805,-2.0476035998891393,944.1796013907764,-0.494900452797029,-2.0968814572890837,-1.6488594726362558,-1.1370169438265756
783,6,0.01,-42.999693054825144,6,0,0.15,-0.40518421988804154,-4321618.460795721,-2.585040033257083,979.3819533523542,-0.4980822934441326,-1.960449749760211,-1.7773910287322803,-1.0695987123582493
784,6,0.01,-71.27016179316198,6,0,0.166,-0.36299078101279647,-5744558.670831086,-2.0379443802350323,645.5468685390852,-0.49795513969711275,-2.3021188915392723,-1.6465494049599065,-1.7089472151160894
785,6,0.01,-25.903753117337263,6,0,0.15,-0.05521960746989424,-4413604.795604355,-0.5934809431726361,1744.5428635982385,-0.4932156191056069,-1.9825370390558634,-1.3010962094517888,0.3958089232956512
786,6,0.01,19.57578791881146,6,0,0.14,0.1323937912212353,-1681982.0212169827,-0.051294530807433604,1841.5280076568645,-0.4813583570516144,-1.5632483445645184,-1.1877906828030589,0.5668659160207952
787,6,0.01,-45.17999519324027,6,0,0.17,-0.3158405394508731,-7644093.919452792,-0.8419171875078779,1350.4700557007507,-0.4975222711381303,-2.7582256018553175,-1.3605114167070054,-0.35890461991316125
788,6,0.01,27.82760591019963,6,0,0.159,-0.23598960347692577,-4840844.2134114625,0.4272031438879046,1674.587910543194,-0.49357162257881826,-2.0851235877996874,-1.056992710233817,0.2618338064463992
789,6,0.01,-43.329784414216405,6,0,0.152,-0.3576268715211541,-5730381.567804642,-1.497816424820025,728.1423485893179,-0.49066400288357204,-2.2987147579082197,-1.5173741531717089,-1.5507634324432191
790,6,0.01,-54.921670100446896,6,0,0.168,-0.47762776482452607,-7280669.625384854,-0.4582996465130191,1968.8256955287948,-0.49333042493762735,-2.6709620149666127,-1.26876668853365,0.8253470375094328
791,6,0.01,13.844805645269425,6,0,0.153,-0.2829296478497102,-3224289.4716469673,0.08438445853840085,2198.594948109165,-0.4905804062510691,-1.696964712702736,-1.1389801162804003,1.265392539914364
792,6,0.01,-38.33381100352402,6,0,0.163,-0.39084682159205075,-5462674.577434695,-1.548545244940789,567.4723894835771,-0.49749181300236134,-2.2344343215252445,-1.5295062934290724,-1.8584725453121602
793,6,0.01,-76.44652684559905,6,0,0.168,-0.3750934650528855,-5766622.278703202,-1.6313135294294825,826.118622480419,-0.4972992125177614,-2.3074166924679758,-1.5493008881759585,-1.363122927092783
794,6,0.01,-38.89536340245233,6,0,0.153,-0.09468642859117216,-3231606.021212749,-0.14948332548588603,1237.319371714446,-0.4876330627204054,-1.6987215252471386,-1.1949111777698453,-0.5756065894893495
810,6,0.05,-50.04826371600894,6,0,0.19,-0.3602008811320828,-8781244.161378032,-1.6831094026694966,1057.0823717207368,-0.4980353953339708,-3.0312723149162912,-1.5616882214000416,-0.9207897692381145
811,6,0.05,-48.29800862013458,6,0,0.158,-0.3131084950338794,-2381540.28322857,-1.183967435349862,902.5541039605607,-0.4950493729979829,-1.494608078241786,-1.4423150457290481,-1.216736543920271
812,6,0.05,-45.10090508696406,6,0,0.159,-0.260115575347441,-2937943.3046956686,-1.3975413024009493,579.3498104081737,-0.4922228773775862,-1.6282087323572638,-1.4933926797880104,-1.8357253517719336
813,6,0.05,-23.29512109554493,6,0,0.183,-0.4340274253375316,-3679250.6028066427,0.4162180709177148,1319.4496562304344,-0.4955964607143969,-1.8062076577891597,-1.0596198646934407,-0.4183137319523896
814,6,0.05,-47.9480359713048,6,0,0.176,-0.3273678391348229,-6945081.133029276,-1.2244079522611406,817.3732938637446,-0.4972624647878426,-2.5903822187352517,-1.4519866687252057,-1.3798716542684288
815,6,0.05,-81.15612396422729,6,0,0.189,-0.0840298033446304,-6584737.222126053,-1.2065905540945587,888.8539293636503,-0.4932997836692156,-2.5038582777324496,-1.447725517508527,-1.2429746073070331
816,6,0.05,20.366556504039107,6,0,0.163,0.1805687548520255,-3184115.017136482,1.1741283827384639,1623.5949089646415,-0.48997419465254716,-1.687318227701305,-0.8783604901678383,0.16417391180527183
817,6,0.05,-12.910662028844692,6,0,0.159,-0.09468642859117216,-3185123.7991255485,0.09021343527937868,1122.4584902547474,-0.4870533154750841,-1.6875604512845699,-1.1375860770890667,-0.7955838654781231
818,6,0.05,-41.17873865452874,6,0,0.171,-0.37752852679225646,-4833933.445999336,-1.6345186703287224,1280.5420173862583,-0.4973376298223731,-2.0834642095952596,-1.5500674192886794,-0.49282819065519734
819,6,0.05,18.013705493536783,6,0,0.169,-0.043969428816875045,-3833653.097830155,1.0672677906953525,1893.5069961138972,-0.4957472016121462,-1.8432819969575762,-0.9039169231297255,0.6810994736935506
820,6,0.05,-44.84909729317228,6,0,0.171,-0.35457288764287187,-4887098.919274231,-1.8643730605313524,904.6836909060007,-0.4975555398656579,-2.096230031727491,-1.6050386505152392,-1.2126580384335834
821,6,0.05,-58.89777561628494,6,0,0.164,-0.35457288764287187,-5099940.120871371,-1.9095555933569102,1100.520715200718,-0.4980822934441326,-2.147336374897814,-1.6158443586731988,-0.8375982740070447
822,6,0.05,-7.917380679276863,6,0,0.166,-0.2518957022835835,-4103807.6060377792,0.7452725673371909,1142.572752149382,-0.4955964607143969,-1.9081501188337224,-0.9809242574750268,-0.757061781337066
823,6,0.05,-71.9194356359564,6,0,0.16,0.09570230012318237,-3366152.937550739,0.1336600160154102,572.889601602067,-0.47546516920821535,-1.731028244187267,-1.1271955336083077,-1.8480977027188017
824,6,0.05,-23.73030057471971,6,0,0.175,-0.06993840081201036,-3764742.701917336,-0.11308009164520275,1012.7623498196523,-0.48928491200403296,-1.8267355843499775,-1.1862050983119476,-1.0056698220956588
840,6,0.1,-39.57480106909405,6,0,0.205,-0.3781168618182709,-7241132.043037765,-1.8057607882609052,783.9751133573974,-0.4976357105954308,-2.6614684524590118,-1.5910211293843508,-1.4438346038592815
841,6,0.1,-28.27057085781108,6,0,0.198,-0.1621795695217637,-4049182.7857425883,-0.5507908553196624,1156.2798309364152,-0.4913396340947942,-1.8950338857422213,-1.290886586357885,-0.7308104953028991
842,6,0.1,-70.57962561965199,6,0,0.217,-0.10079229016777835,-9616692.280535841,-0.5002531491903984,1028.3190191597748,-0.4932997836692156,-3.2318758538847243,-1.2788001523035142,-0.9758762692218812
843,6,0.1,-67.23454284811166,6,0,0.221,-0.11538229580927412,-6459972.69575105,-1.2260364027304438,865.7111969172753,-0.4929771112671213,-2.4739004563493863,-1.4523761236632216,-1.2872967052902078
844,6,0.1,-51.41557026855955,6,0,0.203,-0.22662542527721796,-5182340.724631013,-1.3878860642883324,536.9445272347165,-0.49136928426470255,-2.1671219873712526,-1.4910835643242237,-1.916938368435946
845,6,0.1,-16.385632508942592,6,0,0.207,-0.34805119939804735,-5051820.109371141,-0.2793174119247837,368.0449559216016,-0.4954352419179565,-2.1357820432992476,-1.2259618772166996,-2.2404085276490884
846,6,0.1,68.02202730824673,6,0,0.198,-0.10044357531278125,-3994016.83874483,1.4973339947095134,2026.3901278588758,-0.4931711616360002,-1.881787720068342,-0.8010636832035699,0.935592291218846
847,6,0.1,-52.04537163029244,6,0,0.21,-0.017518565777662254,-4781580.256856369,0.8267946293395961,989.7889452708154,-0.49351385087438515,-2.0708934289835925,-0.9614277052601677,-1.0496676296052103
848,6,0.1,-25.63865350280647,6,0,0.181,-0.1730855998927619,-2398833.894610418,1.0020381964689666,585.3394650666871,-0.4864177244274267,-1.4987605319551784,-0.919517021539298,-1.8242541885773906
849,6,0.1,-69.16244751925056,6,0,0.2,-0.13801149187704187,-4219192.659531118,-0.770739170295822,706.3358505505701,-0.49152046732920734,-1.9358557890531483,-1.3434887127292277,-1.59252642412896
850,6,0.1,36.32813350240218,6,0,0.202,0.03269537803259859,-3157207.595218345,1.3347238587270847,1347.4111152321038,-0.49162531691165906,-1.6808573548625028,-0.8399529964639878,-0.3647629886036438
851,6,0.1,-9.528899156859145,6,0,0.208,-0.21662823708989365,-3861429.7692921413,1.9883496358485908,1747.3516471396356,-0.4966361434840704,-1.8499515895609506,-0.683633973372407,0.4011882007696398
852,6,0.1,-29.392414791830895,6,0,0.208,-0.2843673526982566,-4779966.474389787,-0.0723170698732553,563.8347814054019,-0.48799018870361954,-2.070505935773065,-1.176456346098237,-1.865439156624755
853,6,0.1,-28.918309978335518,6,0,0.212,-0.3968642559223648,-5967227.525184403,-1.3195229969095146,864.579312997999,-0.49721662084468393,-2.3555850005375785,-1.4747340746280513,-1.2894644471543975
854,6,0.1,-26.73210065400279,6,0,0.199,-0.27427767424849847,-1998906.6721038893,-1.3430419624894099,701.5318735703638,-0.49681852049974035,-1.4027320481691357,-1.4803587942340688,-1.6017268216584648
870,6,0.2,-34.693294949412,6,0,0.269,-0.36745914500430443,-8153716.058291722,0.44191892123397974,561.1218070730581,-0.491511731812926,-3.495035210372808,-1.168272291391511,-1.9601492561387754
871,6,0.2,0.935435246704639,6,0,0.276,-0.16758708475065864,-6998358.168224374,3.076341681793169,1410.0058473459403,-0.4921759433582021,-3.1664232917884094,-0.5197550936881334,-0.17964170937909626
872,6,0.2,-31.49232593408417,6,0,0.268,-0.30333688365274447,-5236009.459481969,0.17273486419570833,602.6056419082279,-0.49647170865572915,-2.665168403261339,-1.2345374683215153,-1.8731382187198036
873,6,0.2,-50.455187355146435,6,0,0.269,-0.06949554493638199,-7138395.722818297,0.1068323894575491,992.2385426386584,-0.4920368217313565,-3.206253382433564,-1.2507607142176436,-1.0558954773043974
874,6,0.2,-3.9688061912743757,6,0,0.271,0.06713514171268797,-6286298.260380316,3.4361894200942857,1221.6465235493094,-0.4970125766426855,-2.9638961143005518,-0.4311711919937054,-0.5747194604163778
875,6,0.2,-49.26458148457658,6,0,0.269,-0.32000316388289674,-5511677.938158683,-0.8273328010309641,470.7409153306657,-0.4972024291762197,-2.7435752315264037,-1.4807246367123987,-2.1497203308623254
876,6,0.2,-71.87814112792898,6,0,0.26,0.3235392098121497,-6132248.202814849,2.7764798475764585,922.2880666203622,-0.4894952011554971,-2.9200805265854117,-0.5935722347088623,-1.202614398312703
877,6,0.2,-36.88598049578116,6,0,0.27,-0.26522602425968145,-5611069.428238783,0.3921815049441607,799.1648415471241,-0.49711934937201696,-2.77184459163289,-1.1805161765857128,-1.4608614862822449
878,6,0.2,-31.989859416126716,6,0,0.266,-0.06738502785738798,-4452269.513063716,1.8836430577514358,1127.8175221983433,-0.49674907190347806,-2.442253677289525,-0.8133623236849,-0.771522836477748
879,6,0.2,-34.01810499140309,6,0,0.27,-0.3808366570678415,-5390573.958353763,-1.2575383589972584,661.7965017831864,-0.49809311084103736,-2.7091303106113944,-1.5866285588412445,-1.7489872537980464
880,6,0.2,76.14894406390464,6,0,0.267,0.11394376363314074,-7154867.390251112,6.806715589734924,2219.1559877282248,-0.474878180220003,-3.2109383257605755,0.39855295822479336,1.5175252334099143
881,6,0.2,-26.701955637154743,6,0,0.269,-0.39072674971271354,-8715026.49371852,-0.665765828918847,1343.161266673834,-0.4978623885421064,-3.6546855669357368,-1.4409516125933204,-0.31984611269007396
882,6,0.2,-34.464017446927116,6,0,0.27,-0.0027465391092657,-10697156.503373642,0.7809193082948238,1342.035070571954,-0.4909716031847751,-4.2184516094375235,-1.084820392809222,-0.32220827355468873
883,6,0.2,-26.5858890924547,6,0,0.276,0.11987428492142138,-8461358.041959278,1.0435338218750259,619.8968304986416,-0.49121514632580887,-3.582536082058735,-1.0201724437506898,-1.8368704950766783
884,6,0.2,-48.22651622007661,6,0,0.266,-0.0758796991996018,-6710846.228531506,-0.43360612619365807,510.8551577237182,-0.4839798777941651,-3.0846478948048066,-1.3838007398916927,-2.06558197046811
