v4_m60,v4_m120,v3_defect,sent,ent_cak,frac,kappa,est_dim,spread,knn_radius,patch_frac,anchor,n_points,true_dim,inst_id,ks,dim,shape,name,integ_sign,integ_mag,iso
-6371098.538081241,-12546521.738339933,-0.09522320588802059,-0.0663148395103738,-7.515604875999616,0.3700064174266688,-0.6799388860254802,3.0,0.1917817974285788,0.0777359864948813,0.2256284086454865,0,3000,2,300,-4.073403328580132,2.0,,d2-c1-n0.01-m0,-0.4757744663326851,-1.6845568112823488,-1.9180149740917305
-14119851.082677016,-22677479.782477923,5.429056086495278,10.250319493419871,-3.3038005039094394,0.3700064174266688,2.3922765354497266,3.0,0.1897319505024401,0.0676534445087704,0.2281935984340143,0,3000,2,301,24.29147882731491,2.0,,d2-c1-n0.01-m1,-0.4949933806133825,-0.511573511512562,-1.9180149740917305
-4121619.6437228266,-3647084.035679464,1.4184362862582305,1.5775171645840118,-6.371430378130057,0.3700064174266688,-0.04705112767539882,3.0,0.1830789609844722,0.0643711035134307,0.2027566889694894,0,3000,2,302,2.435305785100224,2.0,,d2-c1-n0.01-m2,-0.47800899572984407,-1.3883418695359353,-1.9180149740917305
-2107458.383034338,-2172238.597226924,-0.6890124420282696,1.793355431596969,-7.941396121337539,0.3700064174266688,-0.5553591627660686,3.0,0.1839252819250005,0.0670081902761758,0.2048044938133758,0,3000,2,303,-1.704752151195842,2.0,,d2-c1-n0.01-m3,-0.47541207236677585,-1.799052218880278,-1.9180149740917305
-5474233.538269288,-13927705.250934938,0.37612727344096614,2.9394492068426175,-7.639054724117857,0.3700064174266688,0.01866058210504173,3.0,0.1809052932289258,0.0598180652910443,0.2088804553561759,0,3000,2,304,-10.811957593661983,2.0,,d2-c1-n0.01-m4,-0.4808109524883649,-1.5870574022517752,-1.9180149740917305
-15953975.398618,-24689508.828455195,2.760901030930201,8.761939696814416,-4.9614683318066,0.3700064174266688,1.8084048530417096,3.0,0.1886301490189428,0.080110375802999,0.2274739576108846,0,3000,2,305,17.833593420006732,2.0,,d2-c1-n0.01-m5,-0.4849888036125804,-1.208665470231794,-1.9180149740917305
-5967026.447774056,-11615299.129996058,0.021171728786771035,-0.31911337662898553,-6.295234100990611,0.3700064174266688,-2.372750766486502,3.0,0.1791945677060444,0.0557885308530018,0.2129501532087942,0,3000,2,306,-8.964351133510938,2.0,,d2-c1-n0.01-m6,-0.481581931516099,-1.6706477681553071,-1.9180149740917305
-23896180.222184397,-44046220.328336455,1.4220810643497104,1.9088396767775293,-7.531675672091165,0.3700064174266688,-0.9478794100366298,3.0,0.1906108623198848,0.0617671856423796,0.219835525807896,0,3000,2,307,-4.119639039475162,2.0,,d2-c1-n0.01-m7,-0.4880006615466623,-1.3317350779781876,-1.9180149740917305
-11352204.644955255,-20458537.62956751,1.7801122716505013,1.7619828329614664,-7.730532682229256,0.3700064174266688,-0.9465120651365497,3.0,0.197529785307174,0.079400663444723,0.2124160427710671,0,3000,2,308,-4.802158035650685,2.0,,d2-c1-n0.01-m8,-0.4780399736492457,-1.5477238489160556,-1.9180149740917305
-16613486.952101603,-30848720.626767766,-0.49190401520030796,-4.261904868966335,-9.966503101266614,0.3700064174266688,-1.7430770825028907,3.0,0.2027622743401908,0.0721691374683272,0.2220344920171959,0,3000,2,309,-8.930072585381469,2.0,,d2-c1-n0.01-m9,-0.4908067539630027,-2.5533744982659616,-1.9180149740917305
-7960842.241788989,-7704527.95247414,1.0204552416023147,1.300376137441182,-10.535879357935686,0.3700064174266688,0.26411159898295333,3.0,0.1886048236664741,0.0505059182414458,0.1943519253538733,0,3000,2,310,-13.010242390174652,2.0,,d2-c1-n0.01-m10,-0.47800899572984407,-1.4571453202795372,-1.9180149740917305
-1425011.3235660333,-1807110.044900277,-0.6010088419286248,5.927569669169061,-7.297656371032598,0.3700064174266688,-0.5299707433822815,3.0,0.1820891241693797,0.0594043578570864,0.2185554830975153,0,3000,2,311,6.656586154585676,2.0,,d2-c1-n0.01-m11,-0.47994248432390846,-1.8173574517955566,-1.9180149740917305
-5257693.581182418,-3064500.131173964,-0.22048535637095726,1.7509239461853485,-6.383513173079565,0.3700064174266688,1.4708370484192625,3.0,0.164801031688173,0.0502487299306522,0.1957531470119396,0,3000,2,312,-0.8978601744396698,2.0,,d2-c1-n0.01-m12,-0.4774828442778035,-1.7506967987891495,-1.9180149740917305
-4312828.167569156,-3346669.8614316834,-0.238787824822014,-0.3066368971295962,-8.154991765483562,0.3700064174266688,-0.743347306007943,3.0,0.1933925050441138,0.0729175324588603,0.2175582460470776,0,3000,2,313,-2.944322979681292,2.0,,d2-c1-n0.01-m13,-0.4757744663326851,-1.8671574042268995,-1.9180149740917305
-7190436.205237126,-4558231.852121121,-0.40570392681013606,0.5141494887702152,-5.549452432102265,0.3700064174266688,-2.7488287288327733,3.0,0.1708236231583966,0.0483845913282045,0.2227461590029958,0,3000,2,314,-2.853722380261491,2.0,,d2-c1-n0.01-m14,-0.4765319106734519,-1.5728881772169976,-1.9180149740917305
-57461806.64749374,-53450285.31020729,0.9908021158386746,-10.546461777008636,-7.337773965499781,0.3700064174266688,1.8455342874060576,3.0,0.1973241211133948,0.0895750096033185,0.2227405425244569,0,3000,2,330,0.1641133119551789,2.0,,d2-c1-n0.05-m0,-0.49679295767583187,-3.1309984189877182,-1.9180149740917305
-135261296.3276803,-65430051.920062065,3.7047952989545454,-9.240763109146991,-7.614507304322265,0.3700064174266688,-0.11579041043625422,3.0,0.1924369191893231,0.0785684902276404,0.2293933990868471,0,3000,2,331,0.7737598105819261,2.0,,d2-c1-n0.05-m1,-0.4964735751490167,-2.977148756183543,-1.9180149740917305
-56748624.55060564,-33851996.52854055,-0.14347909763700145,-6.740573167177313,-7.1175175109356665,0.3700064174266688,-2.8172671841606,3.0,0.1860719422873828,0.0633241699381819,0.2255463389275916,0,3000,2,332,1.728836197424718,2.0,,d2-c1-n0.05-m2,-0.49445504585855854,-2.7694560382617333,-1.9180149740917305
-87997756.31915079,-52811583.24671686,0.22763544548031867,-12.60518856148073,-6.474125650092053,0.3700064174266688,-0.4738557753946763,3.0,0.193944174880394,0.0703614731932308,0.2246941667759611,0,3000,2,333,-0.0201398711714281,2.0,,d2-c1-n0.05-m3,-0.4967055111527579,-3.2183149630495587,-1.9180149740917305
-84678760.01260708,-69466956.00885749,4.6123884896157445,-3.5004006945014194,-6.57501359387691,-2.5900449219866815,2.276091163968745,3.0,0.2059316255008782,0.0909390008890387,0.2259720181762274,0,3000,2,334,5.496937541713086,2.0,,d2-c1-n0.05-m4,-0.49720977864406646,-2.266788912856556,-1.9180149740917305
-123557158.77724537,-73874715.39407758,1.2558685078091385,-10.402908188375275,-9.087394917601861,0.3700064174266688,-2.7523350236790214,3.0,0.1801114917899811,0.0554617108157854,0.1936186977725565,0,3000,2,335,-6.985728960248757,2.0,,d2-c1-n0.05-m5,-0.49644739648719144,-2.6840319294886426,-1.9180149740917305
-56385739.15318292,-28636765.832660276,1.455920199361125,-3.138527955262396,-8.998717045398704,0.3700064174266688,-1.6571542645943982,3.0,0.1882143853504186,0.0678235008408958,0.20888842144803,0,3000,2,336,-2.880567788146728,2.0,,d2-c1-n0.05-m6,-0.4985807475875041,-2.03153940163383,-1.9180149740917305
-119519320.68071538,-88533632.47471954,4.922847489836815,-12.646235073509864,-6.197273519746189,0.3700064174266688,0.6669421403181292,3.0,0.2065189604418877,0.0911291819878504,0.2321994396237775,0,3000,2,337,0.013149415250463,2.0,,d2-c1-n0.05-m7,-0.496243773939469,-2.994135397947387,-1.9180149740917305
-52890232.93967391,-29931924.56298853,3.360625413209914,1.3468404725244023,-5.871250183829826,0.3700064174266688,1.7939341143711995,3.0,0.2056034757410315,0.0964603821756067,0.2476372362002887,0,3000,2,338,13.350834999027844,2.0,,d2-c1-n0.05-m8,-0.49759113526338733,-1.4842667017423774,-1.9180149740917305
-80969589.51647663,-81651995.2167717,0.9163041219174071,-7.976648203842432,-11.2469229913442,0.3700064174266688,-4.474312969574218,3.0,0.1900437528866957,0.0601852685782637,0.2030516768613917,0,3000,2,339,-11.98291658411206,2.0,,d2-c1-n0.05-m9,-0.49631168386654456,-2.457367691785715,-1.9180149740917305
-138017584.36799586,-54462493.090128794,1.616845551339782,-5.14462095842409,-7.26598994494302,0.3700064174266688,-0.3500240245534191,3.0,0.18516996754786,0.0781472017726766,0.213246995074536,0,3000,2,340,-1.3523409226359646,2.0,,d2-c1-n0.05-m10,-0.49876509284330844,-2.9888035998001357,-1.9180149740917305
-96761753.21944667,-66106472.397628866,0.47876417869376625,-11.079348721191261,-6.27772932150969,0.3700064174266688,-0.0539017456413466,3.0,0.1853367407003086,0.0663318653301958,0.2172201644655735,0,3000,2,341,-1.8164727412950512,2.0,,d2-c1-n0.05-m11,-0.4963929685070806,-3.038769299647287,-1.9180149740917305
-72810948.73618646,-34822215.03476929,0.6532777299056716,-3.1382143759594676,-7.108039644391707,0.3700064174266688,-2.7041082393383142,3.0,0.1823675174131673,0.0704094382580806,0.2020467626555776,0,3000,2,342,-19.350068753652508,2.0,,d2-c1-n0.05-m12,-0.49858596282778933,-2.333589612386369,-1.9180149740917305
-74653728.37995982,-66674599.736829355,1.207959774899269,-7.7224430495494625,-7.430575600585986,0.3700064174266688,-2.3916599716368583,3.0,0.1977433291060703,0.0671017655184081,0.2199443946011181,0,3000,2,343,-4.378023159484492,2.0,,d2-c1-n0.05-m13,-0.49631168386654456,-2.67097070361758,-1.9180149740917305
-70227499.85417818,-45968595.77282561,2.066428506718449,-5.128221725787021,-4.587936871647056,0.3700064174266688,0.8120879237460383,3.0,0.1870776824009361,0.0735671448789337,0.2351203206247601,0,3000,2,344,3.330936894367293,2.0,,d2-c1-n0.05-m14,-0.49863456933769534,-2.880911560426912,-1.9180149740917305
-204196008.22048584,-216159004.61961976,3.462356859043527,-19.63999075136736,-4.904652043195717,0.3700064174266688,-0.11978781436597921,3.0,0.1807617971490502,0.0693216597700335,0.2245645163847981,0,3000,2,360,-0.2773082867850632,2.0,,d2-c1-n0.1-m0,-0.49661126875458617,-3.0988188309302345,-1.966709937222914
-153040439.22464705,-119144030.94270118,2.6477611052906216,-5.474713007510162,-6.651345632757362,0.3700064174266688,-1.1595300347394166,3.0,0.1916928127829407,0.0777367939336698,0.2164274151078282,0,3000,2,361,9.449520693307583,2.0,,d2-c1-n0.1-m1,-0.4972503147752024,-2.7611353338220495,-1.9180149740917305
-232148180.42783305,-162309717.67365205,0.6497481132512968,-17.06832747799011,-8.842183758019138,0.3700064174266688,1.1899726614946522,3.0,0.2170995527110672,0.1004000685428219,0.2322201629639046,0,3000,2,362,-12.086218290266444,2.0,,d2-c1-n0.1-m2,-0.49715281386261095,-3.801917466350535,-2.0157345875781503
-203641235.58810437,-148894267.3422363,1.633778022839386,-19.731330706819392,-6.886077682956208,-5.550096261400032,-2.8718810831058135,3.0,0.2193620398092461,0.1129944049240119,0.229374998146567,0,3000,2,363,-0.1957350610295782,2.0,,d2-c1-n0.1-m3,-0.4967997424300914,-2.9089902245707657,-1.9615857839948847
-221577047.10315105,-220300992.83952716,-0.30607013784032583,-20.86519854065259,-6.2952934967523015,0.3700064174266688,-3.784889152305991,3.0,0.2058092911466421,0.1017935077865895,0.2341636003206561,0,3000,2,364,-1.095170415248552,2.0,,d2-c1-n0.1-m4,-0.494846907747527,-3.513091566815489,-2.0157345875781503
-135564413.08184007,-131986532.86875865,3.9626710058001926,-5.619600653317661,-4.853427441292506,0.3700064174266688,1.7399437125620774,3.0,0.1966760425413651,0.0926639695264767,0.2299472095318666,0,3000,2,365,11.08152312025702,2.0,,d2-c1-n0.1-m5,-0.498441098986208,-2.9714527542532054,-1.9180149740917305
-266835309.12529632,-167794129.9463991,5.828401089816367,-19.45864430229881,-5.762471088849013,0.3700064174266688,-1.8744654452469802,3.0,0.2089538727780103,0.1072163767959192,0.2559990985272531,0,3000,2,366,-3.606518083255943,2.0,,d2-c1-n0.1-m6,-0.4959910554219347,-2.9479063646500108,-2.171205322831839
-202913865.29494318,-168625296.0357351,0.3369213591174738,-17.71612365887636,-5.696227844347047,0.3700064174266688,-0.2512441800575604,3.0,0.1875071225699249,0.0790228463638525,0.2223822647424188,0,3000,2,367,-1.4167534716119394,2.0,,d2-c1-n0.1-m7,-0.4963929685070806,-3.601589467555419,-1.9548674337769316
-187596111.23422658,-117804341.27405858,1.5146401847392195,-8.605830396656513,-7.823190070465643,-8.510147600813383,-1.158294972213196,3.0,0.1971386872509137,0.0782354941812319,0.220418502418935,0,3000,2,368,-4.380389712820355,2.0,,d2-c1-n0.1-m8,-0.49653490235741493,-2.9067486974706256,-1.9180149740917305
-136442346.03622702,-143195725.26962924,3.727294227424336,-21.654558769920634,-6.926381949817274,-5.550096261400032,-0.7712597831781767,3.0,0.2463758797339745,0.1408124973141947,0.2720246274600727,0,3000,2,369,1.4450793517878724,2.0,,d2-c1-n0.1-m9,-0.49379769493997827,-2.6235020344102273,-1.9180149740917305
-114990846.80797265,-108454653.92787212,3.0701605525280145,-16.005626283061847,-7.64426458092895,-2.5900449219866815,2.446795562124008,3.0,0.2201999830992666,0.1149361129048334,0.2614089596403826,0,3000,2,370,-7.72404280863429,2.0,,d2-c1-n0.1-m10,-0.4920342816900716,-3.306398334528483,-1.9180149740917305
-158849282.9233868,-148179916.82893822,1.3595796188186162,-18.24044577499098,-10.304456500173853,0.3700064174266688,-4.972122041985485,3.0,0.2291958239369385,0.0893478076587484,0.2690319578191756,0,3000,2,371,-16.934696980264345,2.0,,d2-c1-n0.1-m11,-0.4967133105795308,-3.11398162361407,-1.9180149740917305
-216533663.28125155,-124580713.10637109,0.4042823718705761,-14.622509034981677,-5.364197051391181,0.3700064174266688,-2.987724368564772,3.0,0.1809276234896107,0.0662324889834138,0.2235537379359061,0,3000,2,372,-0.6620962286516345,2.0,,d2-c1-n0.1-m12,-0.4963252064129628,-3.268567682196986,-2.0157345875781503
-120372253.59899619,-112120643.71717243,8.217512054352495,-17.26622529576171,-7.226313576134106,-8.510147600813383,0.020061376620653527,3.0,0.2520857091904143,0.1499451812326379,0.2853758672661879,0,3000,2,373,1.219879741117918,2.0,,d2-c1-n0.1-m13,-0.49407877920652865,-2.620323649863509,-1.9180149740917305
-195034484.67344975,-131572429.30618344,0.7253706951130631,-17.45096270987623,-7.727478043056628,-2.5900449219866815,-3.4585937398382267,3.0,0.2077293989753713,0.0953402282303862,0.2235785569518263,0,3000,2,374,-7.89412429083137,2.0,,d2-c1-n0.1-m14,-0.49680689698730063,-3.180317832133139,-1.9180149740917305
-274117879.42240953,-230730480.73142278,4.205531160614079,-9.337933757703457,-7.8147049616527875,-11.470198940226732,-1.219058415218339,3.0,0.1867655172277151,0.0940746064932692,0.1891541081130158,0,3000,2,390,6.571277573877722,2.0,,d2-c1-n0.2-m0,-0.4969298082256853,-2.425452567514962,-2.488367512626884
-283515300.2272405,-278026341.1466545,5.154902558994277,-23.333920409469638,-7.353182923103928,-5.550096261400032,-2.0837466571092604,3.0,0.2256408360941127,0.1139995493119043,0.2553429970721749,0,3000,2,391,-11.10729981739082,2.0,,d2-c1-n0.2-m1,-0.4957199554892048,-2.79295735055546,-2.488367512626884
-359659257.3446873,-303508526.5915292,2.9913032775527797,-24.33761022311734,-6.323192534528972,-5.550096261400032,-5.028151017158013,3.0,0.2145413634880927,0.1088994348702169,0.2421845951481011,0,3000,2,392,0.5863070446801962,2.0,,d2-c1-n0.2-m2,-0.4954070797377022,-2.6747026371164826,-2.853457955689425
-405449489.03409725,-330392339.216884,5.484097721941281,-23.431120944626834,-9.01555150128341,-2.5900449219866815,0.022266395243502324,3.0,0.2217657520477694,0.1238458702486494,0.2494287066253667,0,3000,2,393,-10.420195506771478,2.0,,d2-c1-n0.2-m3,-0.49414190961747295,-3.1387456118435204,-4.124157690603472
-342587832.739649,-299976403.9626903,5.644280829985558,-22.832223661070117,-11.017375342630007,-5.550096261400032,-2.792021059575612,3.0,0.2238581741639349,0.089600118977787,0.254190477389213,0,3000,2,394,-2.1599274912864,2.0,,d2-c1-n0.2-m4,-0.4957199554892048,-2.807103209471124,-2.488367512626884
-296870810.942091,-269672078.9172901,6.110023529614809,-23.667062814950764,-9.109023459965831,-5.550096261400032,-1.84795613533812,3.0,0.2320448499313764,0.1248962783047602,0.2947663245190845,0,3000,2,395,-9.597076646976651,2.0,,d2-c1-n0.2-m5,-0.4957199554892048,-2.79295735055546,-2.488367512626884
-324472470.9856332,-333039235.6694859,4.947042461821756,-23.454816996102196,-12.49672012371619,-11.470198940226732,-0.8549314390410103,3.0,0.2181297341558763,0.0970960029540581,0.2151701206373783,0,3000,2,396,-19.90966868373765,2.0,,d2-c1-n0.2-m6,-0.49375696226685456,-2.9086061808492683,-2.488367512626884
-358653008.3023257,-398885075.0889856,2.9349619874041273,-22.738802276534802,-11.751048761242409,-17.390301619053435,-9.06368239298734,3.0,0.2226531875590511,0.104682078184506,0.2277663852896833,0,3000,2,397,-7.068274592865281,2.0,,d2-c1-n0.2-m7,-0.49586638247215936,-2.505890615617418,-2.825534087558353
-239587441.9181008,-252109943.57728207,6.705818348446532,-18.196195672348956,-6.299688783117361,0.3700064174266688,-1.0472937879384219,3.0,0.21285667931434,0.0978780448906639,0.2664065458990876,0,3000,2,398,-3.912962490843667,2.0,,d2-c1-n0.2-m8,-0.495893253467054,-3.244859773611322,-2.0157345875781503
-178642223.46973935,-275274765.853603,2.025984785716294,-22.841222906448362,-7.245880237056552,0.3700064174266688,-6.679785001658264,3.0,0.2132680422962052,0.1062494039371876,0.2492220604752477,0,3000,2,399,0.678826668015989,2.0,,d2-c1-n0.2-m9,-0.49690625221383217,-2.9800951346010236,-1.9180149740917305
-309212596.8406793,-293944189.9462462,7.776823279732773,-20.59103471793493,-4.909607346742424,0.3700064174266688,1.9515869564629718,3.0,0.2185935796934452,0.1159469196453346,0.2735673598526433,0,3000,2,400,4.735398380876656,2.0,,d2-c1-n0.2-m10,-0.4963618419399634,-3.298798768580353,-2.488367512626884
-329284000.5587284,-254893990.26578033,3.0294987734253263,-23.04154326745619,-8.920518282579424,0.3700064174266688,-6.474519701212621,3.0,0.2122906154214999,0.0965337068557158,0.241173863481135,0,3000,2,401,-23.39944863774402,2.0,,d2-c1-n0.2-m11,-0.4947760470796935,-2.840457853780459,-2.488367512626884
-332355012.10098034,-320475079.26201713,3.884934908269679,-22.108736665748406,-7.229402155741985,0.3700064174266688,-5.734477466170486,3.0,0.2138500959012862,0.0976700495912279,0.2448257442837264,0,3000,2,402,5.287646988969231,2.0,,d2-c1-n0.2-m12,-0.49636471237228463,-2.828799236997433,-2.488367512626884
-256404223.7066437,-226289206.3675956,4.750756034071915,-23.736196076367502,-6.042012998688567,-14.430250279640083,-6.245586589958491,3.0,0.2345153081649648,0.1241458315189893,0.2856890991928903,0,3000,2,403,-0.7938535783685272,2.0,,d2-c1-n0.2-m13,-0.4962885990134633,-2.4642644647091942,-2.0302892599950244
-213424016.31681427,-294472015.9082629,2.6987759921995877,-18.078682376512635,-5.56631234331341,0.3700064174266688,1.4240232040036733,3.0,0.1933405186932072,0.0858114650179317,0.2394850063490812,0,3000,2,404,2.4139725477943967,2.0,,d2-c1-n0.2-m14,-0.49574660144960864,-3.2946851851448824,-2.0157345875781503
-32415636.699697845,-32441849.93032748,5.107329196008629,15.549599686959635,-7.759874618555821,-0.0,-14.119681989933877,4.0,0.2469885376882136,0.1229534218918972,0.2996570180339574,0,3000,3,420,1.2257813837761642,3.0,,d3-c1-n0.01-m0,-0.4973933945992911,-1.41941026260879,-1.9180149740917305
-17869169.781436615,-27543233.71073811,1.2985038796439294,2.1278159001287595,-9.121343109877907,-687500000.0,-8.669292528421309,4.0,0.2436875226736425,0.1326585294051613,0.315838078495809,0,3000,3,421,-7.415704083686769,3.0,,d3-c1-n0.01-m1,-0.4840000871304166,-1.4564549475682733,-1.9180149740917305
-4795524.994302091,-9057409.094251754,2.8726953407629097,8.877393727861413,-9.565043464861418,-62499999.99999999,-5.16652489084033,4.0,0.2289939012553519,0.1085270832840968,0.2875429380292547,0,3000,3,422,-10.734204673555151,3.0,,d3-c1-n0.01-m2,-0.4645040358231807,-1.4455625263590892,-1.9180149740917305
-1815814.0814802381,-3541788.184735169,2.1973591577026235,12.229459529197447,-8.324188806519043,-124999999.99999999,-11.710917890984366,4.0,0.2263583285255482,0.1181955942195588,0.2728788815743125,0,3000,3,423,-4.375614595954051,3.0,,d3-c1-n0.01-m3,-0.41748203816654067,-1.6758885064569222,-1.9180149740917305
-6258056.877292146,-14630883.935660921,0.5152272082991461,4.005701114060246,-8.302647565370858,-562500000.0,-6.440797516658216,4.0,0.2485213750312622,0.1320524926808832,0.3109828481386775,0,3000,3,424,-4.175905001060452,3.0,,d3-c1-n0.01-m4,-0.4837477347383373,-1.6649529456778542,-1.9180149740917305
-8246359.046528836,-9455490.548880331,1.1619074466400177,2.647817879735687,-9.934288260981853,-687500000.0,-8.592579095262053,4.0,0.2536998192690695,0.1252690878892775,0.2943343878614539,0,3000,3,425,-6.077102370699984,3.0,,d3-c1-n0.01-m5,-0.4814127111010314,-1.3186163645328233,-1.9180149740917305
-9803817.871901833,-14625178.593704632,1.555201688903067,2.914392150673575,-8.14760626081684,-562500000.0,-12.045902684304123,4.0,0.2424073957946195,0.120893936422128,0.3145559000426343,0,3000,3,426,-3.8235642778157457,3.0,,d3-c1-n0.01-m6,-0.4876302549784694,-1.5080652942664503,-1.9180149740917305
-68401217.51966031,-92384899.47635041,4.879161082959036,15.470714574628701,-8.973817435771668,-312500000.0,-3.3907704580713416,4.0,0.2593347707085251,0.1432998120258332,0.3090952739970247,0,3000,3,427,-41.3525179488977,3.0,,d3-c1-n0.01-m7,-0.49263279022304474,-1.3988846163504145,-1.9180149740917305
-6321198.860507767,-11762740.083098726,1.6298734728457014,-0.7422739251769965,-10.290630779066674,-875000000.0,-10.290487102933993,4.0,0.269130762828476,0.1561361156870054,0.3126456422102425,0,3000,3,428,-4.470633486317453,3.0,,d3-c1-n0.01-m8,-0.4832351008085,-1.5634815544388723,-1.9180149740917305
-17611170.899554167,-53473116.93605459,5.284139831048291,14.395386091347945,-9.027469943523421,-249999999.99999997,-8.921504211590477,4.0,0.2428584457567146,0.1192698400955399,0.2768635073890846,0,3000,3,429,-16.296502183721266,3.0,,d3-c1-n0.01-m9,-0.49039970731303745,-1.383719930189147,-1.9180149740917305
-9818722.781684268,-13494240.28141325,1.8978373981202752,6.782441720837168,-9.634251455418964,-249999999.99999997,-11.457367716994579,4.0,0.243715414406816,0.1302255398065774,0.2929700223675059,0,3000,3,430,-16.842236690951605,3.0,,d3-c1-n0.01-m10,-0.4782356038890097,-1.467847051714261,-1.9180149740917305
-7171593.218498839,-12045894.061086193,2.4483537088730474,21.978970351604538,-8.071069861922316,-0.0,-7.046752023445861,4.0,0.2191997926959883,0.1101596708321797,0.2790022492198468,0,3000,3,431,14.164580864957042,3.0,,d3-c1-n0.01-m11,-0.44093029156023766,-1.5513156360625595,-1.9180149740917305
-19541932.15893891,-41218496.305258684,2.9604479304104263,5.810752049905743,-12.0929431508818,-875000000.0,-6.771343202904978,4.0,0.2621118857835596,0.1316994195188198,0.2952821874430686,0,3000,3,432,-15.026763600360248,3.0,,d3-c1-n0.01-m12,-0.45728693821158906,-1.3098856547272966,-1.9180149740917305
-13211630.337022744,-15854966.088288357,2.0932832849026592,6.221945512975296,-9.699543829259232,-812500000.0,-10.004920630694105,4.0,0.2677167255396797,0.1532780756079251,0.3243569425599518,0,3000,3,433,0.380085965305853,3.0,,d3-c1-n0.01-m13,-0.4869340384671642,-1.270207971011199,-1.9180149740917305
-9232735.964860646,-18061006.758896567,1.2708337990220504,7.640663476574341,-7.279944110531171,-0.0,-7.730092327262301,4.0,0.2321056258110074,0.1267017376362411,0.3175587281139113,0,3000,3,434,1.6301777294930675,3.0,,d3-c1-n0.01-m14,-0.4860200753703205,-1.6193362256383312,-1.9180149740917305
-68048332.98461942,-79689474.24540775,4.2569467858629375,17.38169599704166,-8.914649899556101,-187500000.0,-6.497083635507645,4.0,0.2489505481734181,0.1400231992851891,0.298732311642914,0,3000,3,450,-24.89523765054504,3.0,,d3-c1-n0.05-m0,-0.4874739288664503,-1.331167026000333,-1.9180149740917305
-41957631.528381474,-55973312.31227724,3.2226125626567836,0.12029782975390002,-11.339197631212414,-875000000.0,-14.362660260504049,4.0,0.2726192237466115,0.1469865064794513,0.3141264723342039,0,3000,3,451,-12.659383196182684,3.0,,d3-c1-n0.05-m1,-0.49737085456925306,-1.3171767127944958,-1.9180149740917305
-27280185.832410682,-31413087.39194224,2.8805816088807803,3.10783029271568,-9.114560320263827,-499999999.99999994,-12.904109058889082,4.0,0.2465893566322094,0.1322539813224834,0.2874564488612968,0,3000,3,452,-8.503913817275507,3.0,,d3-c1-n0.05-m2,-0.48466179419983313,-1.2103077838385237,-1.9180149740917305
-52159905.60856541,-58506534.93882803,5.886035911363065,11.764751481035397,-6.439049372886557,-62499999.99999999,-2.685252771313677,4.0,0.2718415452431419,0.166680819523599,0.3318702896340112,0,3000,3,453,16.800746756883633,3.0,,d3-c1-n0.05-m3,-0.4958198141461295,-1.3798774610165156,-1.9180149740917305
-29870180.81336358,-38048339.297502846,2.471616794966172,1.1640673817708274,-9.304168175674457,-625000000.0,-9.681913488447748,4.0,0.2452758372789873,0.1268644850525922,0.3051957259547506,0,3000,3,454,-4.99685320061184,3.0,,d3-c1-n0.05-m4,-0.4628448514700296,-1.2089465826243995,-1.9180149740917305
-36299975.31385712,-37198921.20586049,2.966058779069458,3.1586575050873296,-7.868329712739946,-562500000.0,-12.643822811144043,4.0,0.2559047357176812,0.1529477391731155,0.3264671875604039,0,3000,3,455,0.1038120113334293,3.0,,d3-c1-n0.05-m5,-0.4818145483962717,-1.2832003001062318,-1.9180149740917305
-34620172.71251275,-30761881.454139236,4.00004402782916,4.589362738322436,-8.524425528619876,-0.0,-7.336948118636743,4.0,0.2298923958682583,0.1044915322249738,0.2904353304079593,0,3000,3,456,-10.086395056679647,3.0,,d3-c1-n0.05-m6,-0.4939247019906085,-1.5285222902668192,-1.9180149740917305
-48172700.3682903,-42698872.37453293,3.5165173687699705,2.680768878512951,-10.794819923447674,-562500000.0,-17.73792122854915,4.0,0.2608008128727136,0.1307807375378485,0.282206192184548,0,3000,3,457,-16.176625387033255,3.0,,d3-c1-n0.05-m7,-0.4932569472383606,-1.1402772971700894,-1.9180149740917305
-25906200.714474313,-34270483.673955284,2.24474732077879,10.76931392484964,-8.589594870787334,-187500000.0,-10.266644052874542,4.0,0.2550315270457375,0.1334882870856499,0.3105441923456825,0,3000,3,458,0.4466454396956449,3.0,,d3-c1-n0.05-m8,-0.4796561338157398,-1.1917013560742098,-1.9180149740917305
-44640379.8682392,-29106796.200409405,1.9679576931430378,10.060265054508541,-7.688537645138336,-62499999.99999999,-8.5129730578067,4.0,0.2331397150775847,0.1138628788479931,0.3059576028477457,0,3000,3,459,3.218057928153633,3.0,,d3-c1-n0.05-m9,-0.4943775310107488,-1.50705076816564,-1.9180149740917305
-55578036.64617382,-70178660.51190673,3.5927701462416324,4.350123804664541,-12.498102497056598,-937500000.0,-10.149462517645778,4.0,0.2804548801141703,0.1511779088671584,0.2926072197737202,0,3000,3,460,-13.787515224982826,3.0,,d3-c1-n0.05-m10,-0.49714128334710056,-1.1155938593325216,-1.9180149740917305
-27303090.530125782,-23285614.146096,3.6128022802886712,18.160005066902087,-6.894148879816128,-0.0,-8.482850939897983,4.0,0.2473606180351208,0.1407136010660774,0.3017388752579936,0,3000,3,461,21.368395828400903,3.0,,d3-c1-n0.05-m11,-0.46657290462533774,-1.307313019946685,-1.9180149740917305
-17869462.301026363,-21252744.31817438,3.489236455890953,4.412996854730814,-9.550381298984295,-937500000.0,-6.005046987660295,4.0,0.2894198668666018,0.1893529972416519,0.3231461380909194,0,3000,3,462,4.789913485957336,3.0,,d3-c1-n0.05-m12,-0.4948206884620703,-0.9329972245523321,-1.9180149740917305
-38189636.020104125,-40411187.13299123,3.293117743932339,7.320365096495474,-8.857959044406243,-375000000.0,-13.35533578707795,4.0,0.2583014571434751,0.1627136721431029,0.3149822216592384,0,3000,3,463,1.5260272664429309,3.0,,d3-c1-n0.05-m13,-0.4841553857718821,-1.3071873491501147,-1.9180149740917305
-81501058.57666488,-88795677.25010538,3.2378854725068704,11.51516171151024,-11.020106963973378,-687500000.0,-18.29742007525112,4.0,0.270742932186238,0.1594543329555033,0.2898005065310204,0,3000,3,464,-21.079559573576592,3.0,,d3-c1-n0.05-m14,-0.48558962364239827,-1.2071743938954986,-1.9180149740917305
-72286481.89063305,-57354150.169829026,2.3534635562778567,0.8470997314440989,-7.5749740619309875,-312500000.0,-12.651278287076591,4.0,0.2529746107754361,0.1516565875230352,0.3227240176821741,0,3000,3,480,10.984687542340705,3.0,,d3-c1-n0.1-m0,-0.4893443426315553,-1.2833867892159139,-1.9180149740917305
-70539857.10678989,-70878974.77182958,2.658060655722383,0.005188850165618549,-8.271927091590367,-124999999.99999999,-11.607824904876404,4.0,0.2495757512246631,0.1206952883036743,0.319540121820646,0,3000,3,481,-5.728772538116581,3.0,,d3-c1-n0.1-m1,-0.48655397903539344,-1.3493041701500794,-1.9180149740917305
-115798196.09757474,-64679343.389167204,5.453357009194758,6.1289747520171245,-7.003235179973803,-0.0,-11.714322008664606,4.0,0.2416878048957265,0.1414676610967263,0.2952587629980934,0,3000,3,482,-3.557038532205605,3.0,,d3-c1-n0.1-m2,-0.4995378841239709,-1.9500925980075783,-1.9180149740917305
-80019683.16776907,-75499215.80125116,1.6868848687747926,2.855857211554454,-7.761629157194164,-62499999.99999999,-6.324416012832525,4.0,0.2535063633561524,0.1487248822273338,0.3278554897020823,0,3000,3,483,4.107036960514779,3.0,,d3-c1-n0.1-m3,-0.4951749771337202,-1.477758551128975,-1.9180149740917305
-64859583.06766304,-48301289.30411773,5.363660273377456,-1.9679515206597027,-10.688702431046949,-875000000.0,-13.084688606264752,4.0,0.2746087755729727,0.1689076561047909,0.3098423605005591,0,3000,3,484,-9.95300009216142,3.0,,d3-c1-n0.1-m4,-0.49454089499887294,-1.4340281611329955,-1.9180149740917305
-78329180.98461293,-71902237.61131574,2.8721764998157857,-1.664487773203124,-10.521924974747433,-499999999.99999994,-22.437653961413986,4.0,0.25601338155355,0.1312312927824257,0.3004737688463898,0,3000,3,485,-20.52226204708142,3.0,,d3-c1-n0.1-m5,-0.4862652205301473,-1.3379745614216048,-1.9180149740917305
-48188464.79058923,-36499581.62327598,3.8221028998765902,5.87350739265551,-7.611487722739907,-0.0,-8.405150062495562,4.0,0.22900128050159,0.1211211378350887,0.2885453072779037,0,3000,3,486,-2.2494890599102795,3.0,,d3-c1-n0.1-m6,-0.4977726537029811,-1.5435473132790707,-1.9180149740917305
-131267595.31118241,-129995823.40645,3.101627011478427,4.335812229853668,-8.479192666650901,-62499999.99999999,-10.868530891128913,4.0,0.2410005400984997,0.1129185367105513,0.3015556324771532,0,3000,3,487,-37.0087735355624,3.0,,d3-c1-n0.1-m7,-0.48672962991625107,-1.8187088371659699,-1.9180149740917305
-70281919.06462614,-70656861.51871806,9.641163972481522,11.682182895296467,-4.210983222708771,-0.0,-7.744133804775048,4.0,0.2766947171928087,0.1764962272585852,0.3784905233241648,0,3000,3,488,25.65230615275553,3.0,,d3-c1-n0.1-m8,-0.499821352354423,-0.4874480904201511,-1.9180149740917305
-88515373.90394834,-53157719.78894491,1.961636873960941,-3.1730514072980904,-8.633929066624475,-750000000.0,-5.4339161013508495,4.0,0.2550673894772709,0.1506375386779198,0.3219178753127315,0,3000,3,489,-5.530406551054341,3.0,,d3-c1-n0.1-m9,-0.4908361982280636,-1.8524693187460337,-1.9180149740917305
-113630830.02816568,-149324490.6556628,2.817489515867648,-2.426518631689256,-11.413358983901377,-562500000.0,-16.61138829884093,4.0,0.2680355566554196,0.1434493018739607,0.3094264609560283,0,3000,3,490,-20.614923975239662,3.0,,d3-c1-n0.1-m10,-0.49029517221732377,-1.6936378700411499,-1.9180149740917305
-67733941.43470462,-53984295.146176495,2.4823204165760093,2.387199153159142,-8.566518408330598,-62499999.99999999,-4.738484541849036,4.0,0.246021727660982,0.1335696486518529,0.300019915293983,0,3000,3,491,-13.136520272342572,3.0,,d3-c1-n0.1-m11,-0.4839281455616583,-1.326566961167411,-1.9180149740917305
-112972873.6890096,-88892337.27030167,4.108057951498016,4.318539363636753,-9.304884968898659,-375000000.0,-11.365311336845336,4.0,0.2700691409598488,0.1703258000263827,0.3118383436995656,0,3000,3,492,0.3353985029380055,3.0,,d3-c1-n0.1-m12,-0.49687548437625856,-1.6000385197352884,-1.9180149740917305
-83008049.49964462,-75293917.28824015,7.037943747662708,14.97914180753359,-4.669115727833281,-0.0,-7.260380536816772,4.0,0.2256029442358337,0.1234781329471049,0.32201476685785,0,3000,3,493,33.209975825617065,3.0,,d3-c1-n0.1-m13,-0.4997399055043968,-1.9708180790813232,-1.9180149740917305
-84126642.49945498,-84228426.96050292,5.646102460236231,0.34306851943744243,-7.326407289228253,-375000000.0,-17.725886008225153,4.0,0.2557350944305014,0.1358602941830793,0.334650746918256,0,3000,3,494,-1.6689192913019415,3.0,,d3-c1-n0.1-m14,-0.49282733079133473,-1.3906309873810867,-1.9180149740917305
-98304624.61451457,-126042918.5932535,9.298012953636325,-4.696117557327449,-5.891954269913652,-0.0,-13.495987661535098,4.0,0.2914816533133528,0.2129429640354277,0.3731780618608153,0,3000,3,510,9.530164910380307,3.0,,d3-c1-n0.2-m0,-0.49950037304026423,-1.3755864555074353,-1.9180149740917305
-176170907.34201142,-139472069.63199678,6.8548196916538595,-2.2614475623010266,-6.613433396087666,-124999999.99999999,-7.099309145121676,4.0,0.2779169228545736,0.1784164275174819,0.3493467169980117,0,3000,3,511,-3.66641372894382,3.0,,d3-c1-n0.2-m1,-0.49700605874162546,-1.8580265780309517,-1.9180149740917305
-146538557.70383695,-123840675.93734558,5.777709332138855,-3.6646162554424433,-7.744880802082425,-62499999.99999999,-17.525103359565758,4.0,0.2493917645969064,0.1526811225077045,0.321401470913396,0,3000,3,512,-7.144697080372662,3.0,,d3-c1-n0.2-m2,-0.4868214435881539,-1.6792213517061956,-1.9180149740917305
-157038275.59321684,-167081213.8772955,4.855156491825311,-6.080699590583443,-10.024224413806401,-875000000.0,-18.192737518451462,4.0,0.286475406420049,0.1748236502226748,0.3127703472190304,0,3000,3,513,-4.361976627914746,3.0,,d3-c1-n0.2-m3,-0.49350160737074333,-1.931233495954767,-1.9180149740917305
-190265466.62575516,-199663610.33689108,6.369652301373275,-2.052381462542848,-8.352459345249653,-0.0,-15.008122820167381,4.0,0.2605770353502399,0.1658660935087171,0.3051082715126023,0,3000,3,514,-14.544124599425984,3.0,,d3-c1-n0.2-m4,-0.4985881433225679,-2.3234063780238228,-1.9180149740917305
-173503758.24025902,-145539955.08638307,4.72063071576293,0.9810663052934596,-7.269481069139105,-375000000.0,-9.767079439748965,4.0,0.2515490656414004,0.1608903084773666,0.3003486247093537,0,3000,3,515,0.0089580823909294,3.0,,d3-c1-n0.2-m5,-0.4895196502807733,-1.8293790906659262,-1.9180149740917305
-192912935.90325826,-188972222.60268283,3.1560175703498587,1.5454186978151456,-8.367838304350977,-0.0,-15.297393233967256,4.0,0.2214879193431087,0.1165380440678289,0.2587517636919563,0,3000,3,516,-35.603562663735204,3.0,,d3-c1-n0.2-m6,-0.4988644523725871,-2.2139987988138223,-1.9180149740917305
-119084240.3347745,-105229439.68577655,4.1122694429537905,-2.6574850396501466,-8.855589347403848,-312500000.0,-10.961840249199886,4.0,0.2545986435334362,0.1608720699226016,0.3022495139749185,0,3000,3,517,-2.043394187053898,3.0,,d3-c1-n0.2-m7,-0.4749623398063992,-1.6387232538352747,-1.9180149740917305
-200783556.29891285,-133718999.7335489,5.180336349039289,0.3345862359036561,-8.070599132043737,-187500000.0,-14.756181922058355,4.0,0.2591927479198166,0.1563843005573197,0.2992491360334178,0,3000,3,518,6.008144855297212,3.0,,d3-c1-n0.2-m8,-0.4932070894900185,-2.1703306677715006,-1.935190850828257
-134561767.77192888,-137432863.69116497,11.366311752992699,-2.8713490271615028,-4.8458534004272895,-0.0,-10.10062467255038,4.0,0.2788360470599876,0.1887482773743571,0.385564668784812,0,3000,3,519,2.771940661275317,3.0,,d3-c1-n0.2-m9,-0.4994046319773443,-1.588331322992602,-1.9180149740917305
-177347879.61398405,-157438278.9464331,4.690458638820377,2.0790291412810356,-8.36662403523237,-62499999.99999999,-30.486761810353645,4.0,0.2898407320288686,0.1871045552901281,0.3184669200869675,0,3000,3,520,2.019660572868552,3.0,,d3-c1-n0.2-m10,-0.4981729333945992,-1.0001863769049797,-1.9180149740917305
-139609246.33796495,-153152509.48040092,5.1563193865251655,-1.3721244838605335,-7.125448424700053,-0.0,-9.79976559190574,4.0,0.2479668102760043,0.1426939824551192,0.2972208777137512,0,3000,3,521,-2.5949241501049283,3.0,,d3-c1-n0.2-m11,-0.49727261164522474,-1.964303583273844,-1.9180149740917305
-222305856.98269585,-179587929.1759991,5.106572054266752,11.470603792677373,-7.352040670798183,-0.0,-18.66941935386928,4.0,0.2424539528418957,0.1405216251957677,0.2783036884718621,0,3000,3,522,-18.867196080469053,3.0,,d3-c1-n0.2-m12,-0.49952426136511785,-2.1243608895298287,-2.0157345875781503
-170822806.79688054,-145052585.46518463,3.2476135825115606,0.0905794825278712,-7.673987812527692,-62499999.99999999,-12.06793874072872,4.0,0.2467089019653572,0.147258923406383,0.2835246161830846,0,3000,3,523,-9.60260942351796,3.0,,d3-c1-n0.2-m13,-0.4905374359407605,-2.0776211468285317,-1.9180149740917305
-107982701.51853089,-119268925.07314914,6.096770914569097,1.661128918635325,-5.419758709666573,-0.0,-4.676058052910812,4.0,0.2408743106004463,0.1430455356246982,0.3059423250245508,0,3000,3,524,-10.794922538515332,3.0,,d3-c1-n0.2-m14,-0.49830963559206876,-1.5876680729059074,-1.9180149740917305
-15801015.565493776,-6.739185848433195,4.163923947124288,11.27634663973735,-6.926765985367222,-312500000.0,-11.534297814746287,5.0,0.274946534716048,0.1732736559387021,0.3382920125755514,0,3000,4,540,0.8640063178340975,4.0,,d4-c1-n0.01-m0,-0.4971555484088551,-1.395683840228925,-1.9180149740917305
-5151403.538925792,-3.051778071489848,2.6065131800062886,12.080646661333036,-6.904490823016024,-249999999.99999997,-11.179242007585763,5.0,0.2671122855877192,0.1787705028236885,0.3434711513454503,0,3000,4,541,-0.036623222623584,4.0,,d4-c1-n0.01-m1,-0.4614323216680037,-1.0612650068822587,-1.9180149740917305
-7884947.473143775,-4.241911074072254,5.113633858524772,27.935141025373174,-5.481096550083742,-0.0,-15.907387711294422,5.0,0.257774754881265,0.1705371307862282,0.3636275314619706,0,3000,4,542,22.442617233270976,4.0,,d4-c1-n0.01-m2,-0.493536112732583,-1.6247039537834012,-1.9180149740917305
-36487809.11430826,-22.123532265483114,3.876604062580756,20.425629711053414,-6.594494150913939,-62499999.99999999,-9.22205659268049,5.0,0.297491124385897,0.217058393739644,0.3634704442451211,0,3000,4,543,5.992532678039441,4.0,,d4-c1-n0.01-m3,-0.4877952931915528,-1.720474522749462,-1.9180149740917305
-16843197.227422226,-8.413405885564623,2.859978980365262,2.469493200323402,-7.148216037450615,-375000000.0,-12.975035993281244,5.0,0.2705334555999032,0.1721946586836836,0.3482070910713349,0,3000,4,544,-16.875471101588957,4.0,,d4-c1-n0.01-m4,-0.49209258408583906,-1.6391752210880872,-1.9180149740917305
-18771192.74061786,-26.870205850669688,2.5342421247555733,26.768172305373806,-7.067298587638604,-0.0,-22.123075612542703,5.0,0.2590381929757064,0.1608228088608239,0.3227150416600514,0,3000,4,545,-25.421391317475663,4.0,,d4-c1-n0.01-m5,-0.48916695672764265,-2.39927960704202,-1.9180149740917305
-89938282.58033688,-48.86736635591462,3.575755719047155,13.125940209517019,-7.453674440131629,-187500000.0,-18.727368227520653,5.0,0.2652526233992958,0.1662535587614635,0.3234006718096986,0,3000,4,546,-35.825477386408664,4.0,,d4-c1-n0.01-m6,-0.4770437635484523,-2.232612706544738,-1.9180149740917305
-36754255.00158319,-23.596342567286477,3.1756777903987836,2.2302859867014435,-7.940207672026691,-499999999.99999994,-10.537827577310008,5.0,0.2849926567849626,0.1716086016909559,0.3415902834300445,0,3000,4,547,-29.76605096445724,4.0,,d4-c1-n0.01-m7,-0.4958449536549581,-1.7096436683334835,-1.9180149740917305
-21386009.878351405,-12.824170617806962,3.1900174089823192,32.46950133453755,-7.748396866670509,-62499999.99999999,-8.570101929140256,5.0,0.2659172000744276,0.1697166111112615,0.2912538966202791,0,3000,4,548,-37.35838600844277,4.0,,d4-c1-n0.01-m8,-0.35118921020531035,-1.4479458290456317,-1.9180149740917305
-8390636.679240672,-4.605960778771728,2.448232706627141,4.654707433369168,-6.882721974601406,-187500000.0,-11.290659645980663,5.0,0.2609544537867405,0.1652462867496339,0.335770289505062,0,3000,4,549,-11.171970873719408,4.0,,d4-c1-n0.01-m9,-0.4861803054851432,-1.424125733969055,-1.9180149740917305
-38091587.83395347,-21.03525403515843,6.346453193554615,26.00422208060091,-2.2146638799770715,-0.0,-3.090602741574354,5.0,0.2608380602442491,0.1911326745515683,0.4094586454789448,0,3000,4,550,78.43052538097425,4.0,,d4-c1-n0.01-m10,-0.4923396020181627,-1.0217564809869648,-1.9180149740917305
-18393520.169449266,-11.931745021806373,3.669017071141814,2.2632336939032838,-7.853466286514862,-499999999.99999994,-18.13200525706256,5.0,0.3008489863480075,0.216298442975873,0.3417302130201268,0,3000,4,551,-12.598162870506057,4.0,,d4-c1-n0.01-m11,-0.4974217587381288,-1.2958387810399439,-1.9180149740917305
-23612685.77333433,-13.994870023183172,2.88781981653885,12.630323132375295,-6.547364541079125,-187500000.0,-18.051696499929232,5.0,0.2744590550112598,0.1696943236078684,0.3425056451227934,0,3000,4,552,-11.163127979587726,4.0,,d4-c1-n0.01-m12,-0.49313854805080515,-1.4179753337853513,-1.9180149740917305
-13230683.69002512,-19.99809413492693,2.6813176514117587,8.454851351149577,-6.7003932894082885,-62499999.99999999,-13.367800860497939,5.0,0.2772170497658734,0.1702165624304203,0.3593884965996591,0,3000,4,553,-14.479569337189464,4.0,,d4-c1-n0.01-m13,-0.4982321747588255,-2.101972623243233,-1.9180149740917305
-5921302.288841996,-4.723820659573655,1.9347241491073741,4.119660142999314,-6.494222784604714,-312500000.0,-13.940081145123976,5.0,0.2699454601493399,0.1622721920034235,0.3611205523355131,0,3000,4,554,-4.503402761482203,4.0,,d4-c1-n0.01-m14,-0.4959047848445157,-1.468197411713939,-1.9180149740917305
-42040923.934750475,-30.865872726165385,4.5721929273109625,10.035524417925753,-6.239957757542686,-0.0,-9.992950622164077,5.0,0.2855775615354144,0.1923854688108784,0.3756699617441391,0,3000,4,570,-1.0376935627011612,4.0,,d4-c1-n0.05-m0,-0.4998879993160432,-1.8897026710910516,-1.9180149740917305
-65454266.329589926,-48.72552577409349,3.6689296999570526,0.6190848287972042,-7.53601274999603,-499999999.99999994,-22.53852594644023,5.0,0.2666195718789029,0.1558565434611906,0.3231655839910013,0,3000,4,571,-39.90075492062513,4.0,,d4-c1-n0.05-m1,-0.49385989862789315,-2.32317622347551,-1.9180149740917305
-21205228.852435835,-9.77490503903706,3.5233207602439,3.6563722833151466,-7.533444068296839,-312500000.0,-9.383442717530073,5.0,0.2822363391752263,0.181314597036735,0.3376899506718153,0,3000,4,572,-16.09270414189458,4.0,,d4-c1-n0.05-m2,-0.4974047499397845,-1.2258973694340012,-1.9180149740917305
-56705675.83718473,-29.91889161877008,4.0414864689526615,1.2807950667256771,-8.422716901012183,-562500000.0,-19.211366581579895,5.0,0.3053180873505918,0.1817162238674811,0.3289004078751333,0,3000,4,573,-30.16895284318092,4.0,,d4-c1-n0.05-m3,-0.49865786219834624,-1.837069634660009,-1.9180149740917305
-30038292.388885427,-12.447319310612025,4.191870996155193,9.174556450181974,-7.798686299606911,-312500000.0,-16.03487514929139,5.0,0.2992046095928469,0.1954179605234391,0.3361139594795693,0,3000,4,574,-17.091759926410464,4.0,,d4-c1-n0.05-m4,-0.4988085265150668,-1.4465421793357411,-1.9180149740917305
-42641575.553859465,-29.931814117064363,3.143504880015509,-0.6790267455692536,-8.541178457021983,-687500000.0,-15.92234542362023,5.0,0.3141075933014193,0.2190138079444033,0.3336406287557563,0,3000,4,575,-31.28121797229592,4.0,,d4-c1-n0.05-m5,-0.4980025645535141,-2.1183310976112497,-1.9180149740917305
-32270249.385112554,-15.627481514078776,3.3082270804580376,13.095786277649383,-6.723765907098461,-0.0,-8.285802041149598,5.0,0.2831593305965589,0.1980845249326607,0.3667296453319942,0,3000,4,576,1.5495180423592505,4.0,,d4-c1-n0.05-m6,-0.4955354235438374,-1.8237902312385244,-1.9180149740917305
-20976274.383766856,-12.417610228832357,3.008029585101515,10.933385841598266,-7.281437572512118,-187500000.0,-7.437120711391399,5.0,0.2763960297360078,0.1754263262290017,0.3392106940949015,0,3000,4,577,-4.587718319365236,4.0,,d4-c1-n0.05-m7,-0.4918521953739054,-1.2987175302375005,-1.9180149740917305
-26505511.86592753,-17.113412333497422,3.098750158789886,0.41760163484528773,-7.565397514325797,-562500000.0,-17.673652484414237,5.0,0.2835548909556732,0.1904878704086591,0.3367588292637476,0,3000,4,578,-22.05882557409797,4.0,,d4-c1-n0.05-m8,-0.49766017823722347,-1.940200775772488,-1.9180149740917305
-33518882.69344092,-27.007614336946926,3.906274476633949,4.614575436718192,-7.4877114607896536,-499999999.99999994,-23.40822340406327,5.0,0.3072354681181493,0.2086587589212832,0.3540988630567134,0,3000,4,579,-12.708320135998806,4.0,,d4-c1-n0.05-m9,-0.49876509327252505,-1.8234514136066715,-1.9180149740917305
-21627577.678123046,-13.613341050413862,3.9885843453153575,15.719534744773986,-7.008057206200477,-124999999.99999999,-7.929028453163394,5.0,0.2978396248439181,0.2088498345953176,0.3636124857448912,0,3000,4,580,1.430710029764047,4.0,,d4-c1-n0.05-m10,-0.49677355201418355,-1.1969977581647135,-1.9180149740917305
-26568647.546965055,-17.64942388416508,3.3478702425994045,1.289314673026975,-7.501625816041521,-750000000.0,-14.546781447802232,5.0,0.3019070202447634,0.1967023694085711,0.3394127713438665,0,3000,4,581,-27.98445065192184,4.0,,d4-c1-n0.05-m11,-0.49804510924321416,-2.0569118494088645,-1.9180149740917305
-39063058.555773474,-26.837454018128554,3.906375513453552,9.08517357167803,-7.725562373216597,-249999999.99999997,-15.581907439757309,5.0,0.28909197229248,0.1915169572925002,0.3367227314141149,0,3000,4,582,-20.161306901824567,4.0,,d4-c1-n0.05-m12,-0.4988163043705671,-2.0046410951749927,-1.9180149740917305
-11362422.609739937,-4.580202424922085,3.3179720945476836,56.77147454744877,-6.976265462528227,-0.0,-5.630548144253524,5.0,0.2519489158234974,0.1547976780739642,0.2988754142493248,0,3000,4,583,28.472607937392368,4.0,,d4-c1-n0.05-m13,-0.42168400498700437,-1.922034141859812,-1.9180149740917305
-35955725.079004936,-23.06662866490466,3.088863398545997,1.6590955296126522,-7.281384555345989,-562500000.0,-11.562204801964235,5.0,0.2860448720527372,0.1869732437404352,0.346088910867075,0,3000,4,584,-18.85016105524571,4.0,,d4-c1-n0.05-m14,-0.49517982265407195,-1.8445278371316705,-1.9180149740917305
-72576644.9611752,-38.6920772609829,3.572038463825872,3.3421506781434913,-7.713357821572552,-375000000.0,-16.527944620464513,5.0,0.3039283964241006,0.202591292090596,0.3478481835865547,0,3000,4,600,-26.415311732361605,4.0,,d4-c1-n0.1-m0,-0.49861575785500434,-1.9600247182753663,-1.9180149740917305
-77239484.01482823,-37.853382822149634,3.13694372007548,2.985295314652098,-7.308714904488059,-499999999.99999994,-21.453009166774294,5.0,0.2742733343168148,0.1551572110007734,0.3438965678976804,0,3000,4,601,-25.490568830187783,4.0,,d4-c1-n0.1-m1,-0.4983261313907694,-2.017225381268682,-1.9180149740917305
-41151091.75663965,-19.46064698072682,4.107328565813529,24.97000811701889,-5.865168806708245,-0.0,-3.22169862345788,5.0,0.2863380931168611,0.1999228989539587,0.3471801883527239,0,3000,4,602,29.480145418186098,4.0,,d4-c1-n0.1-m2,-0.4877712334356317,-2.1441457667068358,-1.9180149740917305
-46951297.725556135,-31.95145494003093,3.00583788941334,14.839206225320362,-7.182131118626531,-124999999.99999999,-18.869487582917174,5.0,0.2826230194481922,0.1852611007427232,0.326491653434015,0,3000,4,603,-9.190322083736802,4.0,,d4-c1-n0.1-m3,-0.4983467827533177,-1.9118903278954564,-1.9180149740917305
-39863600.965343736,-12.545632093965946,3.7200098626391176,4.34393040504184,-6.583339339159347,-0.0,-8.381763166175556,5.0,0.2818404638621792,0.181113610261472,0.3613358967194487,0,3000,4,604,-3.1032668576189137,4.0,,d4-c1-n0.1-m4,-0.4981784550928405,-1.463193459417248,-1.9180149740917305
-83520937.37592886,-42.847146470358744,2.084221018335362,2.9065065633061327,-7.808873548079558,-499999999.99999994,-20.191110829186627,5.0,0.2996749268954397,0.1862659698521386,0.3449585398315773,0,3000,4,605,-15.198491523550626,4.0,,d4-c1-n0.1-m5,-0.49879591584846367,-1.7830728031205059,-1.9180149740917305
-50541757.141020395,-36.32613220553477,3.6738960760432904,1.7982089676499302,-7.8898705236407745,-625000000.0,-14.969134831738325,5.0,0.3010018299511213,0.1971864464979179,0.347376252726393,0,3000,4,606,-27.860036231503933,4.0,,d4-c1-n0.1-m6,-0.49848295438956786,-1.9227588651325924,-1.9180149740917305
-30437696.021172997,-19.48237893315463,2.7672465400751296,3.0722307595923257,-7.519330898671969,-437500000.0,-11.766394838907326,5.0,0.2992711805052917,0.202075678981768,0.3602886652685589,0,3000,4,607,-12.183740340828578,4.0,,d4-c1-n0.1-m7,-0.4970301363764025,-1.7516602499992786,-1.9180149740917305
-53191187.31848368,-20.5489422680204,2.4704883619321394,5.846849378305611,-5.977162268449697,-0.0,-9.011717992750148,5.0,0.2770871424634511,0.1796773772289626,0.3616380278708832,0,3000,4,608,5.924945353387931,4.0,,d4-c1-n0.1-m8,-0.4995419512289408,-2.065580385716344,-1.9180149740917305
-59289608.42737093,-29.48133695847822,3.497258670936522,3.720603401846309,-7.167532841931536,-62499999.99999999,-9.428602261089855,5.0,0.2991860399254243,0.2031396957123098,0.3565849553897387,0,3000,4,609,-0.0842488264840803,4.0,,d4-c1-n0.1-m9,-0.49816471362812564,-1.7490401720720268,-1.9180149740917305
-70722520.47218773,-40.84058699444759,5.119050177667509,11.924293704108784,-6.189228282127372,-625000000.0,-23.89692418229082,5.0,0.3045640418530313,0.2037321389965118,0.3885113978035388,0,3000,4,610,4.907010535399368,4.0,,d4-c1-n0.1-m10,-0.4980805340392638,-1.6936228203667283,-1.9180149740917305
-58425785.81410023,-22.91923524549398,4.2645473455973075,12.091585456617892,-7.094074907394578,-124999999.99999999,-10.439120125094012,5.0,0.2758188327684023,0.1633446127126416,0.3258992042783158,0,3000,4,611,-3.3189630707114124,4.0,,d4-c1-n0.1-m11,-0.49820352903916537,-1.96456894047548,-1.9180149740917305
-51751384.44526834,-24.503073076345608,4.801391041766604,17.013873443917692,-6.509772719431815,-124999999.99999999,-13.49752094712179,5.0,0.3044445836434753,0.2225409760394028,0.3691160303705496,0,3000,4,612,2.082313981868797,4.0,,d4-c1-n0.1-m12,-0.4976403397835929,-1.9999351915630685,-1.9180149740917305
-98956221.28591546,-48.24198944196522,3.605589775463522,12.787139031101688,-7.6048820488040905,-0.0,-9.840764829857493,5.0,0.2960524041412332,0.1984652269291198,0.3542672358422514,0,3000,4,613,-22.6348913684337,4.0,,d4-c1-n0.1-m13,-0.499341610801599,-1.960680546576429,-1.9180149740917305
-82685164.09319587,-36.0860254274002,4.406632867743496,7.85239616252112,-8.051596738074215,-249999999.99999997,-18.9392761534302,5.0,0.3175893314777267,0.2230887630754733,0.3517865730962768,0,3000,4,614,-12.13766082906188,4.0,,d4-c1-n0.1-m14,-0.49915051482732126,-1.8677983883950955,-1.9180149740917305
-67869438.58544473,-24.264496878550116,3.136717190024263,11.06134022386746,-6.366226091265716,-62499999.99999999,-7.52114493273654,5.0,0.241886937647446,0.1398233931526437,0.3019666597085387,0,3000,4,630,-3.558579726048665,4.0,,d4-c1-n0.2-m0,-0.45132099906830025,-2.318031793533375,-1.9180149740917305
-67326187.60927153,-25.72643937158371,3.943108934423128,6.144518627799039,-5.665659908829407,-312500000.0,-7.4836636154027785,5.0,0.272944414221305,0.186517221338937,0.3530707929099058,0,3000,4,631,9.496456875600702,4.0,,d4-c1-n0.2-m1,-0.49910043879201055,-1.929132764562896,-1.9180149740917305
-86619159.85715108,-59.69418410272903,4.287106649822445,2.9306674058965916,-7.480792720609167,-875000000.0,-24.840178207269876,5.0,0.3037635543797587,0.1969483531519805,0.34501953497306,0,3000,4,632,-24.04856054825175,4.0,,d4-c1-n0.2-m2,-0.49845432699167985,-1.7621162412025588,-1.9180149740917305
-125905529.55818273,-56.54730249945534,4.130622930854944,-0.7693051979708985,-7.68010545497331,-562500000.0,-16.40698321374504,5.0,0.3067120782638671,0.215251978797225,0.349890747989051,0,3000,4,633,-15.94121826097334,4.0,,d4-c1-n0.2-m3,-0.49659713922098303,-2.2868853673157017,-1.9180149740917305
-114843125.96807025,-49.634801206884354,4.316476229898229,-0.7301402671372696,-6.605068424699365,-999999999.9999999,-17.250735868248995,5.0,0.3324751107500076,0.2441361765491941,0.3849151485737843,0,3000,4,634,-5.665571274105821,4.0,,d4-c1-n0.2-m4,-0.4935401509000944,-2.0990409008839728,-1.9180149740917305
-106626051.46394244,-70.76840724734717,2.9697259538135627,8.101020148926377,-6.982871401428523,-687500000.0,-22.19183948801375,5.0,0.2916834823589347,0.2049194731607535,0.3353726368394247,0,3000,4,635,-39.18539102422648,4.0,,d4-c1-n0.2-m5,-0.49857782033670045,-1.8127858690582515,-1.9180149740917305
-91744961.12463509,-44.08494569247089,3.1049479470832475,2.6275720212144367,-5.886821017357374,-687500000.0,-19.490011836517024,5.0,0.2597248834426776,0.1707701229814352,0.3287873619172219,0,3000,4,636,-29.21622157395343,4.0,,d4-c1-n0.2-m6,-0.48998946187679104,-2.1892814244952663,-1.9180149740917305
-147777162.7571106,-59.61272299026802,4.261981753948202,4.874424638172436,-6.357981921931879,-187500000.0,-23.266069112996398,5.0,0.2941902900287262,0.2059109017832744,0.3324389621523548,0,3000,4,637,-24.996193418222923,4.0,,d4-c1-n0.2-m7,-0.4992171651102864,-2.0191750210216908,-1.9180149740917305
-101561114.4340565,-35.21886722804552,3.221763002929528,3.757138383857164,-7.146087398230335,-124999999.99999999,-10.919970682150094,5.0,0.2715099424514924,0.1810389240912828,0.3077369706444574,0,3000,4,638,-22.997619759109075,4.0,,d4-c1-n0.2-m8,-0.4930185627700527,-2.131926384493784,-1.9180149740917305
-123430198.48000045,-63.08885687542123,2.641835707374414,-0.043976065521936766,-6.435326014746458,-999999999.9999999,-14.642771669280743,5.0,0.2928306593413829,0.19466847911541,0.3599406702028185,0,3000,4,639,-57.772627160556176,4.0,,d4-c1-n0.2-m9,-0.49757149503029247,-2.1661105594164916,-1.9180149740917305
-107935865.0694009,-48.36676591260003,5.421776418097393,40.316749109186276,-5.052108150310518,-0.0,-9.456610235068146,5.0,0.2767351992651123,0.1899769359901824,0.3456013515422259,0,3000,4,640,32.54341939091398,4.0,,d4-c1-n0.2-m10,-0.49922520828475964,-2.4115130759748777,-1.9180149740917305
-95765924.04510738,-42.97803511487905,4.501909156908341,15.037165340917383,-6.089897970517025,-437500000.0,-23.546907308655477,5.0,0.2980939575076717,0.201786701130705,0.3448705746702963,0,3000,4,641,-16.067167115072312,4.0,,d4-c1-n0.2-m11,-0.49875191177377043,-1.8505053226763513,-1.9180149740917305
-126564860.51331058,-50.9047243076096,3.837779445393585,-1.2148325682597965,-7.063886932997881,-999999999.9999999,-14.824430725808215,5.0,0.2929424251019922,0.194113396796612,0.3410601622997609,0,3000,4,642,-15.484538294325528,4.0,,d4-c1-n0.2-m12,-0.4960745482670793,-2.209933818832174,-1.9180149740917305
-81437829.82386269,-42.216153614418616,4.2259105245114945,34.13768709904017,-5.780123970512703,-62499999.99999999,-7.1441357027962775,5.0,0.2588987444616701,0.1780042228281813,0.3017694344683667,0,3000,4,643,6.224275918490596,4.0,,d4-c1-n0.2-m13,-0.482604060411708,-2.161375254705074,-1.9180149740917305
-83021724.65637346,-40.52002011741115,5.291900358450786,22.56946138162745,-4.059812360363593,-0.0,-1.6407191332304623,5.0,0.2937265359324186,0.2477958007231185,0.4118553637846703,0,3000,4,644,53.48846762686056,4.0,,d4-c1-n0.2-m14,-0.49833225322870967,-1.1122126573609825,-1.9180149740917305
-0.7119043835819758,1.854868526483674,4.8943816045072595,31.003324890014714,-9.143028893682777,-124999999.99999999,-11.416520179071403,6.0,0.2734375864957009,0.1918716561470914,0.3556386509148626,0,3000,5,660,1.9053751696081136,5.0,,d5-c1-n0.01-m0,-0.4617275627792822,-0.4470045093530706,-0.8552483550699705
-0.7767466323753132,1.0578092046905088,4.340761787485214,43.33694778980141,-9.076207620925038,-687500000.0,-13.182398693456019,6.0,0.3159211037632558,0.2384031593319143,0.3732775040026426,0,3000,5,661,2.52454500993612,5.0,,d5-c1-n0.01-m1,-0.47976863542161513,-0.7246381026430178,-0.8552483550699705
-5.216056909721021,0.4994040671546247,4.044788458803021,22.56032485710141,-9.491115728002603,-124999999.99999999,-12.58577675305511,6.0,0.3034127398674702,0.2314653599367334,0.3891488389167704,0,3000,5,662,-1.454894501301056,5.0,,d5-c1-n0.01-m2,-0.482102678265186,-1.2877914722160353,-1.0907780242636238
-16.216574239231438,-5.614323215219459,4.218961866654595,77.47845570583972,-8.352511017090256,-62499999.99999999,-15.499335491151868,6.0,0.2989367786967717,0.2495232963537251,0.3980831635743308,0,3000,5,663,2.1789181931808583,5.0,,d5-c1-n0.01-m3,-0.49170712411135403,-1.9341540194565605,-1.3833031703567538
-9.23692499015017,-2.7001360923620887,5.315638714540116,76.54404914396818,-9.62581099148197,-62499999.99999999,-7.725408804120333,6.0,0.308820803705623,0.235831331858203,0.3636864763591015,0,3000,5,664,-20.746348774718008,5.0,,d5-c1-n0.01-m4,-0.49297368065631586,-1.4066013736946585,-1.3833031703567538
-5.8191266879648795,-0.20385667478472935,4.310633443436989,13.174865536375924,-10.007015205033584,-687500000.0,-14.800964179138132,6.0,0.3049361382088325,0.2195600651243836,0.3519672149260902,0,3000,5,665,-44.1232350861954,5.0,,d5-c1-n0.01-m5,-0.49661192351152345,-1.1988908905423108,-1.1928392490824304
-7.113171057187135,-0.8691067349846294,5.028874722278368,10.257076927104798,-10.10847841821724,-999999999.9999999,-19.339292535260462,6.0,0.3128223401297124,0.2214616589596773,0.3523085590124306,0,3000,5,666,-37.70430429832168,5.0,,d5-c1-n0.01-m6,-0.4981919350505301,-1.3654188506659826,-1.3833031703567538
-8.000643745763917,-2.8497138688672954,4.182747227409916,21.937767167828834,-10.021694981069292,-999999999.9999999,-15.147224509515901,6.0,0.3451078968842443,0.2716381816600944,0.4088149652899415,0,3000,5,667,-13.523752961154,5.0,,d5-c1-n0.01-m7,-0.48907706201255646,-1.374712249183953,-1.3833031703567538
-4.91708130996424,-1.469081979800418,4.42513080170935,2.9078341785095194,-10.358908742704966,-999999999.9999999,-16.519215002902563,6.0,0.3342480939440496,0.2533003730917144,0.3945806693386948,0,3000,5,668,-28.42240351450837,5.0,,d5-c1-n0.01-m8,-0.496508546206102,-1.1577994440596688,-1.0907780242636238
-2.962020799071799,1.226681926709038,6.102817351269796,17.661590206905807,-9.97003472684503,-999999999.9999999,-17.60277974178413,6.0,0.3028844405181472,0.21157797212835,0.3750195643094613,0,3000,5,669,-18.319930087521648,5.0,,d5-c1-n0.01-m9,-0.4856928900087656,-0.8121472041035426,-0.9077755312602216
-16.698060588812663,-4.945075671946654,5.460709566251303,37.295706020674544,-9.508613404445214,-437500000.0,-13.89563286797277,6.0,0.2891651895249555,0.2161613496795826,0.3667179199560103,0,3000,5,670,-44.4013504262728,5.0,,d5-c1-n0.01-m10,-0.4917310247591701,-1.7141475822336103,-1.3833031703567538
-0.6271022238602114,1.7404497931898646,5.5519853843194165,6.1268506481624705,-9.546795109024702,-999999999.9999999,-15.413954690228406,6.0,0.2952572587150764,0.2355830807251676,0.3710385706857951,0,3000,5,671,-19.616145636909778,5.0,,d5-c1-n0.01-m11,-0.4966233992804565,-0.32857670911426895,-0.8552483550699705
-3.1974811388844113,0.4095453119040166,5.077679222562302,43.30806336538065,-9.374839269184246,-0.0,-17.490010504110028,6.0,0.2996686110961079,0.2271510399450484,0.3717606089010671,0,3000,5,672,4.810311591502766,5.0,,d5-c1-n0.01-m12,-0.4909226406350925,-1.2324930690734066,-0.9286293301593072
-1.5712248176758594,1.0404710393002683,5.569350384673821,5.095938186893775,-10.12608700601676,-999999999.9999999,-20.21550068687229,6.0,0.3144389448091195,0.2250619604504784,0.3738592697281862,0,3000,5,673,-29.827358750792463,5.0,,d5-c1-n0.01-m13,-0.4972096977381581,-0.32857670911426895,-0.8552483550699705
-7.625890708294063,-2.461235441889771,6.143217153397489,32.84341206696705,-10.09555254550351,-312500000.0,-24.604310896192995,6.0,0.3112940323436892,0.231368652617123,0.3806758984453104,0,3000,5,674,-25.2216018569094,5.0,,d5-c1-n0.01-m14,-0.49340578915997313,-1.2176668967944415,-1.3833031703567538
-6.461484313529663,-0.34850730062422874,6.144337443551349,56.9809241865071,-9.379177971078267,-0.0,-5.660566695492283,6.0,0.3106236245450463,0.2240391094591529,0.3696094968355407,0,3000,5,690,19.46385767445848,5.0,,d5-c1-n0.05-m0,-0.4949977988350115,-1.810932707029118,-1.3833031703567538
-4.480937149199612,0.7000963611139193,4.5930948543582,11.775577147689473,-9.391261669420887,-999999999.9999999,-21.305252032112993,6.0,0.2942209597657456,0.2214333719147664,0.3752554201524417,0,3000,5,691,-16.171144702457998,5.0,,d5-c1-n0.05-m1,-0.4898210013936769,-1.1127503014250382,-1.0907780242636238
-9.972976951185215,-1.1156137098304721,6.045559661246267,35.134953728034965,-9.010719164303719,-999999999.9999999,-25.911901104202617,6.0,0.2955144798614767,0.2196908417334273,0.3739787714585793,0,3000,5,692,-29.278471998111137,5.0,,d5-c1-n0.05-m2,-0.4861203354036242,-1.0530275594161438,-1.3833031703567538
-2.6388169996154396,0.6005049896421253,4.4928201311123805,7.31955216953,-9.679954532188898,-999999999.9999999,-19.297567528365793,6.0,0.3021344480737714,0.2113536113590677,0.3828793326192248,0,3000,5,693,-16.703636368602854,5.0,,d5-c1-n0.05-m3,-0.4956222031206445,-0.3029544661363743,-0.8552483550699705
-5.8171358968205915,-1.0180065527648712,5.614376926948415,50.971238385268116,-7.477164750997004,-0.0,-1.312098777947621,6.0,0.2942449718318218,0.2339339750309784,0.4055824381190286,0,3000,5,694,54.88132514320018,5.0,,d5-c1-n0.05-m4,-0.4704018894647042,-1.6792696181843139,-1.1928392490824304
-5.39467633806785,-2.6435405584397795,4.392913371816736,8.140393287371516,-9.950100760257424,-999999999.9999999,-15.739031750111042,6.0,0.3191070873803613,0.2539293107432459,0.4031617351885715,0,3000,5,695,-28.646174109828085,5.0,,d5-c1-n0.05-m5,-0.4959641797553688,-1.17078806244232,-1.0907780242636238
-7.977360991009059,-1.8396641672496237,3.841539343106786,19.657781511537213,-9.3780763769232,-999999999.9999999,-21.97809219830342,6.0,0.3086828397199131,0.2245965513621078,0.4007410092646444,0,3000,5,696,-11.136468161274196,5.0,,d5-c1-n0.05-m6,-0.486418170671087,-1.261249637560669,-1.3833031703567538
-4.395539353727499,-1.081480776196454,3.443864544141207,10.858845889392569,-9.16310008957639,-999999999.9999999,-15.702030712799354,6.0,0.2955315600150066,0.206926042516209,0.4004954398470864,0,3000,5,697,-19.7446786444012,5.0,,d5-c1-n0.05-m7,-0.49446644730260036,-1.1136697569964416,-1.0907780242636238
-3.1570446567745467,0.9737252111779497,4.903446042437238,24.584965136627854,-8.927896578494892,-875000000.0,-17.230555042183827,6.0,0.293299126718595,0.2306114889096615,0.3921027110640786,0,3000,5,698,-14.507889827778769,5.0,,d5-c1-n0.05-m8,-0.47713174158485616,-0.79277000789648,-0.9286293301593072
-1.6747257773272675,1.3641639813395894,3.874185955133636,20.960787739710124,-9.707509424893646,-249999999.99999997,-7.23746363999642,6.0,0.3014932548796804,0.2261141108333908,0.3350255205545725,0,3000,5,699,-33.03765356029634,5.0,,d5-c1-n0.05-m9,-0.46866915443721624,-0.4693938045604656,-0.8552483550699705
-1.8485675386063771,0.6310445553559162,4.477053001603129,34.62839810156982,-9.026840787979248,-124999999.99999999,-13.712575642647503,6.0,0.2466642897103372,0.1751977669462423,0.2903579273908273,0,3000,5,700,-62.894655678803616,5.0,,d5-c1-n0.05-m10,-0.45743610145614677,-0.7085020954242396,-0.8552483550699705
-8.809285013033735,-2.958293977196783,4.455173071805467,41.62230761774179,-9.674826291821962,-0.0,-1.8341872383801772,6.0,0.3000874320771428,0.2409040408663664,0.3635947038820081,0,3000,5,701,-12.478273660639108,5.0,,d5-c1-n0.05-m11,-0.47757308059126635,-1.869327172059738,-1.3833031703567538
-6.827825614378847,-0.6991415335487731,4.981035438759536,47.36754887268804,-9.675519957766022,-187500000.0,-11.746994312579753,6.0,0.3020791850936145,0.2209354629663216,0.3688585183981865,0,3000,5,702,-8.094765280509788,5.0,,d5-c1-n0.05-m12,-0.4916490790800022,-1.5821478287414226,-1.3833031703567538
-2.0459555665783022,0.7413263021015588,4.0621534642062,63.65653517554107,-9.814817102630384,-62499999.99999999,-12.266123209477803,6.0,0.3152887503380884,0.2401615805596588,0.3650539766784351,0,3000,5,703,6.3932786146544505,5.0,,d5-c1-n0.05-m13,-0.47137936056922664,-0.7255704357142719,-0.8552483550699705
-5.207543827032069,-1.376108779711441,5.280503170720473,13.678816458650383,-10.111786960389457,-999999999.9999999,-18.14350207268174,6.0,0.3146604206455063,0.2247725572924876,0.3636298042793148,0,3000,5,704,-31.0992089312982,5.0,,d5-c1-n0.05-m14,-0.4951669977170411,-1.1396485036245187,-1.0907780242636238
-7.158587928383227,-3.156783384778888,6.456482063605127,89.91872313027363,-8.236982739967663,-0.0,-4.771720186044666,6.0,0.2875905445421866,0.1997040727488977,0.3871685353035094,0,3000,5,720,9.58742063848517,5.0,,d5-c1-n0.1-m0,-0.49515062534419374,-1.7253953483904274,-1.3833031703567538
-8.499918329808619,-2.2926922837905233,5.476361908855756,163.43336871426544,-7.781385203732351,-0.0,-9.374848173322945,6.0,0.2919303743368778,0.2245441228598708,0.3576089036776858,0,3000,5,721,55.01886922438137,5.0,,d5-c1-n0.1-m1,-0.4956017085356272,-1.5770684133953048,-1.3833031703567538
-8.702739289980089,-2.557887192388591,4.5298819214258135,12.521730881239883,-9.755524643167943,-999999999.9999999,-18.87512019540856,6.0,0.3215004827116072,0.2494739005659578,0.372761857612098,0,3000,5,722,-51.81568753840308,5.0,,d5-c1-n0.1-m2,-0.494929211712908,-1.24556624341764,-1.3833031703567538
-13.62162042369165,-5.298516782090219,5.515626865236249,17.538980213337148,-10.135796449380113,-999999999.9999999,-15.692212484368408,6.0,0.3323936873829177,0.2491518253911872,0.4016965976141021,0,3000,5,723,-39.1042194433172,5.0,,d5-c1-n0.1-m3,-0.4920102530380283,-1.773040614537744,-1.3833031703567538
-7.676557965730164,-0.5769390955674609,5.094721168117845,45.12655032886096,-9.736180950581517,-249999999.99999997,-23.978149588970307,6.0,0.3059698679465449,0.2307662341775406,0.3589631721173074,0,3000,5,724,-53.95304602005903,5.0,,d5-c1-n0.1-m4,-0.49225253703582156,-1.557213410849462,-1.3833031703567538
-6.246483598301941,-1.5523271990773304,4.974123074520642,26.375425474050207,-9.544334380784115,-999999999.9999999,-12.599302909371598,6.0,0.3079868253745804,0.228342476623845,0.3578344884992092,0,3000,5,725,-33.13785935137783,5.0,,d5-c1-n0.1-m5,-0.4893920752269326,-1.515464572236559,-1.3833031703567538
-4.538463623468691,-0.06217974841814215,4.826155383851531,23.52826879690761,-9.719890140090362,-999999999.9999999,-15.985633870010428,6.0,0.3202980837112071,0.2471270926562527,0.3644434146370695,0,3000,5,726,-27.36501286887357,5.0,,d5-c1-n0.1-m6,-0.4799546802030604,-1.2154087301153915,-1.0907780242636238
-8.488245734357218,-3.5767704873414226,5.458091097908262,38.540874787358376,-9.541649949976202,-62499999.99999999,-17.98658690135465,6.0,0.3091473578743042,0.2317610551843388,0.3661393115388024,0,3000,5,727,-20.20522058544134,5.0,,d5-c1-n0.1-m7,-0.49273023988108383,-1.5624220398389963,-1.3833031703567538
-11.57155195325775,-2.772187022766088,4.85031834549151,18.43604552023058,-9.730060147562915,-812500000.0,-15.513626019546038,6.0,0.2847235253575203,0.2083685889091382,0.3123129112328702,0,3000,5,728,-86.78332400296945,5.0,,d5-c1-n0.1-m8,-0.49430509386808574,-1.4646680135566583,-1.3833031703567538
-4.461964484452662,-0.4992021136457298,5.458683417501621,59.24330571961521,-9.158753868268343,-0.0,-5.01939218583182,6.0,0.3154829091056582,0.2507558388009185,0.3907894396935584,0,3000,5,729,12.657273566920678,5.0,,d5-c1-n0.1-m9,-0.4814567888248467,-1.6404860890495698,-1.0907780242636238
-5.8010783793454594,-2.3953815441050628,4.105890305539387,46.11650988295375,-9.671243291037731,-937500000.0,-25.883242144908955,6.0,0.3064657271486267,0.2155633022012043,0.3626216286487949,0,3000,5,730,-67.17285898139227,5.0,,d5-c1-n0.1-m10,-0.4700382972477518,-1.1629515992517956,-1.1928392490824304
-5.846484367487177,-0.7130530054847961,5.06210866464619,34.16803955077393,-9.627608131434606,-312500000.0,-13.728327449103094,6.0,0.3137455488275873,0.2318721805802241,0.3542314076393101,0,3000,5,731,-18.969061686030443,5.0,,d5-c1-n0.1-m11,-0.4921236103990787,-1.4902978399243265,-1.1928392490824304
-7.868232534423254,-2.901286781644071,5.750091416468392,18.20995838641485,-9.758882061531342,-999999999.9999999,-20.01363545868247,6.0,0.2904711813102946,0.2120015518274849,0.36292340628617,0,3000,5,732,-36.76476047112881,5.0,,d5-c1-n0.1-m12,-0.4937925580296965,-1.3021324492265942,-1.3833031703567538
-4.9097294003778815,-0.4994633294791897,5.364417406670015,13.463535043539357,-9.718134356914879,-999999999.9999999,-20.997843157805143,6.0,0.2922624674383836,0.2004176817002184,0.3530327642395199,0,3000,5,733,-36.53140813846787,5.0,,d5-c1-n0.1-m13,-0.4947978888193504,-1.2028424585619706,-1.0907780242636238
-3.4979561802738446,0.6249449719728818,5.868959845555997,73.86334704332018,-8.285437843962587,-187500000.0,-11.137950942202272,6.0,0.2718401015937192,0.2157562473384765,0.3645275011626111,0,3000,5,734,19.805718872836444,5.0,,d5-c1-n0.1-m14,-0.370829290210291,-1.147106273629594,-0.9286293301593072
-10.929018749255562,-3.762221654165418,4.150158938831739,18.204554193694694,-9.256588964183603,-999999999.9999999,-22.110871850219123,6.0,0.3025600383055457,0.226435048451632,0.3550056633523265,0,3000,5,750,-64.8943072100459,5.0,,d5-c1-n0.2-m0,-0.4921095724518824,-1.6941823254998511,-1.3833031703567538
-12.620293319455174,-3.1293975450533993,3.922236891881357,10.576683542251839,-8.783089583001686,-999999999.9999999,-9.636764059185504,6.0,0.3044479227831879,0.2676390109753179,0.4077548493213527,0,3000,5,751,-19.136262533696787,5.0,,d5-c1-n0.2-m1,-0.4961560685563099,-1.1780275676457517,-1.3833031703567538
-9.436402527035476,-0.5398035667565158,5.039674527342321,9.662082760733343,-9.814005005915385,-999999999.9999999,-17.308593551914836,6.0,0.3070438662202623,0.2321432016378405,0.3701270461004256,0,3000,5,752,-8.878799685305857,5.0,,d5-c1-n0.2-m2,-0.4981919350505301,-1.170851912231942,-1.3833031703567538
-7.002264430702134,-1.9257582693725412,4.42069887194946,12.845346540377694,-9.322263526302109,-999999999.9999999,-21.343237192008313,6.0,0.3080865380695337,0.2451078172713298,0.3776490240154368,0,3000,5,753,-27.36167081917381,5.0,,d5-c1-n0.2-m3,-0.49462748572279497,-1.2785926338282112,-1.3833031703567538
-9.318532480275394,-2.1135737801189536,4.5633768203521825,47.4442285349093,-8.581319266541142,-187500000.0,-21.702775117463684,6.0,0.2872921324214335,0.2215018541573313,0.3622914198769884,0,3000,5,754,-4.946768816439207,5.0,,d5-c1-n0.2-m4,-0.4913880796347184,-1.4711605886082944,-1.3833031703567538
-13.128098859208373,-4.970802200376726,4.178518693332777,14.565942442411005,-9.173311453826097,-999999999.9999999,-11.384432915746233,6.0,0.3145084341982321,0.2293564890563736,0.3828407192363455,0,3000,5,755,-34.37732560792047,5.0,,d5-c1-n0.2-m5,-0.49565319039274025,-1.4937648560697563,-1.3833031703567538
-9.684274654637852,-2.2895958899852316,5.468334897155686,55.25268336105093,-9.40151815015476,-0.0,-14.522396309877152,6.0,0.2773502371821651,0.1999468803008581,0.3129552079633771,0,3000,5,756,-36.6631065153695,5.0,,d5-c1-n0.2-m6,-0.49654287342502307,-2.1609018122092007,-1.3833031703567538
-13.751377359297214,-3.301970539684213,4.35070692938884,6.373682790509975,-9.230530434870381,-999999999.9999999,-13.34179176641511,6.0,0.292844577658119,0.2469797721184002,0.3641263406553078,0,3000,5,757,-29.417968211109795,5.0,,d5-c1-n0.2-m7,-0.49834999109020267,-1.4516976914454678,-1.3833031703567538
-13.326529810674254,-2.4029778641139012,4.806852341422258,13.15432778113847,-9.592244327262025,-999999999.9999999,-21.21374539925041,6.0,0.3213904122223228,0.2721828481922205,0.3913676662333992,0,3000,5,758,-31.84740251620732,5.0,,d5-c1-n0.2-m8,-0.4954398482356606,-1.3409610973289074,-1.3833031703567538
-9.560359348087548,-1.8847942900680672,4.66035142199724,63.454886492197005,-8.737700520076585,-187500000.0,-20.663669245652926,6.0,0.3110969773901701,0.2406298275425175,0.3817217109168456,0,3000,5,759,-18.93721874462364,5.0,,d5-c1-n0.2-m9,-0.49181667471324575,-1.517863524899731,-1.3833031703567538
-18.78862458268043,-4.657869101540977,4.297435639814007,24.132984005083582,-9.983763297006224,-999999999.9999999,-16.339276585146063,6.0,0.3178365363801472,0.2429284960609082,0.3705837802332414,0,3000,5,760,-38.9177710392795,5.0,,d5-c1-n0.2-m10,-0.4897039079869767,-1.7426851064047424,-1.3833031703567538
-12.300442549170723,-2.249905111200773,5.597386023593629,37.65017229235042,-8.866519361493255,-62499999.99999999,-13.60332667164957,6.0,0.2881835334673893,0.2074683158145317,0.3700989677057936,0,3000,5,761,-3.4649771563151788,5.0,,d5-c1-n0.2-m11,-0.4935057449886609,-1.4629975081429856,-1.3833031703567538
-8.876064696688621,-1.048972347095374,4.591163574170788,17.95024033689877,-7.589354408291269,-999999999.9999999,-31.368154683186187,6.0,0.2676198493583704,0.1941574051920152,0.3692399150250735,0,3000,5,762,-19.633812002494803,5.0,,d5-c1-n0.2-m12,-0.46520437916282825,-1.1527470324023068,-1.3833031703567538
-11.537204808760759,-1.7106052348465326,5.40257635806996,7.390480028354573,-9.786874960103207,-999999999.9999999,-20.553373914259176,6.0,0.3047739883792658,0.2348252584584918,0.3451992727865126,0,3000,5,763,-28.47551290508757,5.0,,d5-c1-n0.2-m13,-0.49815685994417114,-1.3816445123363101,-1.3833031703567538
-10.425359248848334,-3.648484062682004,6.431391848860043,79.67611776580951,-8.51216321572778,-0.0,-8.13396142815235,6.0,0.2969596583931492,0.2115536791290868,0.3635498321705775,0,3000,5,764,19.863413883002544,5.0,,d5-c1-n0.2-m14,-0.49518990412698527,-1.9906148807105917,-1.3833031703567538
0.2500103938063191,2.034864072251706,4.173445970909274,82.51642561183478,-7.914501801853605,-999999999.9999999,-191.3880303444505,7.0,0.3124770372362307,0.2558717062438729,0.3809779839858982,0,3000,6,780,-45.54654777327077,6.0,,d6-c1-n0.01-m0,-0.38631124876660666,-0.05552446470191886,-0.4093685519537737
0.8147927516267243,2.8760735907124704,3.898251978929099,67.93421652329637,-7.586429429862176,-999999999.9999999,-200.2085071114012,7.0,0.3078923114170387,0.2789410539888903,0.4082762661766707,0,3000,6,781,2.310630032127137,6.0,,d6-c1-n0.01-m1,-0.36997145690054833,-0.06446587043211084,-0.4093685519537737
-0.6762071656441125,1.0959399626892397,4.88229235592703,88.25828091925334,-8.125920133745225,-999999999.9999999,-292.69185319637415,7.0,0.3088294787122183,0.2373120958052717,0.3668065931529598,0,3000,6,782,-86.42381835431243,6.0,,d6-c1-n0.01-m2,-0.4632482913375759,-0.5557289120016567,-0.8552483550699705
-0.3694317048990172,1.766669943223775,5.216440337870291,91.68431523975212,-8.264366483951868,-999999999.9999999,-260.4300144341381,7.0,0.3256677537774833,0.2540404603070025,0.3907208799706557,0,3000,6,783,-42.99969305482514,6.0,,d6-c1-n0.01-m3,-0.4639794830226333,-0.43911913761145,-0.5556397228778124
-1.1376967240073572,1.3577073166917693,4.622957744572211,59.19414358289164,-8.123431869787058,-999999999.9999999,-298.2131370085338,7.0,0.3159761694041043,0.2641815897034938,0.3803910124350401,0,3000,6,784,-71.27016179316198,6.0,,d6-c1-n0.01-m4,-0.45940532175929794,-0.3837266867814734,-0.8552483550699705
-0.41909639409049404,0.9799784031016557,4.892502154158983,166.15284910554988,-7.751330764517707,-999999999.9999999,-361.99229080339256,7.0,0.3060889978853727,0.245392492951926,0.3780921588392481,0,3000,6,785,-25.903753117337263,6.0,,d6-c1-n0.01-m5,-0.46430281558238123,-0.12263918642168224,-0.5556397228778124
1.0557443674263476,2.9277059528292515,5.744266104852425,175.59183296907236,-7.61166079563749,-62499999.99999999,-104.31499676067139,7.0,0.2859261269343777,0.226511370411596,0.3543053776841527,0,3000,6,786,19.57578791881146,6.0,,d6-c1-n0.01-m6,-0.27594816193929583,0.08598147452973409,-0.32424936617179817
-2.163281969112666,0.13199196817352044,4.588974995992653,127.80010022940336,-7.815329200708042,-999999999.9999999,-246.68075767248573,7.0,0.3084508670596802,0.2541253835370908,0.4057019108501395,0,3000,6,787,-45.17999519324027,6.0,,d6-c1-n0.01-m7,-0.46378562750936314,0.011926945548475502,-0.8552483550699705
-0.6497688405998633,1.980631170996786,5.317711280275799,159.34455202593847,-7.488397368502879,-0.0,-126.62369545637503,7.0,0.2963005156144558,0.2618602874999304,0.3902469810142176,0,3000,6,788,27.82760591019963,6.0,,d6-c1-n0.01-m8,-0.47898457051456206,-0.4507048629179731,-0.8552483550699705
-1.1300423108066497,0.9572181477497852,5.0519965445317965,67.23266753376366,-7.984292169854234,-999999999.9999999,-115.40743010685416,7.0,0.30262667126244,0.2575343114903786,0.384794931462418,0,3000,6,789,-43.329784414216405,6.0,,d6-c1-n0.01-m9,-0.4562138491391421,-0.3758866725055659,-0.8552483550699705
-1.9670641869055,0.9976032868271197,3.0982353174376485,187.98095537900087,-7.716507377086672,-562500000.0,-174.3354904354748,7.0,0.2975593017181396,0.2448840606335649,0.358114788332629,0,3000,6,790,-54.921670100446896,6.0,,d6-c1-n0.01-m10,-0.46800514551007116,-0.20356961350976094,-0.8552483550699705
0.22303133105352713,2.2079477969960495,3.993695953341816,210.34302215212168,-7.576709200047028,-187500000.0,-113.54225417481169,7.0,0.3013121910132599,0.2539924490865091,0.3823546648354042,0,3000,6,791,13.844805645269425,6.0,,d6-c1-n0.01-m11,-0.3669187638450916,0.3199752541372128,-0.4093685519537737
-0.9855036192850353,1.6456398238674868,5.480648673071054,51.59562161222371,-7.99736017112835,-999999999.9999999,-151.19035615612864,7.0,0.3243934264630685,0.2605638855510555,0.3903928005656668,0,3000,6,792,-38.33381100352402,6.0,,d6-c1-n0.01-m12,-0.4573377461042751,-0.42650625712058626,-0.8552483550699705
-1.1496091698036905,1.781967191138707,4.983287928736949,76.76811213450722,-8.018681700873765,-999999999.9999999,-240.1654404352686,7.0,0.2978546703854939,0.2610344198408842,0.3636474740347728,0,3000,6,793,-76.44652684559905,6.0,,d6-c1-n0.01-m13,-0.4583239356085458,-0.391154494503757,-0.8552483550699705
0.2190810251641301,2.5473068910376586,5.2043654209025085,116.7878210740757,-7.636954726994604,-999999999.9999999,-197.329449822344,7.0,0.2796263907565669,0.2216705140947977,0.3596790601169182,0,3000,6,794,-38.89536340245233,6.0,,d6-c1-n0.01-m14,-0.37902291102953645,0.13817393020394259,-0.4093685519537737
-2.7772450479408595,0.31661528412936774,4.5801143517804634,99.24643212153735,-8.032024580441695,-999999999.9999999,-265.2899746220778,7.0,0.3159672307513005,0.2722467951730067,0.391592393513106,0,3000,6,810,-50.04826371600894,6.0,,d6-c1-n0.05-m0,-0.46271641581404693,-0.6089611376635975,-0.8552483550699705
0.678043225985997,2.215814003616858,6.878475097096929,84.20712027636768,-7.9034430788540355,-999999999.9999999,-214.59078366687893,7.0,0.3064653919704789,0.2589884487657485,0.3625505756908014,0,3000,6,811,-48.29800862013458,6.0,,d6-c1-n0.05-m1,-0.3757736890492752,-0.04710034578436453,-0.4093685519537737
0.37763357074915854,2.668918316503449,4.267328120168741,52.7515799348691,-7.9584607898928,-562500000.0,-144.8916326801821,7.0,0.2972393734742548,0.2344642505947701,0.3572780780507605,0,3000,6,812,-45.10090508696406,6.0,,d6-c1-n0.05-m2,-0.3788222095596441,-0.1413184385855142,-0.4093685519537737
-0.022608450336341037,1.018608099372797,3.3250552223347922,124.78107032660358,-7.491227178997761,-999999999.9999999,-177.77977540505043,7.0,0.3076506845165037,0.2600630901354414,0.4184838419884293,0,3000,6,813,-23.29512109554493,6.0,,d6-c1-n0.05-m3,-0.4467838757995989,-5.929926052038008e-06,-0.5556397228778124
-1.7858753374557472,1.4320392142521206,5.153160773019326,75.91698161864088,-7.913860761056468,-999999999.9999999,-225.5595393736803,7.0,0.3085035315067677,0.2631024005527213,0.3903009719730284,0,3000,6,814,-47.9480359713048,6.0,,d6-c1-n0.05-m4,-0.4650384422658067,-0.38400818986182206,-0.8552483550699705
-1.591320696548693,1.2319535531650883,5.32324560096712,82.87376424330854,-7.909270908948967,-999999999.9999999,-253.19776163959233,7.0,0.3063498876410481,0.236333942345539,0.363806482313031,0,3000,6,815,-81.15612396422729,6.0,,d6-c1-n0.05-m5,-0.4650384422658067,-0.3907422394313351,-0.8552483550699705
0.2447220724103955,2.2285194925966674,4.9484677894433515,154.38170824481688,-7.295985639830053,-312500000.0,-238.67056266137618,7.0,0.2983162899957431,0.2450165055805248,0.4029803288180038,0,3000,6,816,20.366556504039107,6.0,,d6-c1-n0.05-m6,-0.38399099643258944,0.28923588875779555,-0.4093685519537737
0.24417741711944194,2.6555046730229552,5.737517879484919,105.60909862981454,-7.575207626083814,-999999999.9999999,-202.79522607808596,7.0,0.3086780254730497,0.2385801776363709,0.3840803575299004,0,3000,6,817,-12.910662028844692,6.0,,d6-c1-n0.05-m7,-0.3757736890492752,0.17012148463353294,-0.4093685519537737
-0.646037622084506,1.0493285572588011,4.166048977149144,120.9944226004741,-8.019507361420478,-999999999.9999999,-190.8372770215349,7.0,0.3111840715740425,0.2591313295499016,0.3814393241070311,0,3000,6,818,-41.17873865452874,6.0,,d6-c1-n0.05-m8,-0.4635005137661634,-0.3164279330618604,-0.8552483550699705
-0.1059724841538027,2.1111729023323327,4.983982170735674,180.65063695447012,-7.323513470157033,-124999999.99999999,-242.75442180940695,7.0,0.305548370953923,0.2574830023999075,0.3936353171301731,0,3000,6,819,18.013705493536783,6.0,,d6-c1-n0.05-m9,-0.4739795029275973,-0.08535101755977459,-0.5556397228778124
-0.6747423934117752,1.436247035205704,4.611304584639646,84.41438023364346,-8.078719017770432,-999999999.9999999,-253.9972479172871,7.0,0.3165956632071475,0.2582810952074373,0.3857880007866539,0,3000,6,820,-44.84909729317228,6.0,,d6-c1-n0.05-m10,-0.4639078956711626,-0.5483011042793732,-0.8552483550699705
-0.7896582898484946,1.9930971953237142,5.108436106948115,103.47402622520588,-8.090358267315889,-999999999.9999999,-255.93971800925243,7.0,0.3065425150260371,0.2601601480280391,0.3727346847523297,0,3000,6,821,-58.89777561628494,6.0,,d6-c1-n0.05-m11,-0.4602744257156464,-0.2823119034959877,-0.8552483550699705
-0.251832624268317,1.9144015299399564,4.554574539424467,107.56669940767547,-7.406461072310736,-999999999.9999999,-169.58713406284062,7.0,0.2978826829010672,0.2629124299244559,0.4082256439644247,0,3000,6,822,-7.917380679276863,6.0,,d6-c1-n0.05-m12,-0.46158992348259675,-0.14461321640791466,-0.5556397228778124
0.146437291771562,2.112464910274952,4.984533027768955,52.12284645957555,-7.564015566598439,-999999999.9999999,-220.769928635045,7.0,0.270992119977727,0.2277090651527879,0.3427617253171338,0,3000,6,823,-71.9194356359564,6.0,,d6-c1-n0.05-m13,-0.0960577546996193,-0.33424720336738234,-0.4093685519537737
-0.06876681222229593,1.871961934141461,4.488012718441471,94.93302953173018,-7.627577069381446,-999999999.9999999,-302.6560229128923,7.0,0.29647118570786,0.2411745616584536,0.3841221838523617,0,3000,6,824,-23.73030057471971,6.0,,d6-c1-n0.05-m14,-0.44885043050521123,-0.14461321640791466,-0.5556397228778124
-1.9457173016019853,1.345677594903798,5.167919826391867,72.66653651253408,-8.063620199250986,-999999999.9999999,-206.1719715105542,7.0,0.324095831718209,0.2906451465092429,0.3997832125887831,0,3000,6,840,-39.57480106909405,6.0,,d6-c1-n0.1-m0,-0.4650384422658067,-0.3931291672022327,-0.8552483550699705
-0.22233993138360922,2.5193157942118156,4.918941995940841,108.90072738425536,-7.740333581434664,-999999999.9999999,-169.93595549489933,7.0,0.2946668107041477,0.2358207461768513,0.3456436146743372,0,3000,6,841,-28.27057085781108,6.0,,d6-c1-n0.1-m1,-0.4645143508906148,-0.27450038888547756,-0.5556397228778124
-3.228314995013934,0.8118423729127512,4.864759408582205,96.44706709177967,-7.727314812093765,-999999999.9999999,-284.4317999316392,7.0,0.2939045098457098,0.2374532204815323,0.3697279622154995,0,3000,6,842,-70.57962561965199,6.0,,d6-c1-n0.1-m2,-0.46143795183164643,-0.6072679680454703,-0.9286293301593072
-1.5239586102406868,0.1462256614113788,5.184351627317215,80.62142054428692,-7.914280258154115,-999999999.9999999,-213.544422954554,7.0,0.3072560250632858,0.2389583349834353,0.3822133138831283,0,3000,6,843,-67.23454284811166,6.0,,d6-c1-n0.1-m3,-0.4650384422658067,-0.258898760600981,-0.8552483550699705
-0.8341475108118738,1.5569311401049357,5.170130063626823,48.624527410614355,-7.955973551599908,-999999999.9999999,-249.9528713146286,7.0,0.3006789361926221,0.2387223320000334,0.3568092570192118,0,3000,6,844,-51.41557026855955,6.0,,d6-c1-n0.1-m4,-0.46251608642012193,-0.6194499987185264,-0.8552483550699705
-0.763677632830025,1.8104184632145657,4.560149453013151,32.18654256608332,-7.6704006459607506,-999999999.9999999,-166.74282883054366,7.0,0.3181480188256053,0.2742922677639602,0.4043531004452899,0,3000,6,845,-16.385632508942592,6.0,,d6-c1-n0.1-m5,-0.46495960563193744,-0.21529231650196237,-0.8552483550699705
-0.19255507673865602,2.6326268355779967,5.2860556392059745,193.58335720198545,-7.212726235432619,-62499999.99999999,-130.85693149893547,7.0,0.3091243358635114,0.2790630229352023,0.4168920339345606,0,3000,6,846,68.02202730824673,6.0,,d6-c1-n0.1-m6,-0.4610635850804506,-0.03840173373234393,-0.5556397228778124
-0.6177714141485419,1.9144664447509574,4.746937430797484,92.69716550398212,-7.385460575796527,-999999999.9999999,-263.9689424644519,7.0,0.2818160872917624,0.2146698484940668,0.3637536699147498,0,3000,6,847,-52.04537163029244,6.0,,d6-c1-n0.1-m7,-0.4609852419363995,-0.5313890413355445,-0.8552483550699705
0.6687061669971325,2.9248590979919458,3.386581799017883,53.33451719003888,-7.340316944364224,-999999999.9999999,-180.96742674385465,7.0,0.2746890773196853,0.2291022445504352,0.365200646188111,0,3000,6,848,-25.63865350280647,6.0,,d6-c1-n0.1-m8,-0.361574170774127,-0.14240322335923195,-0.4093685519537737
-0.31413060397378473,2.1420783820296765,4.432785414210393,65.1103715356956,-7.796993382579374,-999999999.9999999,-221.87951859275782,7.0,0.2916599657047313,0.2288680606143164,0.3457184610966177,0,3000,6,849,-69.16244751925056,6.0,,d6-c1-n0.1-m9,-0.46110274785288,-0.5474166450749327,-0.5556397228778124
0.25924976012931933,2.3984012543031175,4.237349455434419,127.50239185351458,-7.254615430946017,-0.0,-20.81674348299093,7.0,0.3024240501366559,0.2487653083147744,0.3874793065118539,0,3000,6,850,36.32813350240218,6.0,,d6-c1-n0.1-m10,-0.37887850404942147,-0.0988682138315923,-0.4093685519537737
-0.12096949167457456,1.2648239625148197,3.7122521113357974,166.42621120425798,-7.0862381166720905,-0.0,-159.90137890092072,7.0,0.305054106727436,0.2709950270161271,0.4200273094736146,0,3000,6,851,-9.528899156859143,6.0,,d6-c1-n0.1-m11,-0.4659596096209315,-0.23138099165118722,-0.5556397228778124
-0.6169001107664449,2.2159742430705647,4.528305587680843,51.241594979743184,-7.617076308291703,-999999999.9999999,-123.09051384183631,7.0,0.2991446658490704,0.2733571676188263,0.3961857008353566,0,3000,6,852,-29.39241479183089,6.0,,d6-c1-n0.1-m12,-0.45822414972060177,-0.5714890887038501,-0.8552483550699705
-1.2579187055341368,1.4819543901440941,5.256346872778876,80.51126105385019,-7.938362878820959,-999999999.9999999,-148.56239895010535,7.0,0.3159481351973926,0.2642627188623042,0.4001389109459068,0,3000,6,853,-28.91830997833552,6.0,,d6-c1-n0.1-m13,-0.4650384422658067,-0.43324030669009933,-0.8552483550699705
0.8846323830630115,2.352299847958528,4.639300464940591,64.64282919571116,-7.944421483602863,-999999999.9999999,-295.9585473519175,7.0,0.3194988300381329,0.2665939977808853,0.3882620307241134,0,3000,6,854,-26.73210065400279,6.0,,d6-c1-n0.1-m14,-0.37512868555031254,-0.02252228246466633,-0.4093685519537737
-2.4384339814543465,0.4365716417407877,3.801853927231996,50.97755741817949,-7.484606509644929,-999999999.9999999,-121.06331905435428,7.0,0.2922153013718739,0.2622787115865814,0.3926995956954386,0,3000,6,870,-34.693294949412,6.0,,d6-c1-n0.2-m0,-0.43045889874717996,-0.38569098270907254,-0.8552483550699705
-1.814640342600398,0.8173712317247308,3.74460997475435,133.5943626609907,-6.8059658491763,-999999999.9999999,-135.79890539375918,7.0,0.295661162139578,0.2529389517482921,0.4117499082197424,0,3000,6,871,0.935435246704639,6.0,,d6-c1-n0.2-m1,-0.44420949470980636,-0.13617343849334765,-0.8552483550699705
-0.8631239999960293,2.0148897171198334,5.073098078523878,55.01493088817715,-7.553949687585475,-999999999.9999999,-249.4266131135315,7.0,0.3043824945244162,0.2741400182995248,0.399142820646109,0,3000,6,872,-31.49232593408417,6.0,,d6-c1-n0.2-m2,-0.46008430071176265,-0.4891995483598291,-0.8552483550699705
-1.8902485472159045,1.6627115336129494,5.9054478027052895,92.93557016122756,-7.570926499224214,-999999999.9999999,-257.9782112597134,7.0,0.3034947605601998,0.245129514636579,0.3825554953158094,0,3000,6,873,-50.45518735514644,6.0,,d6-c1-n0.2-m3,-0.46019415032091576,-0.3907422394313351,-0.8552483550699705
-1.4301893903762688,1.5898306009607255,4.742781304529697,115.26247652402029,-6.713267247249183,-999999999.9999999,-243.37584446332136,7.0,0.2949582878101608,0.2945844293887767,0.4357001183351114,0,3000,6,874,-3.968806191274376,6.0,,d6-c1-n0.2-m4,-0.463214190109864,-0.26153583929078855,-0.8552483550699705
-1.0119612087167453,1.672512456013319,4.915104283915516,42.181325923059724,-7.811572188804182,-999999999.9999999,-213.99983920315634,7.0,0.3126703588441659,0.2793521418430814,0.3940860381246379,0,3000,6,875,-49.26458148457658,6.0,,d6-c1-n0.2-m5,-0.45298284293327395,-0.3835366295818529,-0.8552483550699705
-1.3470156423969122,1.4192262639959858,4.20708540129037,86.12770880481926,-6.88321177806395,-999999999.9999999,-183.9569719255009,7.0,0.2649752856850342,0.2525749322902962,0.3700245312682037,0,3000,6,876,-71.87814112792898,6.0,,d6-c1-n0.2-m6,-0.3853680884930287,-0.6307620779002425,-0.8552483550699705
-1.0656240432385817,1.191117340260846,4.289776754065922,74.14486188561858,-7.497419120265467,-999999999.9999999,-229.0566403588039,7.0,0.3057359504368522,0.2664371180378164,0.4147733571383346,0,3000,6,877,-36.88598049578116,6.0,,d6-c1-n0.2-m7,-0.460573894152711,-0.3837266867814734,-0.8552483550699705
-0.4399720076182023,1.7166767988670142,5.33439254189105,106.13066114880328,-7.113211062085067,-999999999.9999999,-239.60369242414865,7.0,0.2896474588829337,0.267856009626685,0.3855973418221551,0,3000,6,878,-31.98985941612672,6.0,,d6-c1-n0.2-m8,-0.46206057731136163,-0.23461842051850643,-0.5556397228778124
-0.9465755019226346,1.7929904399897958,4.41081012851182,60.77562317410113,-7.922395321813232,-999999999.9999999,-197.91013686188603,7.0,0.3151168182840472,0.2556403328036081,0.3816649500063122,0,3000,6,879,-34.01810499140309,6.0,,d6-c1-n0.2-m9,-0.4543453547944697,-0.472650763297135,-0.8552483550699705
-1.8991418273451541,0.7725627115848571,4.9275468374778235,212.3441051330804,-5.845002616326317,-0.0,-25.275580136789742,7.0,0.2776099868681099,0.286271091687318,0.439297877723193,0,3000,6,880,76.14894406390464,6.0,,d6-c1-n0.2-m10,-0.4928759898462524,-0.6757270871251195,-0.8552483550699705
-2.7414932170832014,0.3516575011880794,3.8520820555011466,127.08877951779775,-7.769951717592944,-999999999.9999999,-227.04962549584792,7.0,0.3146402467325721,0.2573946437932524,0.387080281183488,0,3000,6,881,-26.701955637154743,6.0,,d6-c1-n0.2-m11,-0.44420949470980636,-0.5667958820760954,-0.8552483550699705
-3.8116725113383407,0.8003121992533154,4.625749604540411,126.97917358860118,-7.397278291099908,-999999999.9999999,-287.89685095771,7.0,0.2923998555935291,0.2387691592831635,0.3783178061419154,0,3000,6,882,-34.46401744692712,6.0,,d6-c1-n0.2-m12,-0.463214190109864,-0.9063966221914848,-1.0907780242636238
-2.6045341259256376,0.5986066844231596,3.8960542537279403,56.69777883020197,-7.329627460863804,-999999999.9999999,-176.1029239499236,7.0,0.3009179479871378,0.2439385338743344,0.4008234791845064,0,3000,6,883,-26.5858890924547,6.0,,d6-c1-n0.2-m13,-0.43855836732040576,-0.3648899260554933,-0.8552483550699705
-1.659408686144132,0.5176479309755913,4.4655525494199955,46.085405154169294,-7.710146201048523,-999999999.9999999,-117.80632234726035,7.0,0.2975470636885852,0.2347826345642321,0.3649565822915064,0,3000,6,884,-48.22651622007661,6.0,,d6-c1-n0.2-m14,-0.4520439104626503,-0.34440049719751853,-0.8552483550699705
