config,kind,dim,noise,field_r,balsign,flatnull_med,flatnull_iqr
cak_n4|t2|b2.0|dij2,dumbbell,3,0.0,0.6607237210461256,0.9797297297297297,,
cak_n4|t2|b2.0|dij2,dumbbell,3,0.05,0.5642020551464684,0.9662162162162162,,
cak_n4|t2|b2.0|dij2,dumbbell,3,0.15,0.4575666644449786,0.8243243243243243,,
cak_n4|t2|b2.0|dij2,dumbbell,4,0.0,0.8149748450471397,1.0,,
cak_n4|t2|b2.0|dij2,dumbbell,4,0.05,0.7507314697801839,0.986842105263158,,
cak_n4|t2|b2.0|dij2,dumbbell,4,0.15,0.6122136684437375,0.9342105263157895,,
cak_n4|t2|b2.0|dij2,dumbbell,5,0.0,0.5345372202099771,0.618421052631579,,
cak_n4|t2|b2.0|dij2,dumbbell,5,0.05,0.527338308084388,0.7236842105263157,,
cak_n4|t2|b2.0|dij2,dumbbell,5,0.15,0.5586590084649613,0.7828947368421053,,
cak_n4|t2|b2.0|dij2,dumbbell,6,0.0,0.3806237960889438,0.75,,
cak_n4|t2|b2.0|dij2,dumbbell,6,0.05,0.43040364680120485,0.9807692307692308,,
cak_n4|t2|b2.0|dij2,dumbbell,6,0.15,0.37164888939231516,0.6923076923076923,,
cak_n4|t2|b2.0|dij2,necklace,3,0.0,0.7851356859891901,0.8769230769230769,,
cak_n4|t2|b2.0|dij2,necklace,3,0.05,0.8329684775865086,0.7538461538461538,,
cak_n4|t2|b2.0|dij2,necklace,3,0.15,0.740940812825321,0.7974358974358975,,
cak_n4|t2|b2.0|dij2,necklace,4,0.0,0.6903718595892189,0.6600790513833992,,
cak_n4|t2|b2.0|dij2,necklace,4,0.05,0.7268609396500185,0.7127799736495388,,
cak_n4|t2|b2.0|dij2,necklace,4,0.15,0.672466647740719,0.8386034255599473,,
cak_n4|t2|b2.0|dij2,necklace,5,0.0,0.1426872208218825,0.7214285714285714,,
cak_n4|t2|b2.0|dij2,necklace,5,0.05,0.07137165290250322,0.7285714285714286,,
cak_n4|t2|b2.0|dij2,necklace,5,0.15,0.11935556426024811,0.6499999999999999,,
cak_n4|t2|b2.0|dij2,necklace,6,0.0,-0.3107446230103364,0.4861111111111111,,
cak_n4|t2|b2.0|dij2,necklace,6,0.05,-0.3164779189815575,0.4791666666666667,,
cak_n4|t2|b2.0|dij2,necklace,6,0.15,-0.25337708200112236,0.6527777777777778,,
cak_n4|t2|b2.0|dij2,torus,3,0.0,,,0.043081469543406976,0.0794540866824738
cak_n4|t2|b2.0|dij2,torus,3,0.05,,,0.055132574882833185,0.08130727134283049
cak_n4|t2|b2.0|dij2,torus,3,0.15,,,0.14825405857194973,0.1460059578129526
cak_n4|t2|b2.0|dij2,torus,4,0.0,,,0.04520409690160844,0.09549205042613043
cak_n4|t2|b2.0|dij2,torus,4,0.05,,,0.0487922736464916,0.08966562104064042
cak_n4|t2|b2.0|dij2,torus,4,0.15,,,0.14620867540594817,0.1270196581157269
cak_n4|t2|b2.0|dij2,torus,5,0.0,,,0.07055686467631705,0.1143086523810346
cak_n4|t2|b2.0|dij2,torus,5,0.05,,,0.055674894223996546,0.12585328586901773
cak_n4|t2|b2.0|dij2,torus,5,0.15,,,0.13986633851972466,0.1758610649916977
cak_n4|t2|b2.0|dij2,torus,6,0.0,,,0.036898151964608356,0.06584157979193193
cak_n4|t2|b2.0|dij2,torus,6,0.05,,,0.03266456625533143,0.0619531047374981
cak_n4|t2|b2.0|dij2,torus,6,0.15,,,0.09760509649382536,0.07759055646395285
cak_n4|t2|b2.0|raw,dumbbell,3,0.0,0.6609341426467112,0.9797297297297297,,
cak_n4|t2|b2.0|raw,dumbbell,3,0.05,0.5649241151767036,0.9662162162162162,,
cak_n4|t2|b2.0|raw,dumbbell,3,0.15,0.457737126870156,0.8243243243243243,,
cak_n4|t2|b2.0|raw,dumbbell,4,0.0,0.8163752548971618,1.0,,
cak_n4|t2|b2.0|raw,dumbbell,4,0.05,0.7519307688496765,0.986842105263158,,
cak_n4|t2|b2.0|raw,dumbbell,4,0.15,0.6135091229978045,0.9342105263157895,,
cak_n4|t2|b2.0|raw,dumbbell,5,0.0,0.5345345846662111,0.618421052631579,,
cak_n4|t2|b2.0|raw,dumbbell,5,0.05,0.5267668692072371,0.7236842105263157,,
cak_n4|t2|b2.0|raw,dumbbell,5,0.15,0.5602839186210493,0.7828947368421053,,
cak_n4|t2|b2.0|raw,dumbbell,6,0.0,0.3979531195215899,0.7435897435897436,,
cak_n4|t2|b2.0|raw,dumbbell,6,0.05,0.43418473432087246,0.967948717948718,,
cak_n4|t2|b2.0|raw,dumbbell,6,0.15,0.349609102020126,0.7115384615384616,,
cak_n4|t2|b2.0|raw,necklace,3,0.0,0.7842292198351521,0.8769230769230769,,
cak_n4|t2|b2.0|raw,necklace,3,0.05,0.8321519537125556,0.7538461538461538,,
cak_n4|t2|b2.0|raw,necklace,3,0.15,0.7402712399317743,0.7897435897435898,,
cak_n4|t2|b2.0|raw,necklace,4,0.0,0.693055754324987,0.6600790513833992,,
cak_n4|t2|b2.0|raw,necklace,4,0.05,0.7258975725855289,0.7127799736495388,,
cak_n4|t2|b2.0|raw,necklace,4,0.15,0.6732090296305998,0.8386034255599473,,
cak_n4|t2|b2.0|raw,necklace,5,0.0,0.14359747196789577,0.7214285714285714,,
cak_n4|t2|b2.0|raw,necklace,5,0.05,0.07970673340079393,0.7285714285714286,,
cak_n4|t2|b2.0|raw,necklace,5,0.15,0.11893160143289361,0.6571428571428571,,
cak_n4|t2|b2.0|raw,necklace,6,0.0,-0.29974014597641024,0.4861111111111111,,
cak_n4|t2|b2.0|raw,necklace,6,0.05,-0.303069996412765,0.4791666666666667,,
cak_n4|t2|b2.0|raw,necklace,6,0.15,-0.2533636347468198,0.6388888888888888,,
cak_n4|t2|b2.0|raw,torus,3,0.0,,,0.009526287326335064,0.019070962079859304
cak_n4|t2|b2.0|raw,torus,3,0.05,,,0.012265907405407579,0.01902643788505002
cak_n4|t2|b2.0|raw,torus,3,0.15,,,0.034280930292394,0.03288196060405127
cak_n4|t2|b2.0|raw,torus,4,0.0,,,0.008238360826849799,0.017372244775008094
cak_n4|t2|b2.0|raw,torus,4,0.05,,,0.009215678096690131,0.014709785836296544
cak_n4|t2|b2.0|raw,torus,4,0.15,,,0.028203206941986303,0.023083273719578076
cak_n4|t2|b2.0|raw,torus,5,0.0,,,0.006814487939482509,0.013961911440005775
cak_n4|t2|b2.0|raw,torus,5,0.05,,,0.00766132835205357,0.014831718658366997
cak_n4|t2|b2.0|raw,torus,5,0.15,,,0.023769263780853096,0.024873099985457166
cak_n4|t2|b2.0|raw,torus,6,0.0,,,0.0048661045998235584,0.009573808849100782
cak_n4|t2|b2.0|raw,torus,6,0.05,,,0.004903097242044915,0.010141239957195361
cak_n4|t2|b2.0|raw,torus,6,0.15,,,0.02404129428668433,0.017726447002526208
cak_n4|t4|b1.0|raw,dumbbell,3,0.0,0.7913957885972916,0.8963963963963963,,
cak_n4|t4|b1.0|raw,dumbbell,3,0.05,0.786674773227934,0.9099099099099099,,
cak_n4|t4|b1.0|raw,dumbbell,3,0.15,0.7403137267854377,0.972972972972973,,
cak_n4|t4|b1.0|raw,dumbbell,4,0.0,0.6947971929121219,0.868421052631579,,
cak_n4|t4|b1.0|raw,dumbbell,4,0.05,0.7518353219212743,0.743421052631579,,
cak_n4|t4|b1.0|raw,dumbbell,4,0.15,0.7753889960089295,0.8552631578947368,,
cak_n4|t4|b1.0|raw,dumbbell,5,0.0,0.46605392071646917,0.625,,
cak_n4|t4|b1.0|raw,dumbbell,5,0.05,0.4695131130042503,0.625,,
cak_n4|t4|b1.0|raw,dumbbell,5,0.15,0.3992841797469203,0.7236842105263157,,
cak_n4|t4|b1.0|raw,dumbbell,6,0.0,0.4704753373895474,0.75,,
cak_n4|t4|b1.0|raw,dumbbell,6,0.05,0.40323937841088425,0.75,,
cak_n4|t4|b1.0|raw,dumbbell,6,0.15,0.37652126398217384,0.967948717948718,,
cak_n4|t4|b1.0|raw,necklace,3,0.0,0.8637987506029657,0.8,,
cak_n4|t4|b1.0|raw,necklace,3,0.05,0.88027528629336,0.7923076923076924,,
cak_n4|t4|b1.0|raw,necklace,3,0.15,0.8696167132981287,0.9333333333333333,,
cak_n4|t4|b1.0|raw,necklace,4,0.0,0.7007909399460386,0.5909090909090909,,
cak_n4|t4|b1.0|raw,necklace,4,0.05,0.7121978976600758,0.5909090909090909,,
cak_n4|t4|b1.0|raw,necklace,4,0.15,0.7037771081542522,0.6745718050065876,,
cak_n4|t4|b1.0|raw,necklace,5,0.0,-0.11278256822766929,0.5357142857142857,,
cak_n4|t4|b1.0|raw,necklace,5,0.05,-0.14251998058681964,0.5857142857142857,,
cak_n4|t4|b1.0|raw,necklace,5,0.15,-0.1536716700139079,0.6285714285714286,,
cak_n4|t4|b1.0|raw,necklace,6,0.0,-0.3640862014593132,0.4861111111111111,,
cak_n4|t4|b1.0|raw,necklace,6,0.05,-0.3358604101536317,0.4861111111111111,,
cak_n4|t4|b1.0|raw,necklace,6,0.15,-0.4064462791574533,0.5694444444444444,,
cak_n4|t4|b1.0|raw,torus,3,0.0,,,0.010749377377792586,0.02218587792701903
cak_n4|t4|b1.0|raw,torus,3,0.05,,,0.009864885877926876,0.01917107553045607
cak_n4|t4|b1.0|raw,torus,3,0.15,,,0.013071994806987161,0.022240948492345917
cak_n4|t4|b1.0|raw,torus,4,0.0,,,0.010534523381577373,0.02345389434356556
cak_n4|t4|b1.0|raw,torus,4,0.05,,,0.011200449920790917,0.02073152809930745
cak_n4|t4|b1.0|raw,torus,4,0.15,,,0.014476577428365948,0.022460304624714496
cak_n4|t4|b1.0|raw,torus,5,0.0,,,0.010645853097915528,0.020881979952925577
cak_n4|t4|b1.0|raw,torus,5,0.05,,,0.011363976894755346,0.02176711218547547
cak_n4|t4|b1.0|raw,torus,5,0.15,,,0.021389036217005934,0.029651103314882077
cak_n4|t4|b1.0|raw,torus,6,0.0,,,0.007635154939647935,0.014303542674446957
cak_n4|t4|b1.0|raw,torus,6,0.05,,,0.00791371062784999,0.015182476417568216
cak_n4|t4|b1.0|raw,torus,6,0.15,,,0.03180253799021568,0.024175913722667638
