<?xml version="1.0" encoding="UTF-8"?>
<!DOCTYPE manifest PUBLIC "-//MECA//DTD Manifest v1.0//en" "MECA_manifest.dtd">
<manifest manifest-version="1" xmlns="https://manuscriptexchange.org/schema/manifest" xmlns:xlink="http://www.w3.org/1999/xlink">
  <item item-type="article-metadata">
    <instance media-type="text/xml" xlink:href="index.xml"/>
  </item>
  <item item-type="manuscript">
    <instance media-type="application/pdf" xlink:href="index.pdf"/>
  </item>
  <item item-type="manuscript">
    <instance media-type="application/vnd.openxmlformats-officedocument.wordprocessingml.document" xlink:href="index.docx"/>
  </item>
  <item item-type="manuscript">
    <instance media-type="text/plain" xlink:href="_tex/index.tex"/>
  </item>
  <item item-type="manuscript-supporting-file">
    <instance media-type="image/png" xlink:href="index_files/figure-jats/..-nbs-experiments-2a-Toy-Manifolds-cell-7-output-3.png"/>
  </item>
  <item item-type="manuscript-supporting-file">
    <instance media-type="image/png" xlink:href="index_files/figure-jats/..-nbs-experiments-2a-Toy-Manifolds-cell-7-output-4.png"/>
  </item>
  <item item-type="manuscript-supporting-file">
    <instance media-type="image/svg+xml" xlink:href="index_files/figure-jats/..-nbs-experiments-2a-Toy-Manifolds-cell-18-output-3.svg"/>
  </item>
  <item item-type="manuscript-supporting-file">
    <instance media-type="image/png" xlink:href="index_files/figure-jats/..-nbs-experiments-2a-Toy-Manifolds-cell-7-output-5.png"/>
  </item>
  <item item-type="manuscript-supporting-file">
    <instance media-type="image/svg+xml" xlink:href="index_files/figure-jats/..-nbs-experiments-2a-Toy-Manifolds-cell-10-output-2.svg"/>
  </item>
  <item item-type="manuscript-supporting-file">
    <instance media-type="image/svg+xml" xlink:href="index_files/figure-jats/..-nbs-experiments-2a-Toy-Manifolds-cell-13-output-1.svg"/>
  </item>
  <item item-type="manuscript-supporting-file">
    <instance media-type="image/svg+xml" xlink:href="index_files/figure-jats/..-nbs-experiments-2a-Toy-Manifolds-cell-19-output-1.svg"/>
  </item>
  <item item-type="manuscript-supporting-file">
    <instance media-type="image/svg+xml" xlink:href="index_files/figure-jats/..-nbs-experiments-2a-Toy-Manifolds-cell-21-output-1.svg"/>
  </item>
  <item item-type="manuscript-supporting-file">
    <instance media-type="image/png" xlink:href="index_files/figure-jats/..-nbs-experiments-2a-Toy-Manifolds-cell-23-output-1.png"/>
  </item>
  <item item-type="manuscript-supporting-file">
    <instance media-type="image/png" xlink:href="index_files/figure-jats/..-nbs-experiments-2a-Toy-Manifolds-cell-7-output-2.png"/>
  </item>
  <item item-type="manuscript-supporting-file">
    <instance media-type="image/svg+xml" xlink:href="index_files/figure-jats/..-nbs-experiments-2a-Toy-Manifolds-cell-20-output-1.svg"/>
  </item>
  <item item-type="manuscript-supporting-file">
    <instance media-type="image/svg+xml" xlink:href="index_files/figure-jats/..-nbs-experiments-2a-Toy-Manifolds-cell-15-output-1.svg"/>
  </item>
  <item item-type="manuscript-supporting-file">
    <instance media-type="image/svg+xml" xlink:href="index_files/figure-jats/..-nbs-experiments-2a-Toy-Manifolds-cell-16-output-1.svg"/>
  </item>
  <item item-type="manuscript-supporting-file">
    <instance media-type="image/svg+xml" xlink:href="index_files/figure-jats/..-nbs-experiments-2a-Toy-Manifolds-cell-17-output-1.svg"/>
  </item>
  <item item-type="manuscript-supporting-file">
    <instance media-type="image/png" xlink:href="index_files/figure-jats/..-nbs-experiments-2a-Toy-Manifolds-cell-7-output-7.png"/>
  </item>
  <item item-type="manuscript-supporting-file">
    <instance media-type="image/png" xlink:href="index_files/figure-jats/..-nbs-experiments-2a-Toy-Manifolds-fig-2-manifolds-output-1.png"/>
  </item>
  <item item-type="manuscript-supporting-file">
    <instance media-type="image/png" xlink:href="index_files/figure-jats/..-nbs-experiments-2a-Toy-Manifolds-cell-7-output-6.png"/>
  </item>
  <item item-type="manuscript-supporting-file">
    <instance media-type="image/png" xlink:href="_tex/index_files/figure-latex/..-nbs-experiments-2a-Toy-Manifolds-cell-7-output-3.png"/>
  </item>
  <item item-type="manuscript-supporting-file">
    <instance media-type="image/png" xlink:href="_tex/index_files/figure-latex/..-nbs-experiments-2a-Toy-Manifolds-cell-7-output-4.png"/>
  </item>
  <item item-type="manuscript-supporting-file">
    <instance media-type="image/svg+xml" xlink:href="_tex/index_files/figure-latex/..-nbs-experiments-2a-Toy-Manifolds-cell-18-output-3.svg"/>
  </item>
  <item item-type="manuscript-supporting-file">
    <instance media-type="image/png" xlink:href="_tex/index_files/figure-latex/..-nbs-experiments-2a-Toy-Manifolds-cell-7-output-5.png"/>
  </item>
  <item item-type="manuscript-supporting-file">
    <instance media-type="image/svg+xml" xlink:href="_tex/index_files/figure-latex/..-nbs-experiments-2a-Toy-Manifolds-cell-10-output-2.svg"/>
  </item>
  <item item-type="manuscript-supporting-file">
    <instance media-type="image/svg+xml" xlink:href="_tex/index_files/figure-latex/..-nbs-experiments-2a-Toy-Manifolds-cell-13-output-1.svg"/>
  </item>
  <item item-type="manuscript-supporting-file">
    <instance media-type="image/svg+xml" xlink:href="_tex/index_files/figure-latex/..-nbs-experiments-2a-Toy-Manifolds-cell-19-output-1.svg"/>
  </item>
  <item item-type="manuscript-supporting-file">
    <instance media-type="image/svg+xml" xlink:href="_tex/index_files/figure-latex/..-nbs-experiments-2a-Toy-Manifolds-cell-21-output-1.svg"/>
  </item>
  <item item-type="manuscript-supporting-file">
    <instance media-type="image/png" xlink:href="_tex/index_files/figure-latex/..-nbs-experiments-2a-Toy-Manifolds-cell-23-output-1.png"/>
  </item>
  <item item-type="manuscript-supporting-file">
    <instance media-type="image/png" xlink:href="_tex/index_files/figure-latex/..-nbs-experiments-2a-Toy-Manifolds-cell-7-output-2.png"/>
  </item>
  <item item-type="manuscript-supporting-file">
    <instance media-type="image/svg+xml" xlink:href="_tex/index_files/figure-latex/..-nbs-experiments-2a-Toy-Manifolds-cell-20-output-1.svg"/>
  </item>
  <item item-type="manuscript-supporting-file">
    <instance media-type="image/svg+xml" xlink:href="_tex/index_files/figure-latex/..-nbs-experiments-2a-Toy-Manifolds-cell-15-output-1.svg"/>
  </item>
  <item item-type="manuscript-supporting-file">
    <instance media-type="image/svg+xml" xlink:href="_tex/index_files/figure-latex/..-nbs-experiments-2a-Toy-Manifolds-cell-16-output-1.svg"/>
  </item>
  <item item-type="manuscript-supporting-file">
    <instance media-type="image/svg+xml" xlink:href="_tex/index_files/figure-latex/..-nbs-experiments-2a-Toy-Manifolds-cell-17-output-1.svg"/>
  </item>
  <item item-type="manuscript-supporting-file">
    <instance media-type="image/png" xlink:href="_tex/index_files/figure-latex/..-nbs-experiments-2a-Toy-Manifolds-cell-7-output-7.png"/>
  </item>
  <item item-type="manuscript-supporting-file">
    <instance media-type="image/png" xlink:href="_tex/index_files/figure-latex/..-nbs-experiments-2a-Toy-Manifolds-fig-2-manifolds-output-1.png"/>
  </item>
  <item item-type="manuscript-supporting-file">
    <instance media-type="image/png" xlink:href="_tex/index_files/figure-latex/..-nbs-experiments-2a-Toy-Manifolds-cell-7-output-6.png"/>
  </item>
  <item item-type="manuscript-supporting-file">
    <instance media-type="application/octet-stream" xlink:href="_tex/agujournal2019.cls"/>
  </item>
  <item item-type="manuscript-supporting-file">
    <instance media-type="application/octet-stream" xlink:href="_tex/references.bib"/>
  </item>
  <item item-type="manuscript-supporting-file">
    <instance media-type="application/octet-stream" xlink:href="_tex/trackchanges.sty"/>
  </item>
  <item item-type="manuscript-supporting-file">
    <instance media-type="application/octet-stream" xlink:href="index-ricci.qmd"/>
  </item>
  <item item-type="manuscript-supporting-file">
    <instance media-type="text/markdown" xlink:href="readme-paper.md"/>
  </item>
  <item item-type="article-source">
    <instance media-type="application/octet-stream" xlink:href="source/.gitignore"/>
  </item>
  <item item-type="article-source">
    <instance media-type="application/octet-stream" xlink:href="source/IEEEtrans.cls"/>
  </item>
  <item item-type="article-source">
    <instance media-type="application/octet-stream" xlink:href="source/_extensions/quarto-journals/agu/_extension.yml"/>
  </item>
  <item item-type="article-source">
    <instance media-type="application/octet-stream" xlink:href="source/_extensions/quarto-journals/agu/agu.lua"/>
  </item>
  <item item-type="article-source">
    <instance media-type="application/octet-stream" xlink:href="source/_extensions/quarto-journals/agu/agujournal2019.cls"/>
  </item>
  <item item-type="article-source">
    <instance media-type="application/octet-stream" xlink:href="source/_extensions/quarto-journals/agu/american-geophysical-union.csl"/>
  </item>
  <item item-type="article-source">
    <instance media-type="text/plain" xlink:href="source/_extensions/quarto-journals/agu/partials/_affiliations.tex"/>
  </item>
  <item item-type="article-source">
    <instance media-type="text/plain" xlink:href="source/_extensions/quarto-journals/agu/partials/_authors.tex"/>
  </item>
  <item item-type="article-source">
    <instance media-type="text/plain" xlink:href="source/_extensions/quarto-journals/agu/partials/_corresponding-author.tex"/>
  </item>
  <item item-type="article-source">
    <instance media-type="text/plain" xlink:href="source/_extensions/quarto-journals/agu/partials/before-body.tex"/>
  </item>
  <item item-type="article-source">
    <instance media-type="text/plain" xlink:href="source/_extensions/quarto-journals/agu/partials/title.tex"/>
  </item>
  <item item-type="article-source">
    <instance media-type="application/octet-stream" xlink:href="source/_extensions/quarto-journals/agu/trackchanges.sty"/>
  </item>
  <item item-type="article-source">
    <instance media-type="application/json" xlink:href="source/_freeze/index-ricci/execute-results/html.json"/>
  </item>
  <item item-type="article-source">
    <instance media-type="image/png" xlink:href="source/_freeze/index-ricci/figure-html/torus-output-2.png"/>
  </item>
  <item item-type="article-source">
    <instance media-type="application/json" xlink:href="source/_freeze/index/execute-results/html.json"/>
  </item>
  <item item-type="article-source">
    <instance media-type="application/json" xlink:href="source/_freeze/index/execute-results/tex.json"/>
  </item>
  <item item-type="article-source">
    <instance media-type="image/png" xlink:href="source/_freeze/index/figure-html/torus-output-2.png"/>
  </item>
  <item item-type="article-source">
    <instance media-type="image/png" xlink:href="source/_freeze/index/figure-ipynb/..-nbs-experiments-2c3-are-kernels-zeitgeibers-cell-12-output-1.png"/>
  </item>
  <item item-type="article-source">
    <instance media-type="image/png" xlink:href="source/_freeze/index/figure-ipynb/..-nbs-experiments-2c3-are-kernels-zeitgeibers-cell-16-output-1.png"/>
  </item>
  <item item-type="article-source">
    <instance media-type="image/png" xlink:href="source/_freeze/index/figure-ipynb/..-nbs-experiments-2c3-are-kernels-zeitgeibers-cell-24-output-1.png"/>
  </item>
  <item item-type="article-source">
    <instance media-type="image/png" xlink:href="source/_freeze/index/figure-ipynb/..-nbs-experiments-2c3-are-kernels-zeitgeibers-fig-spread-of-diffusion-2d-output-1.png"/>
  </item>
  <item item-type="article-source">
    <instance media-type="image/png" xlink:href="source/_freeze/index/figure-ipynb/..-nbs-experiments-2c3-are-kernels-zeitgeibers-spread-of-diffusion-in-2-manifolds-output-1.png"/>
  </item>
  <item item-type="article-source">
    <instance media-type="application/pdf" xlink:href="source/_freeze/index/figure-pdf/torus-output-2.pdf"/>
  </item>
  <item item-type="article-source">
    <instance media-type="text/css" xlink:href="source/_freeze/site_libs/bootstrap/bootstrap-icons.css"/>
  </item>
  <item item-type="article-source">
    <instance media-type="application/font-woff" xlink:href="source/_freeze/site_libs/bootstrap/bootstrap-icons.woff"/>
  </item>
  <item item-type="article-source">
    <instance media-type="text/css" xlink:href="source/_freeze/site_libs/bootstrap/bootstrap.min.css"/>
  </item>
  <item item-type="article-source">
    <instance media-type="application/javascript" xlink:href="source/_freeze/site_libs/bootstrap/bootstrap.min.js"/>
  </item>
  <item item-type="article-source">
    <instance media-type="application/javascript" xlink:href="source/_freeze/site_libs/clipboard/clipboard.min.js"/>
  </item>
  <item item-type="article-source">
    <instance media-type="application/javascript" xlink:href="source/_freeze/site_libs/manuscript-notebook/headroom.min.js"/>
  </item>
  <item item-type="article-source">
    <instance media-type="text/css" xlink:href="source/_freeze/site_libs/quarto-contrib/glightbox/glightbox.min.css"/>
  </item>
  <item item-type="article-source">
    <instance media-type="application/javascript" xlink:href="source/_freeze/site_libs/quarto-contrib/glightbox/glightbox.min.js"/>
  </item>
  <item item-type="article-source">
    <instance media-type="text/css" xlink:href="source/_freeze/site_libs/quarto-contrib/glightbox/lightbox.css"/>
  </item>
  <item item-type="article-source">
    <instance media-type="application/javascript" xlink:href="source/_freeze/site_libs/quarto-html/anchor.min.js"/>
  </item>
  <item item-type="article-source">
    <instance media-type="application/javascript" xlink:href="source/_freeze/site_libs/quarto-html/popper.min.js"/>
  </item>
  <item item-type="article-source">
    <instance media-type="text/css" xlink:href="source/_freeze/site_libs/quarto-html/quarto-syntax-highlighting.css"/>
  </item>
  <item item-type="article-source">
    <instance media-type="application/javascript" xlink:href="source/_freeze/site_libs/quarto-html/quarto.js"/>
  </item>
  <item item-type="article-source">
    <instance media-type="text/css" xlink:href="source/_freeze/site_libs/quarto-html/tippy.css"/>
  </item>
  <item item-type="article-source">
    <instance media-type="application/javascript" xlink:href="source/_freeze/site_libs/quarto-html/tippy.umd.min.js"/>
  </item>
  <item item-type="article-source">
    <instance media-type="application/octet-stream" xlink:href="source/_manuscript/_tex/agujournal2019.cls"/>
  </item>
  <item item-type="article-source">
    <instance media-type="text/plain" xlink:href="source/_manuscript/_tex/index.tex"/>
  </item>
  <item item-type="article-source">
    <instance media-type="image/svg+xml" xlink:href="source/_manuscript/_tex/index_files/figure-latex/..-nbs-experiments-2a-Toy-Manifolds-cell-10-output-2.svg"/>
  </item>
  <item item-type="article-source">
    <instance media-type="image/svg+xml" xlink:href="source/_manuscript/_tex/index_files/figure-latex/..-nbs-experiments-2a-Toy-Manifolds-cell-13-output-1.svg"/>
  </item>
  <item item-type="article-source">
    <instance media-type="image/svg+xml" xlink:href="source/_manuscript/_tex/index_files/figure-latex/..-nbs-experiments-2a-Toy-Manifolds-cell-15-output-1.svg"/>
  </item>
  <item item-type="article-source">
    <instance media-type="image/svg+xml" xlink:href="source/_manuscript/_tex/index_files/figure-latex/..-nbs-experiments-2a-Toy-Manifolds-cell-16-output-1.svg"/>
  </item>
  <item item-type="article-source">
    <instance media-type="image/svg+xml" xlink:href="source/_manuscript/_tex/index_files/figure-latex/..-nbs-experiments-2a-Toy-Manifolds-cell-17-output-1.svg"/>
  </item>
  <item item-type="article-source">
    <instance media-type="image/svg+xml" xlink:href="source/_manuscript/_tex/index_files/figure-latex/..-nbs-experiments-2a-Toy-Manifolds-cell-18-output-3.svg"/>
  </item>
  <item item-type="article-source">
    <instance media-type="image/svg+xml" xlink:href="source/_manuscript/_tex/index_files/figure-latex/..-nbs-experiments-2a-Toy-Manifolds-cell-19-output-1.svg"/>
  </item>
  <item item-type="article-source">
    <instance media-type="image/svg+xml" xlink:href="source/_manuscript/_tex/index_files/figure-latex/..-nbs-experiments-2a-Toy-Manifolds-cell-20-output-1.svg"/>
  </item>
  <item item-type="article-source">
    <instance media-type="image/svg+xml" xlink:href="source/_manuscript/_tex/index_files/figure-latex/..-nbs-experiments-2a-Toy-Manifolds-cell-21-output-1.svg"/>
  </item>
  <item item-type="article-source">
    <instance media-type="image/png" xlink:href="source/_manuscript/_tex/index_files/figure-latex/..-nbs-experiments-2a-Toy-Manifolds-cell-23-output-1.png"/>
  </item>
  <item item-type="article-source">
    <instance media-type="image/png" xlink:href="source/_manuscript/_tex/index_files/figure-latex/..-nbs-experiments-2a-Toy-Manifolds-cell-7-output-2.png"/>
  </item>
  <item item-type="article-source">
    <instance media-type="image/png" xlink:href="source/_manuscript/_tex/index_files/figure-latex/..-nbs-experiments-2a-Toy-Manifolds-cell-7-output-3.png"/>
  </item>
  <item item-type="article-source">
    <instance media-type="image/png" xlink:href="source/_manuscript/_tex/index_files/figure-latex/..-nbs-experiments-2a-Toy-Manifolds-cell-7-output-4.png"/>
  </item>
  <item item-type="article-source">
    <instance media-type="image/png" xlink:href="source/_manuscript/_tex/index_files/figure-latex/..-nbs-experiments-2a-Toy-Manifolds-cell-7-output-5.png"/>
  </item>
  <item item-type="article-source">
    <instance media-type="image/png" xlink:href="source/_manuscript/_tex/index_files/figure-latex/..-nbs-experiments-2a-Toy-Manifolds-cell-7-output-6.png"/>
  </item>
  <item item-type="article-source">
    <instance media-type="image/png" xlink:href="source/_manuscript/_tex/index_files/figure-latex/..-nbs-experiments-2a-Toy-Manifolds-cell-7-output-7.png"/>
  </item>
  <item item-type="article-source">
    <instance media-type="image/png" xlink:href="source/_manuscript/_tex/index_files/figure-latex/..-nbs-experiments-2a-Toy-Manifolds-fig-2-manifolds-output-1.png"/>
  </item>
  <item item-type="article-source">
    <instance media-type="application/octet-stream" xlink:href="source/_manuscript/_tex/references.bib"/>
  </item>
  <item item-type="article-source">
    <instance media-type="application/octet-stream" xlink:href="source/_manuscript/_tex/trackchanges.sty"/>
  </item>
  <item item-type="article-source">
    <instance media-type="text/html" xlink:href="source/_manuscript/index-ricci-preview.html"/>
  </item>
  <item item-type="article-source">
    <instance media-type="application/octet-stream" xlink:href="source/_manuscript/index-ricci.qmd"/>
  </item>
  <item item-type="article-source">
    <instance media-type="image/png" xlink:href="source/_manuscript/index-ricci_files/figure-html/..-nbs-experiments-2c3-are-kernels-zeitgeibers-cell-12-output-1.png"/>
  </item>
  <item item-type="article-source">
    <instance media-type="image/png" xlink:href="source/_manuscript/index-ricci_files/figure-html/..-nbs-experiments-2c3-are-kernels-zeitgeibers-cell-16-output-1.png"/>
  </item>
  <item item-type="article-source">
    <instance media-type="image/png" xlink:href="source/_manuscript/index-ricci_files/figure-html/..-nbs-experiments-2c3-are-kernels-zeitgeibers-cell-24-output-1.png"/>
  </item>
  <item item-type="article-source">
    <instance media-type="image/png" xlink:href="source/_manuscript/index-ricci_files/figure-html/..-nbs-experiments-2c3-are-kernels-zeitgeibers-fig-spread-of-diffusion-2d-output-4.png"/>
  </item>
  <item item-type="article-source">
    <instance media-type="image/png" xlink:href="source/_manuscript/index-ricci_files/figure-html/torus-output-2.png"/>
  </item>
  <item item-type="article-source">
    <instance media-type="image/png" xlink:href="source/_manuscript/index-ricci_files/figure-ipynb/..-nbs-experiments-2c3-are-kernels-zeitgeibers-cell-12-output-1.png"/>
  </item>
  <item item-type="article-source">
    <instance media-type="image/png" xlink:href="source/_manuscript/index-ricci_files/figure-ipynb/..-nbs-experiments-2c3-are-kernels-zeitgeibers-cell-16-output-1.png"/>
  </item>
  <item item-type="article-source">
    <instance media-type="image/png" xlink:href="source/_manuscript/index-ricci_files/figure-ipynb/..-nbs-experiments-2c3-are-kernels-zeitgeibers-cell-24-output-1.png"/>
  </item>
  <item item-type="article-source">
    <instance media-type="image/png" xlink:href="source/_manuscript/index-ricci_files/figure-ipynb/..-nbs-experiments-2c3-are-kernels-zeitgeibers-fig-spread-of-diffusion-2d-output-4.png"/>
  </item>
  <item item-type="article-source">
    <instance media-type="application/vnd.openxmlformats-officedocument.wordprocessingml.document" xlink:href="source/_manuscript/index.docx"/>
  </item>
  <item item-type="article-source">
    <instance media-type="text/html" xlink:href="source/_manuscript/index.html"/>
  </item>
  <item item-type="article-source">
    <instance media-type="application/pdf" xlink:href="source/_manuscript/index.pdf"/>
  </item>
  <item item-type="article-source">
    <instance media-type="text/xml" xlink:href="source/_manuscript/index.xml"/>
  </item>
  <item item-type="article-source">
    <instance media-type="image/svg+xml" xlink:href="source/_manuscript/index_files/figure-html/..-nbs-experiments-2a-Toy-Manifolds-cell-10-output-2.svg"/>
  </item>
  <item item-type="article-source">
    <instance media-type="image/svg+xml" xlink:href="source/_manuscript/index_files/figure-html/..-nbs-experiments-2a-Toy-Manifolds-cell-13-output-1.svg"/>
  </item>
  <item item-type="article-source">
    <instance media-type="image/svg+xml" xlink:href="source/_manuscript/index_files/figure-html/..-nbs-experiments-2a-Toy-Manifolds-cell-15-output-1.svg"/>
  </item>
  <item item-type="article-source">
    <instance media-type="image/svg+xml" xlink:href="source/_manuscript/index_files/figure-html/..-nbs-experiments-2a-Toy-Manifolds-cell-16-output-1.svg"/>
  </item>
  <item item-type="article-source">
    <instance media-type="image/svg+xml" xlink:href="source/_manuscript/index_files/figure-html/..-nbs-experiments-2a-Toy-Manifolds-cell-17-output-1.svg"/>
  </item>
  <item item-type="article-source">
    <instance media-type="image/svg+xml" xlink:href="source/_manuscript/index_files/figure-html/..-nbs-experiments-2a-Toy-Manifolds-cell-18-output-3.svg"/>
  </item>
  <item item-type="article-source">
    <instance media-type="image/svg+xml" xlink:href="source/_manuscript/index_files/figure-html/..-nbs-experiments-2a-Toy-Manifolds-cell-19-output-1.svg"/>
  </item>
  <item item-type="article-source">
    <instance media-type="image/svg+xml" xlink:href="source/_manuscript/index_files/figure-html/..-nbs-experiments-2a-Toy-Manifolds-cell-20-output-1.svg"/>
  </item>
  <item item-type="article-source">
    <instance media-type="image/svg+xml" xlink:href="source/_manuscript/index_files/figure-html/..-nbs-experiments-2a-Toy-Manifolds-cell-21-output-1.svg"/>
  </item>
  <item item-type="article-source">
    <instance media-type="image/png" xlink:href="source/_manuscript/index_files/figure-html/..-nbs-experiments-2a-Toy-Manifolds-cell-23-output-1.png"/>
  </item>
  <item item-type="article-source">
    <instance media-type="image/png" xlink:href="source/_manuscript/index_files/figure-html/..-nbs-experiments-2a-Toy-Manifolds-cell-7-output-2.png"/>
  </item>
  <item item-type="article-source">
    <instance media-type="image/png" xlink:href="source/_manuscript/index_files/figure-html/..-nbs-experiments-2a-Toy-Manifolds-cell-7-output-3.png"/>
  </item>
  <item item-type="article-source">
    <instance media-type="image/png" xlink:href="source/_manuscript/index_files/figure-html/..-nbs-experiments-2a-Toy-Manifolds-cell-7-output-4.png"/>
  </item>
  <item item-type="article-source">
    <instance media-type="image/png" xlink:href="source/_manuscript/index_files/figure-html/..-nbs-experiments-2a-Toy-Manifolds-cell-7-output-5.png"/>
  </item>
  <item item-type="article-source">
    <instance media-type="image/png" xlink:href="source/_manuscript/index_files/figure-html/..-nbs-experiments-2a-Toy-Manifolds-cell-7-output-6.png"/>
  </item>
  <item item-type="article-source">
    <instance media-type="image/png" xlink:href="source/_manuscript/index_files/figure-html/..-nbs-experiments-2a-Toy-Manifolds-cell-7-output-7.png"/>
  </item>
  <item item-type="article-source">
    <instance media-type="image/png" xlink:href="source/_manuscript/index_files/figure-html/..-nbs-experiments-2a-Toy-Manifolds-fig-2-manifolds-output-1.png"/>
  </item>
  <item item-type="article-source">
    <instance media-type="image/svg+xml" xlink:href="source/_manuscript/index_files/figure-jats/..-nbs-experiments-2a-Toy-Manifolds-cell-10-output-2.svg"/>
  </item>
  <item item-type="article-source">
    <instance media-type="image/svg+xml" xlink:href="source/_manuscript/index_files/figure-jats/..-nbs-experiments-2a-Toy-Manifolds-cell-13-output-1.svg"/>
  </item>
  <item item-type="article-source">
    <instance media-type="image/svg+xml" xlink:href="source/_manuscript/index_files/figure-jats/..-nbs-experiments-2a-Toy-Manifolds-cell-15-output-1.svg"/>
  </item>
  <item item-type="article-source">
    <instance media-type="image/svg+xml" xlink:href="source/_manuscript/index_files/figure-jats/..-nbs-experiments-2a-Toy-Manifolds-cell-16-output-1.svg"/>
  </item>
  <item item-type="article-source">
    <instance media-type="image/svg+xml" xlink:href="source/_manuscript/index_files/figure-jats/..-nbs-experiments-2a-Toy-Manifolds-cell-17-output-1.svg"/>
  </item>
  <item item-type="article-source">
    <instance media-type="image/svg+xml" xlink:href="source/_manuscript/index_files/figure-jats/..-nbs-experiments-2a-Toy-Manifolds-cell-18-output-3.svg"/>
  </item>
  <item item-type="article-source">
    <instance media-type="image/svg+xml" xlink:href="source/_manuscript/index_files/figure-jats/..-nbs-experiments-2a-Toy-Manifolds-cell-19-output-1.svg"/>
  </item>
  <item item-type="article-source">
    <instance media-type="image/svg+xml" xlink:href="source/_manuscript/index_files/figure-jats/..-nbs-experiments-2a-Toy-Manifolds-cell-20-output-1.svg"/>
  </item>
  <item item-type="article-source">
    <instance media-type="image/svg+xml" xlink:href="source/_manuscript/index_files/figure-jats/..-nbs-experiments-2a-Toy-Manifolds-cell-21-output-1.svg"/>
  </item>
  <item item-type="article-source">
    <instance media-type="image/png" xlink:href="source/_manuscript/index_files/figure-jats/..-nbs-experiments-2a-Toy-Manifolds-cell-23-output-1.png"/>
  </item>
  <item item-type="article-source">
    <instance media-type="image/png" xlink:href="source/_manuscript/index_files/figure-jats/..-nbs-experiments-2a-Toy-Manifolds-cell-7-output-2.png"/>
  </item>
  <item item-type="article-source">
    <instance media-type="image/png" xlink:href="source/_manuscript/index_files/figure-jats/..-nbs-experiments-2a-Toy-Manifolds-cell-7-output-3.png"/>
  </item>
  <item item-type="article-source">
    <instance media-type="image/png" xlink:href="source/_manuscript/index_files/figure-jats/..-nbs-experiments-2a-Toy-Manifolds-cell-7-output-4.png"/>
  </item>
  <item item-type="article-source">
    <instance media-type="image/png" xlink:href="source/_manuscript/index_files/figure-jats/..-nbs-experiments-2a-Toy-Manifolds-cell-7-output-5.png"/>
  </item>
  <item item-type="article-source">
    <instance media-type="image/png" xlink:href="source/_manuscript/index_files/figure-jats/..-nbs-experiments-2a-Toy-Manifolds-cell-7-output-6.png"/>
  </item>
  <item item-type="article-source">
    <instance media-type="image/png" xlink:href="source/_manuscript/index_files/figure-jats/..-nbs-experiments-2a-Toy-Manifolds-cell-7-output-7.png"/>
  </item>
  <item item-type="article-source">
    <instance media-type="image/png" xlink:href="source/_manuscript/index_files/figure-jats/..-nbs-experiments-2a-Toy-Manifolds-fig-2-manifolds-output-1.png"/>
  </item>
  <item item-type="article-source">
    <instance media-type="text/html" xlink:href="source/_manuscript/readme-paper-preview.html"/>
  </item>
  <item item-type="article-source">
    <instance media-type="text/markdown" xlink:href="source/_manuscript/readme-paper.md"/>
  </item>
  <item item-type="article-source">
    <instance media-type="text/css" xlink:href="source/_manuscript/site_libs/bootstrap/bootstrap-icons.css"/>
  </item>
  <item item-type="article-source">
    <instance media-type="application/font-woff" xlink:href="source/_manuscript/site_libs/bootstrap/bootstrap-icons.woff"/>
  </item>
  <item item-type="article-source">
    <instance media-type="text/css" xlink:href="source/_manuscript/site_libs/bootstrap/bootstrap.min.css"/>
  </item>
  <item item-type="article-source">
    <instance media-type="application/javascript" xlink:href="source/_manuscript/site_libs/bootstrap/bootstrap.min.js"/>
  </item>
  <item item-type="article-source">
    <instance media-type="application/javascript" xlink:href="source/_manuscript/site_libs/clipboard/clipboard.min.js"/>
  </item>
  <item item-type="article-source">
    <instance media-type="application/javascript" xlink:href="source/_manuscript/site_libs/manuscript-notebook/headroom.min.js"/>
  </item>
  <item item-type="article-source">
    <instance media-type="text/css" xlink:href="source/_manuscript/site_libs/quarto-contrib/glightbox/glightbox.min.css"/>
  </item>
  <item item-type="article-source">
    <instance media-type="application/javascript" xlink:href="source/_manuscript/site_libs/quarto-contrib/glightbox/glightbox.min.js"/>
  </item>
  <item item-type="article-source">
    <instance media-type="text/css" xlink:href="source/_manuscript/site_libs/quarto-contrib/glightbox/lightbox.css"/>
  </item>
  <item item-type="article-source">
    <instance media-type="application/javascript" xlink:href="source/_manuscript/site_libs/quarto-html/anchor.min.js"/>
  </item>
  <item item-type="article-source">
    <instance media-type="application/javascript" xlink:href="source/_manuscript/site_libs/quarto-html/popper.min.js"/>
  </item>
  <item item-type="article-source">
    <instance media-type="text/css" xlink:href="source/_manuscript/site_libs/quarto-html/quarto-syntax-highlighting.css"/>
  </item>
  <item item-type="article-source">
    <instance media-type="application/javascript" xlink:href="source/_manuscript/site_libs/quarto-html/quarto.js"/>
  </item>
  <item item-type="article-source">
    <instance media-type="text/css" xlink:href="source/_manuscript/site_libs/quarto-html/tippy.css"/>
  </item>
  <item item-type="article-source">
    <instance media-type="application/javascript" xlink:href="source/_manuscript/site_libs/quarto-html/tippy.umd.min.js"/>
  </item>
  <item item-type="article-source">
    <instance media-type="application/octet-stream" xlink:href="source/_quarto.yml"/>
  </item>
  <item item-type="article-source">
    <instance media-type="application/octet-stream" xlink:href="source/agujournal2019.cls"/>
  </item>
  <item item-type="article-source">
    <instance media-type="application/octet-stream" xlink:href="source/agujournal2019.cls.old"/>
  </item>
  <item item-type="article-source">
    <instance media-type="image/png" xlink:href="source/images/la-palma-map.png"/>
  </item>
  <item item-type="article-source">
    <instance media-type="application/x-ipynb+json" xlink:href="source/index-ricci.embed.ipynb"/>
  </item>
  <item item-type="article-source">
    <instance media-type="application/x-ipynb+json" xlink:href="source/index-ricci.out.ipynb"/>
  </item>
  <item item-type="article-source">
    <instance media-type="application/octet-stream" xlink:href="source/index-ricci.qmd"/>
  </item>
  <item item-type="article-source">
    <instance media-type="application/octet-stream" xlink:href="source/index.qmd"/>
  </item>
  <item item-type="article-source">
    <instance media-type="image/png" xlink:href="source/index_files/figure-ipynb/..-nbs-experiments-2c3-are-kernels-zeitgeibers-cell-12-output-1.png"/>
  </item>
  <item item-type="article-source">
    <instance media-type="image/png" xlink:href="source/index_files/figure-ipynb/..-nbs-experiments-2c3-are-kernels-zeitgeibers-cell-16-output-1.png"/>
  </item>
  <item item-type="article-source">
    <instance media-type="image/png" xlink:href="source/index_files/figure-ipynb/..-nbs-experiments-2c3-are-kernels-zeitgeibers-cell-24-output-1.png"/>
  </item>
  <item item-type="article-source">
    <instance media-type="image/png" xlink:href="source/index_files/figure-ipynb/..-nbs-experiments-2c3-are-kernels-zeitgeibers-fig-spread-of-diffusion-2d-output-1.png"/>
  </item>
  <item item-type="article-source">
    <instance media-type="image/png" xlink:href="source/index_files/figure-ipynb/..-nbs-experiments-2c3-are-kernels-zeitgeibers-spread-of-diffusion-in-2-manifolds-output-1.png"/>
  </item>
  <item item-type="article-source">
    <instance media-type="application/pdf" xlink:href="source/index_files/figure-pdf/torus-output-2.pdf"/>
  </item>
  <item item-type="article-source">
    <instance media-type="text/html" xlink:href="source/nbs/experiments/2a-Toy-Manifolds-preview.html"/>
  </item>
  <item item-type="article-source">
    <instance media-type="application/x-ipynb+json" xlink:href="source/nbs/experiments/2a-Toy-Manifolds.out.ipynb"/>
  </item>
  <item item-type="article-source">
    <instance media-type="image/svg+xml" xlink:href="source/nbs/experiments/2a-Toy-Manifolds_files/figure-html/cell-10-output-2.svg"/>
  </item>
  <item item-type="article-source">
    <instance media-type="image/svg+xml" xlink:href="source/nbs/experiments/2a-Toy-Manifolds_files/figure-html/cell-13-output-1.svg"/>
  </item>
  <item item-type="article-source">
    <instance media-type="image/svg+xml" xlink:href="source/nbs/experiments/2a-Toy-Manifolds_files/figure-html/cell-15-output-1.svg"/>
  </item>
  <item item-type="article-source">
    <instance media-type="image/svg+xml" xlink:href="source/nbs/experiments/2a-Toy-Manifolds_files/figure-html/cell-16-output-1.svg"/>
  </item>
  <item item-type="article-source">
    <instance media-type="image/svg+xml" xlink:href="source/nbs/experiments/2a-Toy-Manifolds_files/figure-html/cell-17-output-1.svg"/>
  </item>
  <item item-type="article-source">
    <instance media-type="image/svg+xml" xlink:href="source/nbs/experiments/2a-Toy-Manifolds_files/figure-html/cell-18-output-3.svg"/>
  </item>
  <item item-type="article-source">
    <instance media-type="image/svg+xml" xlink:href="source/nbs/experiments/2a-Toy-Manifolds_files/figure-html/cell-19-output-1.svg"/>
  </item>
  <item item-type="article-source">
    <instance media-type="image/svg+xml" xlink:href="source/nbs/experiments/2a-Toy-Manifolds_files/figure-html/cell-20-output-1.svg"/>
  </item>
  <item item-type="article-source">
    <instance media-type="image/svg+xml" xlink:href="source/nbs/experiments/2a-Toy-Manifolds_files/figure-html/cell-21-output-1.svg"/>
  </item>
  <item item-type="article-source">
    <instance media-type="image/png" xlink:href="source/nbs/experiments/2a-Toy-Manifolds_files/figure-html/cell-23-output-1.png"/>
  </item>
  <item item-type="article-source">
    <instance media-type="image/png" xlink:href="source/nbs/experiments/2a-Toy-Manifolds_files/figure-html/cell-7-output-2.png"/>
  </item>
  <item item-type="article-source">
    <instance media-type="image/png" xlink:href="source/nbs/experiments/2a-Toy-Manifolds_files/figure-html/cell-7-output-3.png"/>
  </item>
  <item item-type="article-source">
    <instance media-type="image/png" xlink:href="source/nbs/experiments/2a-Toy-Manifolds_files/figure-html/cell-7-output-4.png"/>
  </item>
  <item item-type="article-source">
    <instance media-type="image/png" xlink:href="source/nbs/experiments/2a-Toy-Manifolds_files/figure-html/cell-7-output-5.png"/>
  </item>
  <item item-type="article-source">
    <instance media-type="image/png" xlink:href="source/nbs/experiments/2a-Toy-Manifolds_files/figure-html/cell-7-output-6.png"/>
  </item>
  <item item-type="article-source">
    <instance media-type="image/png" xlink:href="source/nbs/experiments/2a-Toy-Manifolds_files/figure-html/cell-7-output-7.png"/>
  </item>
  <item item-type="article-source">
    <instance media-type="image/png" xlink:href="source/nbs/experiments/2a-Toy-Manifolds_files/figure-html/fig-2-manifolds-output-1.png"/>
  </item>
  <item item-type="article-source">
    <instance media-type="text/html" xlink:href="source/nbs/experiments/2c3-are-kernels-zeitgeibers-preview.html"/>
  </item>
  <item item-type="article-source">
    <instance media-type="application/x-ipynb+json" xlink:href="source/nbs/experiments/2c3-are-kernels-zeitgeibers.out.ipynb"/>
  </item>
  <item item-type="article-source">
    <instance media-type="image/png" xlink:href="source/nbs/experiments/2c3-are-kernels-zeitgeibers_files/figure-html/cell-12-output-1.png"/>
  </item>
  <item item-type="article-source">
    <instance media-type="image/png" xlink:href="source/nbs/experiments/2c3-are-kernels-zeitgeibers_files/figure-html/cell-16-output-1.png"/>
  </item>
  <item item-type="article-source">
    <instance media-type="image/png" xlink:href="source/nbs/experiments/2c3-are-kernels-zeitgeibers_files/figure-html/cell-24-output-1.png"/>
  </item>
  <item item-type="article-source">
    <instance media-type="image/png" xlink:href="source/nbs/experiments/2c3-are-kernels-zeitgeibers_files/figure-html/fig-spread-of-diffusion-2d-output-1.png"/>
  </item>
  <item item-type="article-source">
    <instance media-type="text/markdown" xlink:href="source/readme-paper.md"/>
  </item>
  <item item-type="article-source">
    <instance media-type="application/octet-stream" xlink:href="source/references.bib"/>
  </item>
  <item item-type="article-source">
    <instance media-type="application/octet-stream" xlink:href="source/trackchanges.sty"/>
  </item>
  <item item-type="article-source-directory">
    <instance media-type="application/x-directory" xlink:href="source"/>
  </item>
</manifest>