instance,dim,noise,ks_true,err,mix_ent,mix_ent_all,V_anchor,n_goals
420,3,0.01,1.2257813837761642,,0.2745029032230377,0.4187995493412018,1.864495549995656,12
544,4,0.01,-16.875471101588957,,0.5138470530509949,0.6127806901931763,2.1891523684301006,12
668,5,0.01,-28.42240351450837,,0.8570960760116577,0.809709906578064,2.218049548965067,12
792,6,0.01,-38.33381100352402,,1.0031150579452517,0.9549544453620912,3.167942599389157,12
421,3,0.01,-7.415704083686769,,1.0544649362564087,0.8177661895751953,2.203124329804268,12
545,4,0.01,-25.421391317475663,,0.1572079360485077,0.3085833787918091,3.669726599850008,12
669,5,0.01,-18.319930087521648,,0.0629005804657936,0.4253696799278259,3.4257939223506395,12
793,6,0.01,-76.44652684559905,,1.047441840171814,0.7586350440979004,5.594757585336165,12
430,3,0.01,-16.842236690951605,,0.3956617712974548,0.4068619608879089,1.3812634785579472,12
554,4,0.01,-4.503402761482203,,0.6568260192871094,0.7530182600021362,1.4068405282112022,12
693,5,0.05,-16.703636368602854,,1.132472276687622,1.0438920259475708,2.5101856957129254,12
817,6,0.05,-12.910662028844692,,0.996634840965271,0.9278640747070312,4.3142357924435295,12
431,3,0.01,14.164580864957042,,0.0045673474669456,0.1318963468074798,2.4008520491586287,12
570,4,0.05,-1.0376935627011612,,0.9044383764266968,0.8814638257026672,3.028734198056669,12
694,5,0.05,54.88132514320018,,0.7039492130279541,1.1074278354644775,3.094150662691268,12
818,6,0.05,-41.17873865452874,,0.9198832511901855,0.8284058570861816,4.779421356686521,12
432,3,0.01,-15.026763600360248,,0.6384905576705933,0.7818992733955383,3.8177641669014606,12
571,4,0.05,-39.90075492062513,,0.1305594444274902,0.3216942846775055,2.76319664499103,12
695,5,0.05,-28.646174109828085,,1.02284836769104,1.0319405794143677,3.040919507275336,12
819,6,0.05,18.013705493536783,,1.4605997800827026,1.207767128944397,5.44661583343683,12
433,3,0.01,0.380085965305853,,0.6725432276725769,0.4878146052360534,1.64234032703262,12
572,4,0.05,-16.09270414189458,,0.6323806643486023,0.5272921323776245,3.206339853669217,12
696,5,0.05,-11.136468161274196,,1.4724745750427246,1.2290979623794556,2.4000683519307104,12
820,6,0.05,-44.84909729317228,,1.3804832696914673,1.110545039176941,4.965977450226979,12
434,3,0.01,1.6301777294930675,,0.5252713561058044,0.3972997665405273,1.7226433479541592,12
573,4,0.05,-30.16895284318092,,1.2327499389648438,0.9935933351516724,3.588345822488695,12
697,5,0.05,-19.7446786444012,,1.2080271244049072,1.1444810628890991,2.806995947258089,12
821,6,0.05,-58.89777561628494,,1.134765863418579,1.1938869953155518,5.988784235126592,12
450,3,0.05,-24.89523765054504,,0.2792547941207886,0.3310194015502929,3.488763456829883,12
574,4,0.05,-17.091759926410464,,1.1330890655517578,1.1067224740982056,3.650574738740966,12
698,5,0.05,-14.507889827778769,,0.7752526998519897,0.9124574661254884,2.7070580893860803,12
822,6,0.05,-7.917380679276863,,0.6518732309341431,0.6831739544868469,3.086646075474613,12
451,3,0.05,-12.659383196182684,,0.3634016513824463,0.4583756923675537,2.2667005653192605,12
575,4,0.05,-31.28121797229592,,0.6538575291633606,0.6811987161636353,3.1631684951360537,12
699,5,0.05,-33.03765356029634,,1.2955777645111084,1.0951039791107178,3.638227931457192,12
823,6,0.05,-71.9194356359564,,1.4964648485183716,1.108516812324524,6.8318996142072255,12
452,3,0.05,-8.503913817275507,,0.5722852349281311,0.7494835257530212,2.18453983561062,12
576,4,0.05,1.5495180423592505,,0.9704477787017822,1.0339559316635132,2.662780387216614,12
700,5,0.05,-62.894655678803616,,1.2987456321716309,1.0202133655548096,7.797128847015614,12
824,6,0.05,-23.73030057471971,,1.001378297805786,1.1248245239257812,4.145703748350595,12
453,3,0.05,16.800746756883633,,0.3237785398960113,0.5219899415969849,3.4320731225643293,12
577,4,0.05,-4.587718319365236,,0.7386510372161865,0.5071201324462891,2.3700672014591406,12
701,5,0.05,-12.478273660639108,,1.2439181804656982,1.3010129928588867,3.5606650501649257,12
840,6,0.1,-39.57480106909405,,1.6084816455841064,1.4232600927352903,3.37100596330566,12
454,3,0.05,-4.99685320061184,,0.5821367502212524,0.4368160367012024,1.4233464372043991,12
578,4,0.05,-22.05882557409797,,0.6666997075080872,0.7633526921272278,2.890393881071253,12
702,5,0.05,-8.094765280509788,,0.788629949092865,1.015726089477539,5.382612568745449,12
841,6,0.1,-28.27057085781108,,0.1488263010978698,0.6177128553390503,4.278844244150842,12
422,3,0.01,-10.734204673555151,,0.2992653250694275,0.3799537718296051,1.8243660763683347,12
546,4,0.01,-35.825477386408664,,1.471139430999756,1.1100581884384155,5.504591382623534,12
670,5,0.01,-44.4013504262728,,0.4750029444694519,0.6742218136787415,3.732345961190659,12
794,6,0.01,-38.89536340245233,,0.8493516445159912,0.6853507161140442,3.5084338712054857,12
455,3,0.05,0.1038120113334293,,0.7480453252792358,0.5596676468849182,2.250721820555951,12
579,4,0.05,-12.708320135998806,,0.6595237255096436,0.8262184262275696,1.969525903097632,12
703,5,0.05,6.3932786146544505,,0.0433084890246391,0.6377068758010864,3.548754128882972,12
842,6,0.1,-70.57962561965199,,1.477705955505371,1.282853364944458,5.749747690788096,12
456,3,0.05,-10.086395056679647,,0.7585073709487915,0.5815272927284241,2.5473396171135647,12
580,4,0.05,1.430710029764047,,0.478946328163147,0.6227607727050781,1.702741574014233,12
704,5,0.05,-31.099208931298197,,0.6309975385665894,0.9077650904655457,3.9764184680686254,12
843,6,0.1,-67.23454284811166,,0.947828769683838,0.9223359823226928,3.0952826394465105,12
457,3,0.05,-16.176625387033255,,0.5917044878005981,0.5403002500534058,2.5923227683561283,12
581,4,0.05,-27.984450651921836,,0.7577981948852539,0.7178828120231628,2.240710390309941,12
720,5,0.1,9.58742063848517,,0.9036056399345398,0.6113385558128357,3.208500900922477,12
844,6,0.1,-51.41557026855955,,1.3755271434783936,1.353679895401001,4.556206030565377,12
458,3,0.05,0.4466454396956449,,0.7339043617248535,0.4032073020935058,1.6842869170928516,12
582,4,0.05,-20.161306901824567,,0.4640978872776031,0.6701856851577759,3.127674840342708,12
721,5,0.1,55.01886922438137,,0.6370787024497986,0.6357292532920837,5.183217015889682,12
845,6,0.1,-16.385632508942592,,1.106819987297058,1.175817847251892,3.1876557828600527,12
459,3,0.05,3.218057928153633,,0.2689191102981567,0.5480446815490723,1.941087496799964,12
583,4,0.05,28.472607937392368,,0.0501563623547554,0.4266696572303772,3.110301052563435,12
722,5,0.1,-51.81568753840308,,1.3966619968414309,0.9563762545585632,2.7540450585507883,12
846,6,0.1,68.02202730824673,,0.6128315925598145,1.2405191659927368,4.891011550024059,12
460,3,0.05,-13.787515224982826,,0.5194878578186035,0.597812831401825,2.602153868382169,12
584,4,0.05,-18.85016105524571,,0.8432515859603882,0.7139818072319031,2.592904594179142,12
723,5,0.1,-39.1042194433172,,1.5555503368377686,1.3910818099975586,2.768151607349914,12
847,6,0.1,-52.04537163029244,,1.028016209602356,0.8532867431640625,6.604515833338143,12
461,3,0.05,21.368395828400903,,0.9175819754600524,0.6555204391479492,2.34193824347493,12
600,4,0.1,-26.415311732361605,,0.7593365907669067,0.7452614903450012,2.5217594688961684,12
724,5,0.1,-53.95304602005903,,0.3463218808174133,0.7096796035766602,3.610193452209773,12
848,6,0.1,-25.63865350280647,,0.493405818939209,0.9028626680374146,2.9175459140013373,12
462,3,0.05,4.789913485957336,,0.4066545367240906,0.3756164908409118,2.228082527744001,12
601,4,0.1,-25.490568830187783,,0.5540943145751953,0.5881587266921997,2.5692902433359617,12
725,5,0.1,-33.13785935137783,,1.0310757160186768,0.7091394066810608,3.4715762598040305,12
849,6,0.1,-69.16244751925056,,0.4308521747589111,0.7223955392837524,3.593011063139838,12
463,3,0.05,1.5260272664429309,,0.3100024461746216,0.3653015494346618,2.8772727019844915,12
602,4,0.1,29.480145418186098,,0.3714151680469513,0.5112301111221313,2.9276324745557343,12
726,5,0.1,-27.36501286887357,,1.0193016529083252,0.8431811332702637,2.494422482563465,12
850,6,0.1,36.32813350240218,,0.6806032657623291,1.1037824153900146,4.439648716041129,12
464,3,0.05,-21.079559573576592,,0.7853249311447144,0.6964548230171204,2.5885675363020817,12
603,4,0.1,-9.190322083736802,,0.2886477410793304,0.7578226327896118,4.262297475317325,12
727,5,0.1,-20.20522058544134,,0.7477198839187622,0.8927513957023621,3.503861387765356,12
851,6,0.1,-9.528899156859143,,1.3162050247192385,1.434161901473999,3.739455244596092,12
423,3,0.01,-4.375614595954051,,0.5768929719924927,0.2788656949996948,3.535932831534895,12
547,4,0.01,-29.76605096445724,,1.1291375160217283,0.9937698245048524,3.524902319702546,12
671,5,0.01,-19.616145636909778,,0.5423703193664551,0.7671912908554077,3.1442216457484533,12
810,6,0.05,-50.04826371600894,,1.2895188331604004,1.2136285305023191,2.697392328101844,12
480,3,0.1,10.984687542340705,,0.7065118551254272,0.6257747411727905,1.6970993078791723,12
604,4,0.1,-3.1032668576189137,,0.955424427986145,0.8569082021713257,2.538692884010674,12
728,5,0.1,-86.78332400296945,,0.3589892983436584,0.2321240007877349,4.302067823343157,12
852,6,0.1,-29.39241479183089,,1.2471425533294678,1.0789388418197632,3.924563043458669,12
481,3,0.1,-5.728772538116581,,0.8373241424560547,0.5654860138893127,1.9255047216618144,12
605,4,0.1,-15.198491523550626,,0.6271297931671143,0.6838588118553162,2.422593783534936,12
729,5,0.1,12.657273566920678,,0.5491135120391846,0.8094317317008972,3.5306610672182908,12
853,6,0.1,-28.91830997833552,,1.0384955406188965,1.044028401374817,2.7748171636733074,12
482,3,0.1,-3.557038532205605,,0.9058964252471924,0.7391683459281921,2.530399143007202,12
606,4,0.1,-27.860036231503933,,0.6112905740737915,0.9298690557479858,3.070836521729132,12
730,5,0.1,-67.17285898139227,,0.8742599487304688,1.1332783699035645,4.396732274794953,12
854,6,0.1,-26.73210065400279,,1.5202984809875488,1.322131872177124,2.874089085298601,12
483,3,0.1,4.107036960514779,,0.40444216132164,0.7459129095077515,1.8841438050489243,12
607,4,0.1,-12.183740340828578,,0.5896764993667603,0.7442581057548523,1.938147618805228,12
731,5,0.1,-18.969061686030443,,0.6177477836608887,0.6332651376724243,3.6822156529453154,12
870,6,0.2,-34.693294949412,,1.1224364042282104,1.1440269947052002,3.108143531669893,12
484,3,0.1,-9.95300009216142,,0.6944494247436523,0.6252085566520691,1.9088875990030325,12
608,4,0.1,5.924945353387931,,1.043694019317627,0.9584447145462036,2.3942786648211225,12
732,5,0.1,-36.76476047112881,,0.8546352982521057,0.87470942735672,3.3760954939709,12
871,6,0.2,0.935435246704639,,1.5531749725341797,1.3437011241912842,2.6134881625913278,12
485,3,0.1,-20.52226204708142,,0.6442472338676453,0.5021933317184448,2.1340453540809614,12
609,4,0.1,-0.0842488264840803,,0.5740414261817932,0.5842419862747192,1.9016852977721763,12
733,5,0.1,-36.53140813846787,,0.8181213140487671,0.9152668714523317,3.25577879659042,12
872,6,0.2,-31.49232593408417,,1.259876728057861,0.9505068063735962,3.602238516594989,12
486,3,0.1,-2.2494890599102795,,0.8218276500701904,0.5467088222503662,2.1945637620579936,12
610,4,0.1,4.907010535399368,,0.5998712778091431,0.6930614709854126,2.6954569751904653,12
734,5,0.1,19.805718872836444,,0.1132426112890243,0.4570943415164947,3.301348321939097,12
873,6,0.2,-50.45518735514644,,0.8758306503295898,0.6923738718032837,3.8260627209935016,12
487,3,0.1,-37.0087735355624,,0.8978737592697144,0.6196311116218567,2.772781558432885,12
611,4,0.1,-3.3189630707114124,,0.0271385833621025,0.461338609457016,2.672441519391795,12
750,5,0.2,-64.8943072100459,,1.1763449907302856,1.0011496543884275,3.0652120242536656,12
874,6,0.2,-3.968806191274376,,1.2328815460205078,1.2375171184539795,3.205982793467751,12
488,3,0.1,25.65230615275553,,0.4405024647712707,0.5607751607894897,2.155340568576906,12
612,4,0.1,2.082313981868797,,0.8378897905349731,0.6714452505111694,3.05561776590251,12
751,5,0.2,-19.136262533696787,,1.3936941623687744,1.151310682296753,2.636096602016695,12
875,6,0.2,-49.26458148457658,,0.7240895628929138,0.9325574636459352,3.876685986380445,12
489,3,0.1,-5.530406551054341,,0.7947908639907837,0.7454293370246887,1.7580851264063106,12
613,4,0.1,-22.6348913684337,,0.318607360124588,0.3547520935535431,3.4770543846535946,12
752,5,0.2,-8.878799685305857,,0.9001165628433228,0.7554038166999817,2.820454221431538,12
876,6,0.2,-71.87814112792898,,0.0874128639698028,0.4951932430267334,4.098421182323625,12
424,3,0.01,-4.175905001060452,,0.4855635464191437,0.4371439814567566,1.6093409465976602,12
548,4,0.01,-37.35838600844277,,0.4268335402011871,0.4622032642364502,3.5682550825639723,12
672,5,0.01,4.810311591502766,,0.3396651744842529,0.4626630842685699,3.448749165300994,12
811,6,0.05,-48.29800862013458,,1.073730230331421,1.2134382724761963,3.2701915920577824,12
490,3,0.1,-20.614923975239662,,0.54996258020401,0.5337618589401245,1.9497024480127751,12
614,4,0.1,-12.13766082906188,,1.0565502643585205,0.971823513507843,3.248220001712224,12
753,5,0.2,-27.36167081917381,,1.2056605815887451,0.9836040735244752,3.776989164017337,12
877,6,0.2,-36.88598049578116,,1.0442864894866943,1.2075985670089722,3.224805773397769,12
491,3,0.1,-13.136520272342572,,0.5752203464508057,0.5215835571289062,2.17698686940473,12
630,4,0.2,-3.558579726048665,,1.2146590948104858,0.9582425951957704,2.2452549446262933,12
754,5,0.2,-4.946768816439207,,1.4432902336120603,1.2810784578323364,3.782092946184632,12
878,6,0.2,-31.98985941612672,,0.6937482953071594,0.8105422854423523,3.039234611375192,12
492,3,0.1,0.3353985029380055,,0.4763098359107971,0.4562470316886902,1.9751951698366643,12
631,4,0.2,9.496456875600702,,1.562588453292847,1.5327646732330322,2.513352667576369,12
755,5,0.2,-34.37732560792047,,1.478039264678955,1.317463755607605,2.32394398973368,12
879,6,0.2,-34.01810499140309,,1.5467698574066162,1.4114396572113037,4.722559200048014,12
493,3,0.1,33.209975825617065,,0.4018179476261139,0.5584806799888611,3.289768621738445,12
632,4,0.2,-24.04856054825175,,0.8789286613464355,0.7343026995658875,3.028487215346056,12
756,5,0.2,-36.6631065153695,,0.7265728712081909,1.0282113552093506,4.385628166741572,12
880,6,0.2,76.14894406390464,,1.325395941734314,1.347633957862854,4.038229335480572,12
494,3,0.1,-1.6689192913019415,,0.3557106256484985,0.395416796207428,1.8134950428747,12
633,4,0.2,-15.94121826097334,,0.9471611380577089,0.8574268221855164,2.7361929107430263,12
757,5,0.2,-29.417968211109795,,1.3250656127929688,1.2721693515777588,2.430955843241671,12
881,6,0.2,-26.701955637154743,,1.1621596813201904,0.9939069747924804,5.631913615808363,12
510,3,0.2,9.530164910380307,,1.0798710584640503,0.9037656784057616,1.777580824905726,12
634,4,0.2,-5.665571274105821,,1.5540965795516968,1.3194150924682615,2.4136862170470144,12
758,5,0.2,-31.847402516207318,,1.0847043991088867,1.2080949544906616,3.307180833574293,12
882,6,0.2,-34.46401744692712,,0.7489627599716187,0.5045282244682312,5.7749887088285305,12
511,3,0.2,-3.66641372894382,,0.7151864171028137,0.7730081677436829,1.4698911595153312,12
635,4,0.2,-39.18539102422648,,0.8276486396789551,1.0338103771209717,2.578383255099395,12
759,5,0.2,-18.93721874462364,,1.5036886930465698,1.285535454750061,5.0140505491301575,12
883,6,0.2,-26.5858890924547,,1.674790859222412,1.5498985052108765,3.4408796811803004,12
512,3,0.2,-7.144697080372662,,0.952566146850586,0.8129544258117676,1.8481274197838635,12
636,4,0.2,-29.21622157395343,,0.3008500039577484,0.5405212640762329,2.9354972721458634,12
760,5,0.2,-38.9177710392795,,1.161258339881897,1.086716890335083,3.4294078631778744,12
884,6,0.2,-48.22651622007661,,0.9313016533851624,0.8726377487182617,3.827569859964978,12
513,3,0.2,-4.361976627914746,,1.2692893743515017,1.0241061449050903,1.877354460508449,12
637,4,0.2,-24.996193418222923,,1.2165133953094482,1.0897502899169922,2.3561786732742327,12
761,5,0.2,-3.4649771563151788,,0.7890866994857788,1.0259389877319336,2.964158438489294,12
514,3,0.2,-14.544124599425984,,0.644705057144165,0.7235227823257446,2.523139882107696,12
638,4,0.2,-22.997619759109075,,0.9960291385650636,0.9190860986709596,2.850625554193294,12
762,5,0.2,-19.633812002494803,,1.3760004043579102,1.0936713218688965,4.058307503871571,12
425,3,0.01,-6.077102370699984,,0.8216809034347534,0.6182407140731812,2.063146687176036,12
549,4,0.01,-11.171970873719408,,0.5959987640380859,0.7327122688293457,2.9753105416598125,12
673,5,0.01,-29.827358750792463,,0.9124436378479004,0.9579137563705444,2.7278509773057813,12
812,6,0.05,-45.10090508696406,,0.3987329304218292,0.5440995097160339,2.84019011096701,12
515,3,0.2,0.0089580823909294,,0.1239206790924072,0.4520599246025085,2.04204544405106,12
639,4,0.2,-57.772627160556176,,1.256437063217163,1.1004551649093628,2.3044919288088144,12
763,5,0.2,-28.47551290508757,,0.851563036441803,1.087323784828186,3.298433204882458,12
516,3,0.2,-35.603562663735204,,0.2321422100067138,0.3910259306430816,2.2465626928018674,12
640,4,0.2,32.54341939091398,,0.2472831755876541,1.2181951999664309,3.432579987500958,12
764,5,0.2,19.863413883002544,,0.585547924041748,0.8802722692489624,4.277896771318723,12
517,3,0.2,-2.043394187053898,,0.9037096500396729,0.7209383845329285,2.20340303326426,12
641,4,0.2,-16.067167115072312,,0.7342778444290161,0.6829198002815247,2.2793731222544498,12
780,6,0.01,-45.54654777327077,,0.8751092553138733,1.0767980813980105,3.3733482449488266,12
518,3,0.2,6.008144855297212,,0.8462110161781311,0.5813674926757812,2.5023701025584737,12
642,4,0.2,-15.484538294325528,,1.0552961826324463,0.9042364954948424,1.9368738940582828,12
781,6,0.01,2.310630032127137,,0.912787139415741,1.1096522808074951,3.8440622967194873,12
519,3,0.2,2.771940661275317,,0.538189172744751,0.5782997012138367,2.029344395994924,12
643,4,0.2,6.224275918490596,,0.8992640972137451,0.8428636789321899,2.3029352139443944,12
782,6,0.01,-86.42381835431243,,1.2360492944717407,1.0287107229232788,4.646745001475152,12
520,3,0.2,2.0196605728685517,,0.7397009134292603,0.6157940626144409,1.693817687640864,12
644,4,0.2,53.48846762686056,,0.826065182685852,0.7428062558174133,2.5605987390773564,12
783,6,0.01,-42.99969305482514,,0.1168523877859115,0.3266481161117553,3.6557673581490895,12
521,3,0.2,-2.5949241501049283,,1.2514142990112305,1.0641719102859497,1.774866828424259,12
660,5,0.01,1.9053751696081136,,0.5347132086753845,0.7463547587394714,2.584092006864779,12
784,6,0.01,-71.27016179316198,,1.2012730836868286,1.146623969078064,3.731278840601232,12
522,3,0.2,-18.867196080469053,,0.2627004384994507,0.3441701829433441,1.8885790066417851,12
661,5,0.01,2.5245450099361197,,0.6067746877670288,0.5543500781059265,3.117431414889697,12
785,6,0.01,-25.903753117337263,,0.7373759150505066,0.7557476162910461,3.110608640460016,12
523,3,0.2,-9.60260942351796,,0.6385942697525024,0.7657724022865295,1.9459874958800143,12
662,5,0.01,-1.454894501301056,,0.6917691230773926,0.9968795776367188,3.814491836421127,12
786,6,0.01,19.57578791881146,,1.0276401042938232,0.9183557629585266,2.991238973904959,12
524,3,0.2,-10.794922538515332,,0.2838848233222961,0.5279971361160278,1.749040901418625,12
663,5,0.01,2.1789181931808583,,0.6720039248466492,0.5872271656990051,3.2019283121225968,12
787,6,0.01,-45.17999519324027,,1.082435131072998,1.131763219833374,4.318663473623703,12
426,3,0.01,-3.8235642778157457,,0.4910717606544494,0.3724993467330932,1.863902322631526,12
550,4,0.01,78.43052538097425,,1.2546896934509275,1.3896048069000244,4.041688169191412,12
674,5,0.01,-25.2216018569094,,0.573266863822937,0.6731517314910889,3.2629435598603425,12
813,6,0.05,-23.29512109554493,,1.2138044834136963,1.0614521503448486,3.2737015613199483,12
540,4,0.01,0.8640063178340975,,0.3395515084266662,0.4291010797023773,1.9327427081017892,12
664,5,0.01,-20.746348774718008,,0.5161871910095215,0.724625289440155,3.222429567445344,12
788,6,0.01,27.82760591019963,,0.253612220287323,0.9185084104537964,4.098668282424017,12
541,4,0.01,-0.036623222623584,,0.2181502878665924,0.5854361057281494,2.949459351698535,12
665,5,0.01,-44.1232350861954,,0.782059907913208,0.5307664275169373,2.967104410235472,12
789,6,0.01,-43.329784414216405,,0.895587682723999,0.8715410232543945,3.9399073520399295,12
542,4,0.01,22.442617233270976,,0.1757918000221252,1.1884572505950928,2.7777545676561552,12
666,5,0.01,-37.70430429832168,,0.7188499569892883,0.6522459983825684,2.894071929229983,12
790,6,0.01,-54.921670100446896,,1.2654876708984375,1.0437853336334229,5.650036538941492,12
543,4,0.01,5.992532678039441,,1.048574924468994,1.0274512767791748,3.0209409430099985,12
667,5,0.01,-13.523752961154,,0.7312538623809814,0.9652309417724608,3.694518254853517,12
791,6,0.01,13.844805645269425,,0.5666530728340149,0.6927248239517212,3.7755540235345553,12
427,3,0.01,-41.3525179488977,,0.6615014672279358,0.5427988767623901,2.6896548710469554,12
551,4,0.01,-12.598162870506057,,0.8304022550582886,0.7320696711540222,2.694969860110135,12
690,5,0.05,19.46385767445848,,1.1177046298980713,1.236769676208496,3.765739709314936,12
814,6,0.05,-47.9480359713048,,1.025376558303833,0.894456684589386,4.198883543620729,12
428,3,0.01,-4.470633486317453,,0.6891747713088989,0.4904985427856445,1.498283259464906,12
552,4,0.01,-11.163127979587726,,0.9538288116455078,0.7417594790458679,2.2430157809556484,12
691,5,0.05,-16.171144702457998,,0.1435942500829696,0.646442711353302,3.321303604942053,12
815,6,0.05,-81.15612396422729,,1.1501386165618896,1.009314775466919,5.246335596850399,12
429,3,0.01,-16.296502183721266,,0.7099661231040955,0.6525822877883911,3.3991331492514134,12
553,4,0.01,-14.479569337189464,,0.6347609758377075,0.5210856199264526,4.077584254103954,12
692,5,0.05,-29.278471998111137,,0.3890464305877685,0.8107279539108276,3.82225828735171,12
816,6,0.05,20.366556504039107,,1.236793041229248,1.3123191595077517,6.372826001175905,12
