dim,dataset,t,ks_true,orc,orc_std,orc_phys,midpoint,midpoint_std,spread,elapsed_s
2,plane,2,0.0,0.027525593863251013,0.0,1.4459368528623562,-5.616199265076586,0.0,0.13797286592661573,1.02
2,plane,4,0.0,0.05134930713404681,0.0,1.328056653077589,-9.44754136137561,0.0,0.19663417167953584,1.19
2,plane,8,0.0,0.03491283857569359,0.0,0.448075365843781,-16.230798452683533,0.0,0.27913676831264495,1.31
2,plane,16,0.0,-0.0575569641765212,0.0,-0.36561326836484614,-14.657996448361875,0.0,0.396769212476215,1.6
2,plane,32,0.0,-0.18466872815075921,0.0,-0.6026643457210585,-4.892451567083731,0.0,0.553552644173901,1.78
2,sphere_r1.0,2,2.0,0.04581689721759735,0.04027157032140545,0.7117369600934118,-2.1573383305887335,0.8413275043772995,0.257585452640297,1.74
2,sphere_r1.0,4,2.0,0.08049687818633043,0.023413784843368795,0.5962997538736783,-1.576646935472057,0.40279539992629254,0.3667821949120833,2.62
2,sphere_r1.0,8,2.0,0.07305165474714943,0.028887449874508857,0.2732757028699217,-3.861487909828046,0.5872638241150051,0.5166461002459302,2.74
2,sphere_r1.0,16,2.0,0.09613398167401221,0.018467277181727308,0.1868806645166786,-5.072898180324021,0.6897679122784779,0.7172613623223276,3.0
2,sphere_r1.0,32,2.0,0.11237971666493794,0.022890191494045142,0.11786850751390292,-3.615401423222418,0.5882635304732533,0.9766932128510533,3.8
2,sphere_r1.5,2,0.8888888888888888,0.05324084676261872,0.042848407006318076,0.3669477885324177,-0.8538495844153331,0.2489587788781038,0.38028560660718375,1.62
2,sphere_r1.5,4,0.8888888888888888,0.04222717468668945,0.025717458389128207,0.1400194988011955,-0.5564886176619191,0.24181946642916008,0.5436252336490155,2.51
2,sphere_r1.5,8,0.8888888888888888,0.06589883652229682,0.01859086653246614,0.11140196755310541,-1.6415319971191544,0.29911773771251227,0.7680199253182646,2.68
2,sphere_r1.5,16,0.8888888888888888,0.08491107228770911,0.008362626899890653,0.07396429883687743,-2.1363333974130088,0.26680043807563253,1.0722201226402919,3.05
2,sphere_r1.5,32,0.8888888888888888,0.1079265766598486,0.02368762345705084,0.04982630732336505,-1.4549119724254056,0.24927807950576436,1.4676186201946992,2.96
2,sphere_r2.0,2,0.5,0.019335538978721103,0.027096149636177014,0.08270336112475077,-0.602584487346467,0.17337194906620987,0.4800360606616958,1.65
2,sphere_r2.0,4,0.5,0.0291159200870042,0.03945553588274597,0.06252627878526254,-0.41096498840814966,0.13224226162991762,0.694806150181888,2.39
2,sphere_r2.0,8,0.5,0.05956510329504412,0.01843303335620721,0.060036212772375266,-1.1233419010387862,0.11157043432298969,1.0002077729865695,2.6
2,sphere_r2.0,16,0.5,0.09844082000483245,0.005442204224706475,0.04900996167514805,-1.3324052515383311,0.06903217707619141,1.416823139217362,2.71
2,sphere_r2.0,32,0.5,0.09875452124726102,0.007653596153745897,0.02582358407673603,-0.8725746834715886,0.14768162605905436,1.9556108904755545,3.07
2,saddle,2,-8.0,-0.071683833593629,0.0,-3.089454031692246,-11.438200927235796,0.0,0.15232449348045574,0.82
2,saddle,4,-8.0,-0.03543710933448123,0.0,-0.7523649128086186,-8.672126373361284,0.0,0.21702755484627145,1.15
2,saddle,8,-8.0,-0.07204090031812287,0.0,-0.7348713900273279,-12.042749797080901,0.0,0.31310059718513467,1.31
2,saddle,16,-8.0,-0.12047483073068274,0.0,-0.5717682265662587,-10.362320682976918,0.0,0.459026917558684,1.44
2,saddle,32,-8.0,-0.38954039164695214,0.0,-0.8704276725677034,-1.880885872042191,0.0,0.6689750234816874,1.94
3,plane,2,0.0,-0.10530213617073939,0.0,-0.4000637163049848,-2.589442797005571,0.0,0.513043285660779,1.46
3,plane,4,0.0,-0.18590055716735748,0.0,-0.34124433334081056,-1.678555536092841,0.0,0.7380871112270477,1.77
3,plane,8,0.0,-0.0025491820289833267,0.0,-0.0026488957333373293,-1.084229025194321,0.0,0.9809977068395469,1.79
3,plane,16,0.0,-0.011344512257940184,0.0,-0.008910592108114526,-0.5550412349983441,0.0,1.1283390858728368,1.59
3,plane,32,0.0,0.0926695901568047,0.0,0.06872886586465207,-0.1914276435123185,0.0,1.161178624223386,1.86
3,sphere_r1.0,2,6.0,0.10618109148030673,0.020379447071926123,0.2272360803656105,-1.074754501170349,0.24054825287194134,0.6863449218538797,2.55
3,sphere_r1.0,4,6.0,0.1738682068445451,0.026684003874699425,0.1922236971194555,-2.6757736406098367,0.21646503038966186,0.9504869759713656,2.74
3,sphere_r1.0,8,6.0,0.2279246082194701,0.026066756518076228,0.14182536152748754,-1.8351336319683953,0.05917878979253016,1.266645759850832,2.98
3,sphere_r1.0,16,6.0,0.26347249078488666,0.014011572306637323,0.10596149108162188,-0.3695859460811096,0.10242010569057529,1.5768928511230518,3.2
3,sphere_r1.0,32,6.0,0.3326285874396272,0.01811150970917127,0.10740194852759753,-0.016116048029829366,0.004274389007212061,1.7602136978476368,3.35
3,sphere_r1.5,2,2.6666666666666665,0.16311159337691616,0.021838956375253894,0.14230808033408887,-0.738717150886367,0.12367084455042954,1.070309640389207,2.72
3,sphere_r1.5,4,2.6666666666666665,0.18682895345876044,0.011096249113298342,0.08816803111265478,-1.304464509716908,0.224197229015633,1.4575735892974246,2.88
3,sphere_r1.5,8,2.6666666666666665,0.22833440887290207,0.021596023529523257,0.06114923765522445,-0.7089124610527991,0.1332701123043057,1.9298527116411277,2.94
3,sphere_r1.5,16,2.6666666666666665,0.24213106595935124,0.023477115707606213,0.042346486950146256,-0.14717083811903653,0.004571027807436221,2.38899903041661,3.45
3,sphere_r1.5,32,2.6666666666666665,0.2779406721650408,0.07302849185986779,0.039665074666861616,-0.003257888175824303,0.0009850690850941757,2.6463226692123287,3.32
3,sphere_r2.0,2,1.5,0.1487483985050438,0.04198269468054213,0.07243543589870992,-0.4943328095771005,0.11985623014085453,1.419780797824413,2.69
3,sphere_r2.0,4,1.5,0.18270517537649222,0.041171251139556726,0.047902174291541665,-0.7197275047216786,0.06943797884004566,1.944151295786459,3.02
3,sphere_r2.0,8,1.5,0.2264210477428559,0.022917171200100325,0.03404836296779124,-0.3686618356363791,0.0558094209974462,2.5765787605713544,3.14
3,sphere_r2.0,16,1.5,0.22954192087506303,0.022581344729241202,0.022633235888765774,-0.061050531030832064,0.013067394326760429,3.1840594703029463,3.3
3,sphere_r2.0,32,1.5,0.3249189588671331,0.07694083849261894,0.026296647133119903,-0.00266092289561316,0.0015533040882955444,3.516359777941017,3.1
3,saddle,2,-8.0,-0.13833632489439543,0.0,-0.33624235345271286,-2.587682288689571,0.0,0.6414191302074096,1.39
3,saddle,4,-8.0,-0.1619048666623638,0.0,-0.19779343253955506,-1.1547205960833076,0.0,0.9047404716222134,1.63
3,saddle,8,-8.0,-0.011392752217409846,0.0,-0.008121217865708345,-0.5561697633712113,0.0,1.18441458119711,2.15
3,saddle,16,-8.0,-0.2557215095160254,0.0,-0.1391744285906063,-0.23635010193036765,0.0,1.3555136842482853,1.5
3,saddle,32,-8.0,0.14381045589718133,0.0,0.07172038641535047,-0.14902804312249762,0.0,1.4160347822941246,1.64
