seed,T,N,gamma,temperature,mean_kl,pearson_entropy_vs_ks,spearman_entropy_vs_ks,pearson_entropy_hat_vs_real,err
0,20,10,0.2,0.1,14.237224450597536,0.17601090251261864,0.2316241899060475,0.07321678363768477,
0,20,10,0.2,0.3,6.403988367023375,0.13045532176234584,0.1779551560555222,0.04978251386481411,
0,20,10,0.2,0.5,4.758155197324436,0.07924845421572296,0.11972607893151972,0.03441527534155972,
0,20,10,0.2,1.0,3.846267243776483,-0.010066668500769524,-0.004820158206847111,-0.008292883637358618,
0,20,10,0.2,2.0,3.823038760876705,-0.13910306449212376,-0.15789951947487985,-0.09430581527972948,
0,20,10,0.2,5.0,4.6556858591951205,-0.14149200424561112,-0.13729907687625637,-0.12681085094835376,
0,20,10,0.5,0.1,16.81884897240974,0.14583848984317066,0.19247512219095872,0.09814520705809915,
0,20,10,0.5,0.3,8.290160308612888,0.13725815087559246,0.1894026248506562,0.09536508477287604,
0,20,10,0.5,0.5,5.454591040860193,0.10367538435466714,0.1515106323776581,0.08729470421030239,
0,20,10,0.5,1.0,3.3484972586146915,0.03793803497585339,0.0679134259783565,0.07087610033728414,
0,20,10,0.5,2.0,2.60035456283188,-0.06452757418051966,-0.07432752508188126,0.025868919755515148,
0,20,10,0.5,5.0,2.8951961033615063,-0.19872610321730216,-0.21007979792750933,-0.061573777379617826,
0,20,10,0.8,0.1,19.192531662248633,0.11405275913232253,0.15356373089093273,0.07931912058383711,
0,20,10,0.8,0.3,13.010168198207536,0.1397755364644759,0.19394465448616363,0.1013376638624783,
0,20,10,0.8,0.5,9.333444786464035,0.13549967920845563,0.18819327354831838,0.11354371526953035,
0,20,10,0.8,1.0,5.232019552624108,0.09553613827729579,0.1464347331086833,0.12012744592307018,
0,20,10,0.8,2.0,2.6178382515620005,0.0170258041324035,0.04289263372315843,0.09981358007036176,
0,20,10,0.8,5.0,1.4270489875962367,-0.17266116138129065,-0.18910068834608484,-0.003628619896567046,
0,20,10,0.9,0.1,19.690402481900353,0.10800597803981526,0.1440000075000019,0.1028886890430404,
0,20,10,0.9,0.3,15.330598913032652,0.13768940598491414,0.19282718720679679,0.1284578133102417,
0,20,10,0.9,0.5,12.156077629867333,0.13882561959194023,0.20070057967514493,0.13634838463047128,
0,20,10,0.9,1.0,7.69050870807821,0.11337045844358797,0.17067206616801653,0.1360400764588085,
0,20,10,0.9,2.0,3.898922147136266,0.04537279560203254,0.07829971807492951,0.10773560522215886,
0,20,10,0.9,5.0,1.2663894118275438,-0.12733860475587055,-0.14746939136734782,-0.004967443556206651,
0,20,20,0.2,0.1,6.471944623073697,0.3027960570712851,0.38117127979281995,0.1135614303853623,
0,20,20,0.2,0.3,3.3249248260284903,0.2554981288294312,0.3409969392492348,0.1181217854938288,
0,20,20,0.2,0.5,2.793574901155261,0.18276402646010384,0.2605710494904765,0.10009995011068856,
0,20,20,0.2,1.0,2.6558490033044984,0.041166937159782285,0.08571145692786422,0.04213394878092382,
0,20,20,0.2,2.0,2.956757026477853,-0.20496130359278503,-0.2465360027264517,-0.03913469524988303,
0,20,20,0.2,5.0,4.036940281837789,-0.2322974674061511,-0.26441948215234246,-0.056663696564049494,
0,20,20,0.5,0.1,10.874152310732399,0.2541157735781773,0.3199184210995747,0.05848746893996617,
0,20,20,0.5,0.3,5.294930688055515,0.26548299409531906,0.3444604821151205,0.07277614564847461,
0,20,20,0.5,0.5,3.577669215669156,0.21857579770127492,0.2920461543710559,0.061363723496726606,
0,20,20,0.5,1.0,2.2393855794220867,0.10460464161404456,0.15607694551923637,0.02249638410347134,
0,20,20,0.5,2.0,1.7947804497207085,-0.07450779898056115,-0.03969564092391023,-0.036442941481483186,
0,20,20,0.5,5.0,2.22251200263345,-0.2532353657432249,-0.2994545009759207,-0.05587183869060188,
0,20,20,0.8,0.1,16.944590701668655,0.1852185493071389,0.21859086514771628,0.062220790819380145,
0,20,20,0.8,0.3,11.336032821008406,0.2494335688405316,0.3184526746131687,0.09379456039409786,
0,20,20,0.8,0.5,8.47710927187121,0.259717313954092,0.33165157841289455,0.10503721979022519,
0,20,20,0.8,1.0,5.005742476779918,0.2040523753382865,0.2735066663766666,0.08666736131948159,
0,20,20,0.8,2.0,2.4268075754433767,0.06868190928263289,0.12198148849537215,0.02482012496169831,
0,20,20,0.8,5.0,0.9918848483374061,-0.2164736403897827,-0.26223579855894963,-0.10669932107264124,
0,20,20,0.9,0.1,18.603313419976526,0.19238268136764042,0.22140006735001685,0.1091851311232182,
0,20,20,0.9,0.3,14.498681234892759,0.2398641841717677,0.3108278307069577,0.14307649250785634,
0,20,20,0.9,0.5,11.958572639824546,0.2549400119800238,0.3255039783759946,0.16001109314966122,
0,20,20,0.9,1.0,8.230592678903857,0.22443216723640166,0.2941321845330461,0.15000726303368528,
0,20,20,0.9,2.0,4.534277503462139,0.11043104398133653,0.16933798233449557,0.07806326094186511,
0,20,20,0.9,5.0,1.2165596979628681,-0.1559084374658898,-0.17601873357069042,-0.10598702254526653,
0,20,50,0.2,0.1,3.34268634338328,0.35191527891842656,0.4242309340577335,0.09503885604340917,
0,20,50,0.2,0.3,2.1826678733472074,0.33145086267729496,0.40319278979819745,0.13729583080765728,
0,20,50,0.2,0.5,2.090129996138042,0.2693651113611072,0.3308187700787496,0.13834282319073593,
0,20,50,0.2,1.0,2.274056965060643,0.09777500474105782,0.12341655544670127,0.06568512866236603,
0,20,50,0.2,2.0,2.7196712673258387,-0.2716083428010749,-0.31122089975547196,-0.06727495078295555,
0,20,50,0.2,5.0,3.8892775943309226,-0.28024630024425434,-0.3545468532855785,-0.06696143871604981,
0,20,50,0.5,0.1,7.548043306863325,0.30538763296030114,0.36701340775335195,0.002424657072727307,
0,20,50,0.5,0.3,3.8348124883360306,0.3434738023457248,0.41612802175014946,0.07408269539579974,
0,20,50,0.5,0.5,2.6835876539128805,0.3092532904694997,0.3795871608967902,0.09316511262810322,
0,20,50,0.5,1.0,1.7707295230237383,0.19458058235843076,0.24132701976275017,0.08058581850398816,
0,20,50,0.5,2.0,1.5278115612485665,-0.05273949393267391,-0.05527481661016027,-0.022395321789826207,
0,20,50,0.5,5.0,2.0530992564522417,-0.30437990011098404,-0.4016855657226556,-0.06378135544648857,
0,20,50,0.8,0.1,14.552412301802677,0.1856218874434483,0.224295548073887,-0.0044865583976490455,
0,20,50,0.8,0.3,9.74394550652057,0.29363104244979144,0.35262597265649315,0.06770932140688946,
0,20,50,0.8,0.5,7.391447364026893,0.3128374160619326,0.3784564906141227,0.10186765146540412,
0,20,50,0.8,1.0,4.466774743892045,0.2680185516709848,0.3310960262740065,0.10242132911630816,
0,20,50,0.8,2.0,2.1644818533037378,0.11714885809003273,0.14196617799154448,0.04399447636799743,
0,20,50,0.8,5.0,0.8490439820195934,-0.26906940452312467,-0.35618519754629935,-0.1265885311609972,
0,20,50,0.9,0.1,17.217824457803538,0.14280951981904833,0.17336707034176757,0.02740546598901981,
0,20,50,0.9,0.3,13.353201375279086,0.2583606773774891,0.3112293433073358,0.11064854818910687,
0,20,50,0.9,0.5,11.122484670560336,0.29419994927027804,0.35578138032876305,0.151832478235238,
0,20,50,0.9,1.0,7.827010223376312,0.2739820256245078,0.3368790505960923,0.15406077972094592,
0,20,50,0.9,2.0,4.411643432093035,0.15483307711618663,0.1857751064437766,0.08401383065912135,
0,20,50,0.9,5.0,1.1395077070082233,-0.2126629564937964,-0.2610455791092869,-0.14496587260916843,
0,20,100,0.2,0.1,2.727891470662527,0.3914423936455278,0.45357929939482483,0.1047601161782735,
0,20,100,0.2,0.3,1.937473953122271,0.38715204026108974,0.4637692699423174,0.16019592873629532,
0,20,100,0.2,0.5,1.9235175971819651,0.33431006856912604,0.4114601245193287,0.17352715898115503,
0,20,100,0.2,1.0,2.1659896650575647,0.17872569973719876,0.22291152256147248,0.10297852767502653,
0,20,100,0.2,2.0,2.6302035917614894,-0.12070931196495117,-0.12872376537402697,-0.09311554408140324,
0,20,100,0.2,5.0,3.796077517081941,-0.2216800025740086,-0.31018603927914934,-0.1231221163046193,
0,20,100,0.5,0.1,7.136634094274407,0.35244304051294223,0.4155066753766688,0.022852154304741207,
0,20,100,0.5,0.3,3.7588046796041055,0.40266463389886265,0.472085263948348,0.05859862306286599,
0,20,100,0.5,0.5,2.6472305570161243,0.3882662414771064,0.4582991705747926,0.09908712659536817,
0,20,100,0.5,1.0,1.726980782770079,0.29714120107912734,0.35778924844731214,0.14224238243887305,
0,20,100,0.5,2.0,1.4466809657802824,0.07561325998606178,0.08267051444863006,0.09498345434600829,
0,20,100,0.5,5.0,1.8917825562772634,-0.20325971022958256,-0.3340591857653408,-0.07867769190064455,
0,20,100,0.8,0.1,14.8997117721945,0.26272744172661966,0.29259446514861626,0.06973830538416292,
0,20,100,0.8,0.3,10.724712277815367,0.3428936498901183,0.39254498913624725,0.10220528366424592,
0,20,100,0.8,0.5,8.49359004034967,0.37175630029113926,0.42581882695470674,0.12537893834716152,
0,20,100,0.8,1.0,5.544238453182599,0.3690595429865815,0.42133933683483415,0.16140807905682716,
0,20,100,0.8,2.0,3.0036836837464453,0.26473165314815017,0.30036689420436113,0.17500915322474891,
0,20,100,0.8,5.0,1.0111970232513852,-0.0976602162594609,-0.13140231519913054,0.06389264311602114,
0,20,100,0.9,0.1,17.894895889100493,0.21911492844332459,0.23852198063049512,0.12284461566139429,
0,20,100,0.9,0.3,14.724973481350414,0.31155653946198436,0.3493634148408537,0.18400634905093316,
0,20,100,0.9,0.5,12.780663723123387,0.3554863276699418,0.39744325236081307,0.21739633643873826,
0,20,100,0.9,1.0,9.764750384229748,0.3838797408487328,0.43279131469782867,0.2530517663671821,
0,20,100,0.9,2.0,6.489424305045566,0.3223510005583884,0.36351790451579535,0.24174522300292284,
0,20,100,0.9,5.0,2.1903964265315112,0.009475691874504947,0.009865141723684287,0.09068390116928632,
0,50,10,0.2,0.1,5.214448095182799,0.208546662880021,0.23888115730986975,0.11719535311905328,
0,50,10,0.2,0.3,2.8205962191802136,0.21654841130008745,0.24753693338423333,0.11452156243473179,
0,50,10,0.2,0.5,2.494879423455692,0.1737677107226451,0.19545194868628166,0.09323985743261959,
0,50,10,0.2,1.0,2.5240261465375933,0.0682270728071282,0.07034970858742715,0.028830975579914885,
0,50,10,0.2,2.0,2.9141682859810802,-0.06972911544579861,-0.11878943819735953,-0.06512529233149059,
0,50,10,0.2,5.0,4.04297634028946,-0.14584206174908868,-0.17038182809545702,-0.08430707745410555,
0,50,10,0.5,0.1,10.16189790560913,0.20281433965038084,0.22173644243411064,0.0677788959889368,
0,50,10,0.5,0.3,4.847519431862931,0.22507619816668117,0.26284451071112763,0.09820798090381833,
0,50,10,0.5,0.5,3.294796152809402,0.20229444744835973,0.23917560729390183,0.10752888372724813,
0,50,10,0.5,1.0,2.1027675674107758,0.11992400550012033,0.13737173689444862,0.09782968411924442,
0,50,10,0.5,2.0,1.7508084571909925,-0.0014179293843949482,-0.020137133791834873,0.03914924738651185,
0,50,10,0.5,5.0,2.241425758750128,-0.14479107327676102,-0.19412318903079726,-0.12711319115538922,
0,50,10,0.8,0.1,16.47422923475718,0.16333014271276386,0.1704708636177159,0.058889859655870055,
0,50,10,0.8,0.3,10.847400799421285,0.19330545879778346,0.2098955984738996,0.10766930310287225,
0,50,10,0.8,0.5,8.054394458540362,0.19378548455826305,0.21208561702140424,0.11726214693261451,
0,50,10,0.8,1.0,4.730390218617925,0.1621366368229893,0.1779001585417522,0.11419261535587008,
0,50,10,0.8,2.0,2.2832120104592324,0.075790792191013,0.06846991711747928,0.08661147936537111,
0,50,10,0.8,5.0,0.9784783408609692,-0.0745444005216829,-0.1518364512660515,-0.03950437650706655,
0,50,10,0.9,0.1,18.329730253644893,0.1301218302316448,0.13877217169304293,0.0671920848814464,
0,50,10,0.9,0.3,14.102624612211784,0.18114863993998248,0.18962377447705256,0.12465511583596821,
0,50,10,0.9,0.5,11.555365551406139,0.19088262021841956,0.2004267734318534,0.13876074518591947,
0,50,10,0.9,1.0,7.886405947558252,0.17387019013141553,0.18574426050571924,0.13357389290601632,
0,50,10,0.9,2.0,4.291573100761396,0.10288094903035783,0.10002889450722362,0.09507011589855811,
0,50,10,0.9,5.0,1.1540971324926423,-0.0458016247979459,-0.11580583395145848,-0.019699657397886525,
0,50,20,0.2,0.1,3.226192379776841,0.23876774905201642,0.30202841300710326,0.09817438837961032,
0,50,20,0.2,0.3,2.1824348084626197,0.2025936779308664,0.26228148107037025,0.11525109753328588,
0,50,20,0.2,0.5,2.1243236591852757,0.1461680543060249,0.18743715335928832,0.10419017187138466,
0,50,20,0.2,1.0,2.337429200337791,0.007010251299588684,0.019690341422585356,0.038647582761697,
0,50,20,0.2,2.0,2.794665468371725,-0.21845464254899238,-0.27933449964787627,-0.09949027000993818,
0,50,20,0.2,5.0,3.946580682695193,-0.20961481253800546,-0.28420210490710207,-0.08558285428017165,
0,50,20,0.5,0.1,7.273058275674977,0.20447341110558975,0.26046897511724376,0.0409527855588017,
0,50,20,0.5,0.3,3.6890773879976204,0.21210745339732423,0.27439380945135006,0.09405115988232875,
0,50,20,0.5,0.5,2.6062813529081557,0.1857332399901137,0.2361251795312949,0.12078515301769738,
0,50,20,0.5,1.0,1.7660509677349847,0.09111437863008484,0.11495154328099266,0.1351200590535153,
0,50,20,0.5,2.0,1.570246362797096,-0.09838507028723889,-0.11988449626608075,0.0733406225525953,
0,50,20,0.5,5.0,2.1118729418213706,-0.23893265618359177,-0.3591784077946019,-0.11278648456641369,
0,50,20,0.8,0.1,14.390258020798944,0.11791263881370753,0.1367016716754179,0.00290609961186903,
0,50,20,0.8,0.3,9.430965007675326,0.17137226015450474,0.2143364501644887,0.05807368604164723,
0,50,20,0.8,0.5,7.093144371439669,0.1870743451470543,0.22590997147749287,0.09318962564101513,
0,50,20,0.8,1.0,4.243782983823248,0.16687453957205345,0.1890301095784137,0.13527662400628734,
0,50,20,0.8,2.0,2.05317701498805,0.052539940878954944,0.06318337506953754,0.14325158871369564,
0,50,20,0.8,5.0,0.8590102074040469,-0.22013664759573118,-0.3110520253796509,-0.008469215349070816,
0,50,20,0.9,0.1,17.24490533833741,0.11196906807990993,0.1270557827639457,0.052834658094458094,
0,50,20,0.9,0.3,13.144425843522068,0.16196775052661433,0.19804988251247058,0.0971184068373488,
0,50,20,0.9,0.5,10.84839906924685,0.18017469138080178,0.2163540375885094,0.12155155011613616,
0,50,20,0.9,1.0,7.529437875982267,0.18085350164155295,0.2106601951650488,0.14998651278204184,
0,50,20,0.9,2.0,4.171542163940301,0.10307640921851946,0.12182912604865334,0.13697083884722122,
0,50,20,0.9,5.0,1.0822329704973557,-0.16637074188225756,-0.2329744782436195,-0.022543952291515058,
0,50,50,0.2,0.1,2.5545478647220623,0.18869716217942603,0.32263792465948116,0.06958864110124581,
0,50,50,0.2,0.3,1.824317425865125,0.235567284394896,0.38281532520383127,0.13625002576057368,
0,50,50,0.2,0.5,1.834889528974193,0.2494846020120405,0.359962619990655,0.1661732998677924,
0,50,50,0.2,1.0,2.1191592405264075,0.18824326840434358,0.1994590580143588,0.13010314152970165,
0,50,50,0.2,2.0,2.615464285365761,0.02817486055008972,-0.1129177557294389,-0.03550895399613398,
0,50,50,0.2,5.0,3.813436375393747,-0.027700066048098087,-0.18534082415470884,-0.11630999567308437,
0,50,50,0.5,0.1,6.843961940692638,0.169335090989302,0.2691743241445214,-0.0984808603243448,
0,50,50,0.5,0.3,3.5673714629305753,0.19876871373896998,0.35640572548508354,-0.033204517645826985,
0,50,50,0.5,0.5,2.467337015053239,0.22048074254843092,0.3751073407768352,0.02500772877284712,
0,50,50,0.5,1.0,1.5865705659567346,0.24254212613751802,0.31295134385519274,0.13566934414759205,
0,50,50,0.5,2.0,1.370947414403633,0.16196529846608218,0.1141640836694555,0.16031518005893036,
0,50,50,0.5,5.0,1.8758901336450176,0.0186259885224047,-0.19986783511685965,0.045540911168831376,
0,50,50,0.8,0.1,14.769930801778601,0.13948106264482518,0.17018569704642425,-0.03966243653868557,
0,50,50,0.8,0.3,10.737591424758879,0.18789536804713125,0.3030019501141133,-0.0441037573689489,
0,50,50,0.8,0.5,8.538429649677255,0.21578453987112306,0.34930514582628647,-0.02392757768913152,
0,50,50,0.8,1.0,5.580368938512906,0.2652149664098291,0.36607994715726677,0.05348786434566101,
0,50,50,0.8,2.0,3.006021912531759,0.26956602977469,0.30476300219075053,0.16259120947053018,
0,50,50,0.8,5.0,0.9963090014346175,0.07490406335668524,-0.054054870783988275,0.17274148456586003,
0,50,50,0.9,0.1,17.972790138674856,0.12215529285996432,0.14209489805658038,0.03756903873155168,
0,50,50,0.9,0.3,14.935083640723555,0.17658149035566145,0.2394824608706152,0.05519758398061428,
0,50,50,0.9,0.5,13.04736969831858,0.21209771821998868,0.3064872616218154,0.07050611169381348,
0,50,50,0.9,1.0,10.081054402861042,0.2635980765700968,0.3496872613029481,0.11867243322231052,
0,50,50,0.9,2.0,6.822171396503071,0.2801047712847558,0.3223307494535614,0.17588236901192178,
0,50,50,0.9,5.0,2.444158263393202,0.1086625287718022,0.07039199515079278,0.13228281509634335,
0,50,100,0.2,0.1,2.2575671556638546,0.006332334655856371,0.13161306740326684,0.06628695339984138,
0,50,100,0.2,0.3,1.5516187014366856,0.02100949212661112,0.2127716271929068,0.11977985079817097,
0,50,100,0.2,0.5,1.5979799519807225,0.04888995111363183,0.2506034156508539,0.15243971108672785,
0,50,100,0.2,1.0,1.940429052229691,0.10714521203698911,0.21737184784296193,0.133767493125944,
0,50,100,0.2,2.0,2.4906907950714396,0.30440283877043317,0.1648215217671885,-0.0048374527749022005,
0,50,100,0.2,5.0,3.7340483836211775,0.3157462220385869,0.07500184125046032,-0.08037295631389371,
0,50,100,0.5,0.1,6.636904120639972,0.052837442328237644,0.1506626656656664,-0.20617571818879787,
0,50,100,0.5,0.3,3.2997713617287365,0.06355004548615617,0.22437098242688475,-0.1551651820489215,
0,50,100,0.5,0.5,2.1814296065093224,0.09204320175636074,0.2773209468302367,-0.07606221873509089,
0,50,100,0.5,1.0,1.3351541326524499,0.1514605508094621,0.3188868587217147,0.06446293367452273,
0,50,100,0.5,2.0,1.187952023854189,0.2881783164588143,0.2937855089463772,0.18186994875705925,
0,50,100,0.5,5.0,1.75641757944131,0.4069134808721876,0.08470908249080243,0.15840990567262792,
0,50,100,0.8,0.1,14.635109132820974,0.14990069011881413,0.183656451232984,-0.08925058047044415,
0,50,100,0.8,0.3,10.88574627884804,0.18057140194413404,0.2935220743805186,-0.10536672049493569,
0,50,100,0.8,0.5,8.677252781790168,0.20734310297595002,0.3522697825674457,-0.08396336716387037,
0,50,100,0.8,1.0,5.639902171933409,0.2944654603433204,0.44704390876097716,0.013127094978572257,
0,50,100,0.8,2.0,2.966201808607244,0.40892191803883715,0.5013417767734474,0.19710812455842663,
0,50,100,0.8,5.0,0.8994819939860859,0.44613652788176483,0.33749380237345056,0.41095054963009847,
0,50,100,0.9,0.1,17.986657482249814,0.14775113163743042,0.14132918633229657,0.04290603676083262,
0,50,100,0.9,0.3,15.353058023079903,0.20531214979614787,0.27739705084926275,0.05667455123630083,
0,50,100,0.9,0.5,13.5992249878744,0.2395549768989966,0.3447055896763974,0.07617116346322853,
0,50,100,0.9,1.0,10.72075823693958,0.32850135035834327,0.44384247896061974,0.15190409471506114,
0,50,100,0.9,2.0,7.435142290206802,0.43238251004603084,0.540051888012972,0.278261234444519,
0,50,100,0.9,5.0,2.9032771031781452,0.4961454528268831,0.4862266260566565,0.4542909861591014,
1,20,10,0.2,0.1,9.17162580060145,0.18227821434028113,0.2079264699816175,0.08845271439917132,
1,20,10,0.2,0.3,4.349026826911905,0.19015622088896117,0.20226668656667166,0.06869812802442848,
1,20,10,0.2,0.5,3.457712002659332,0.1631295152842825,0.1645717656429414,0.043482042041014204,
1,20,10,0.2,1.0,3.066015213624837,0.07776686915780645,0.05960859140214784,0.008969648729331604,
1,20,10,0.2,2.0,3.24670668182409,-0.1164538134054009,-0.15611300102825024,-0.020511368129974075,
1,20,10,0.2,5.0,4.2226919924447195,-0.2188769608757744,-0.27689506543143766,-0.06470971819508367,
1,20,10,0.5,0.1,13.082854891574181,0.19767573129055482,0.22813314153328537,0.050316026029750216,
1,20,10,0.5,0.3,6.3793107161869465,0.21165080432906697,0.23974969493742374,0.06654895606340408,
1,20,10,0.5,0.5,4.274801595308012,0.19782845377596897,0.21907767676941917,0.05885360042325744,
1,20,10,0.5,1.0,2.641289751118141,0.140449579778628,0.13721552980388246,0.02530746632129345,
1,20,10,0.5,2.0,2.07808905013653,0.015923948163868662,-0.013476921374284188,-0.02378734169119498,
1,20,10,0.5,5.0,2.446456832216538,-0.2225114768034822,-0.27000064050016015,-0.09327268962776283,
1,20,10,0.8,0.1,17.866669571622094,0.16152010800008912,0.1988395952098988,0.042839636324767595,
1,20,10,0.8,0.3,12.020057807842564,0.1861361562645119,0.20931556865738551,0.07018291923971261,
1,20,10,0.8,0.5,8.916119736538658,0.19109231069554722,0.20980615495153873,0.07531754166138332,
1,20,10,0.8,1.0,5.1769791487175825,0.18199862679188472,0.18757374639343657,0.06737407534667096,
1,20,10,0.8,2.0,2.499096335587854,0.11701645670750971,0.09948588687147172,0.03060715669372761,
1,20,10,0.8,5.0,1.1231485381900925,-0.0999322446176039,-0.13359508539877135,-0.07774894786355878,
1,20,10,0.9,0.1,19.03449194250778,0.15536555025020485,0.1894478888619722,0.08300545792028921,
1,20,10,0.9,0.3,14.727572320792333,0.16748322004411526,0.1891740307935077,0.09558035198613819,
1,20,10,0.9,0.5,11.977757809299414,0.1776027100754155,0.1930924592731148,0.10405896591284328,
1,20,10,0.9,1.0,8.029065950428754,0.18526409716261377,0.1914573726861397,0.1081197679458327,
1,20,10,0.9,2.0,4.253393755988025,0.14359739299600194,0.13099422574855643,0.07874069392729688,
1,20,10,0.9,5.0,1.1889763416105477,-0.02429283366108372,-0.06228251757062939,-0.0337790079063848,
1,20,20,0.2,0.1,6.198921726402467,0.19229189050729997,0.24280892479328453,0.12089872304967239,
1,20,20,0.2,0.3,3.181657202796415,0.24709952140817532,0.30479312519828133,0.12569791286228865,
1,20,20,0.2,0.5,2.724536328461737,0.23546188521675815,0.29207426201856546,0.10099727299408591,
1,20,20,0.2,1.0,2.6635400231465685,0.15395825819835407,0.20226348414171988,0.040922303167706967,
1,20,20,0.2,2.0,3.0066870976878377,-0.016179496921329164,-0.039106266776566694,-0.030876629157693986,
1,20,20,0.2,5.0,4.091722807456805,-0.19240151461668203,-0.27616925789587793,-0.1063504272499964,
1,20,20,0.5,0.1,10.774968781139636,0.1829507932178931,0.23911505086843088,0.08847419674782775,
1,20,20,0.5,0.3,5.270717553644128,0.23507675399315991,0.2963456885864222,0.14360542555216932,
1,20,20,0.5,0.5,3.5502329567803965,0.2524766585705681,0.3053340148335037,0.15058077134767905,
1,20,20,0.5,1.0,2.24135803939869,0.2082503668737886,0.2544448942066404,0.12952332890861146,
1,20,20,0.5,2.0,1.8379477055680453,0.08824942190882337,0.11315090387258915,0.07534558855005109,
1,20,20,0.5,5.0,2.282241652580556,-0.17760564183929684,-0.2658422419605605,-0.08592249209570255,
1,20,20,0.8,0.1,16.89249352731326,0.13466554734456604,0.16962184090546023,0.08429704094488366,
1,20,20,0.8,0.3,11.244109558947402,0.20011961857067617,0.27000257700064423,0.13243782664591525,
1,20,20,0.8,0.5,8.382474655848455,0.23906424757561176,0.3071353292838323,0.16626565532294396,
1,20,20,0.8,1.0,4.928785403950604,0.2628393119550191,0.31503309375827343,0.21011217069866225,
1,20,20,0.8,2.0,2.404016040204772,0.1966867559882973,0.23317479279369815,0.19969801080936694,
1,20,20,0.8,5.0,1.0327553811927517,-0.036604240632915244,-0.08391282897820725,0.06659408748656717,
1,20,20,0.9,0.1,18.649164566309757,0.10757084875961218,0.1354004393501098,0.0824611633420634,
1,20,20,0.9,0.3,14.396399379269816,0.17518368520089067,0.24569109292277325,0.13547266702343894,
1,20,20,0.9,0.5,11.837075783497621,0.22276513886971072,0.30458120664530164,0.17592053775239488,
1,20,20,0.9,1.0,8.104628940792237,0.27316391092667774,0.34194054598513646,0.23687239783573,
1,20,20,0.9,2.0,4.463984161500147,0.23887712143724688,0.28214555864219426,0.23961979172507253,
1,20,20,0.9,5.0,1.2442096746000801,0.03834255674265882,0.021687389421847357,0.11250648399835847,
1,20,50,0.2,0.1,3.053358594035197,0.3534002931448775,0.4342965335741334,0.07348632809108974,
1,20,50,0.2,0.3,2.0779663436447735,0.3474891685670778,0.44350025087506273,0.11456130409197107,
1,20,50,0.2,0.5,2.02923794451333,0.3014230077363763,0.39810399892528875,0.12934002224016988,
1,20,50,0.2,1.0,2.2453363652197043,0.16525315774305135,0.24583588814334895,0.09517939305739959,
1,20,50,0.2,2.0,2.700087945491663,-0.11955947250557526,-0.12929531332382832,-0.014340217278569265,
1,20,50,0.2,5.0,3.8677962127178884,-0.22839507243063406,-0.30616067254016816,-0.06321196840391971,
1,20,50,0.5,0.1,7.206056166665347,0.3111682897586262,0.3765677456419364,0.0355121550654456,
1,20,50,0.5,0.3,3.715919758413323,0.3445355923139552,0.43106822226705555,0.055799856048968026,
1,20,50,0.5,0.5,2.6206784465850155,0.32561958304528704,0.41602470966218674,0.08966513552194458,
1,20,50,0.5,1.0,1.752635849326486,0.2399490787970635,0.32155831438957855,0.1290569480823821,
1,20,50,0.5,2.0,1.5209291490528218,0.03953680469376821,0.07897677027380887,0.095111360147383,
1,20,50,0.5,5.0,2.0313039222349465,-0.2404402259893299,-0.31743712884736003,-0.09303216355325641,
1,20,50,0.8,0.1,14.403736933627824,0.23756629416431735,0.27770485992621496,0.08083038974386808,
1,20,50,0.8,0.3,9.721124948186512,0.30226955091865215,0.3741072974171146,0.11650996207320288,
1,20,50,0.8,0.5,7.43332093054616,0.31698736865095,0.3899988638959656,0.13649018963503054,
1,20,50,0.8,1.0,4.55631516791609,0.2961774809468737,0.3747503273281132,0.16463165981667688,
1,20,50,0.8,2.0,2.2564688225798593,0.18701625835514477,0.2503027609195538,0.16704171866410283,
1,20,50,0.8,5.0,0.8702946384410735,-0.1440871943456078,-0.17177256694314175,0.009945505576433705,
1,20,50,0.9,0.1,17.18713191226419,0.19707594185959662,0.21823961239174297,0.11580549158344626,
1,20,50,0.9,0.3,13.409443732778767,0.2644567882396356,0.33183807645951907,0.1669349255846383,
1,20,50,0.9,0.5,11.238038469568316,0.2924602886747739,0.3626425956606489,0.19428421859617157,
1,20,50,0.9,1.0,8.008012775850696,0.3009252089717436,0.3772958383239596,0.2226621449908781,
1,20,50,0.9,2.0,4.642954462307343,0.22992603756981375,0.2933654624513777,0.20953025978329587,
1,20,50,0.9,5.0,1.2393752898020247,-0.06387502875371516,-0.07175701274307093,0.03596431661325296,
1,20,100,0.2,0.1,2.6407070916023714,0.3168538035380503,0.42330272332568075,0.1110458374660837,
1,20,100,0.2,0.3,1.8968741956870354,0.3331869712503719,0.44381782195445546,0.13943799834454862,
1,20,100,0.2,0.5,1.9000962874282057,0.30793466836581673,0.4027744510946532,0.15271754383766015,
1,20,100,0.2,1.0,2.1617068254782663,0.20696570728706484,0.2721975966514733,0.11066612406734067,
1,20,100,0.2,2.0,2.6344698399019193,-0.0037585760195245777,-0.052797491719171995,-0.03501453591465034,
1,20,100,0.2,5.0,3.8084343583475553,-0.1327206930721869,-0.2546372274457737,-0.10043888906765969,
1,20,100,0.5,0.1,6.8862378257352,0.2870994027234717,0.38637038159259535,-0.00738273906774304,
1,20,100,0.5,0.3,3.6577350655732963,0.33673787427408447,0.446864444216111,0.02308123393926889,
1,20,100,0.5,0.5,2.5739911139459544,0.3389775832655733,0.441384368346092,0.07085519834520917,
1,20,100,0.5,1.0,1.6883193605823457,0.28686338148863344,0.36905804940290915,0.14712036152091884,
1,20,100,0.5,2.0,1.4339291969593286,0.12738557163723133,0.173807725712643,0.1579667562054941,
1,20,100,0.5,5.0,1.8944388532553584,-0.12516655684247824,-0.26937337484334367,-0.004401246344567782,
1,20,100,0.8,0.1,14.570291053105604,0.2371085221563017,0.2924332301083075,0.010886749856407986,
1,20,100,0.8,0.3,10.532578702155767,0.29281513661616604,0.3964561261140315,0.04794302017727847,
1,20,100,0.8,0.5,8.357662053931515,0.32311782368216796,0.4243706050926513,0.08462272701087839,
1,20,100,0.8,1.0,5.454656984104991,0.3311534008131241,0.4224951426237857,0.13626613442235608,
1,20,100,0.8,2.0,2.941311961992835,0.26030964720344096,0.334481821245886,0.17594057551216857,
1,20,100,0.8,5.0,0.9905687381573225,-0.01850860203707888,-0.06947752886938222,0.12379099942484392,
1,20,100,0.9,0.1,17.66981531785408,0.19553875371339882,0.22608392502098126,0.07202360198540902,
1,20,100,0.9,0.3,14.56304221250915,0.2773778527787967,0.3615920667836137,0.12929345226328348,
1,20,100,0.9,0.5,12.65259126702361,0.31342161817843806,0.40265743516435876,0.16734349510624477,
1,20,100,0.9,1.0,9.670735396012315,0.345116406248744,0.41999333399833344,0.2189849230569707,
1,20,100,0.9,2.0,6.421479428923065,0.30298629566581303,0.378000684000171,0.2257348461160636,
1,20,100,0.9,5.0,2.139204948567108,0.0762508380256882,0.08750070165798818,0.13364336597103246,
1,50,10,0.2,0.1,6.014551766531831,0.10381277419919789,0.1556739224184806,0.03752664632871906,
1,50,10,0.2,0.3,3.2614704354943607,0.06517063100691575,0.11342786914950276,0.026687523546366693,
1,50,10,0.2,0.5,2.872677896806394,0.032219357899002876,0.0682642835660709,0.01562997862065066,
1,50,10,0.2,1.0,2.8656559293839736,-0.0246772921564744,-0.014899685230508691,-0.0004374098971032629,
1,50,10,0.2,2.0,3.251097792950953,-0.05920831604934709,-0.09011876031348462,-0.029120134593032105,
1,50,10,0.2,5.0,4.297089065714834,-0.10534192530487765,-0.18525146177127333,-0.03280232421923729,
1,50,10,0.5,0.1,9.270575419002114,0.1060324958382388,0.144078384019596,-0.008799165169940552,
1,50,10,0.5,0.3,4.4775022967105285,0.09250735267077943,0.14832557658139414,-0.011648845995160896,
1,50,10,0.5,0.5,3.115531936452993,0.06918193809554099,0.11856278664069665,-0.013769583975443093,
1,50,10,0.5,1.0,2.136550954583635,0.01693175028192035,0.0455718023929506,-0.019380172636038785,
1,50,10,0.5,2.0,1.927776735469468,-0.047258300325789246,-0.05044593661148415,-0.03743759474315439,
1,50,10,0.5,5.0,2.500163824053219,-0.11687667630866594,-0.21612294619282874,-0.06093408383937697,
1,50,10,0.8,0.1,14.953587418110892,0.0815996374223308,0.08610799102699775,-0.009514676551591548,
1,50,10,0.8,0.3,9.256029451394648,0.08802764725025405,0.11414751903687975,-0.008591282990965976,
1,50,10,0.8,0.5,6.70181293479213,0.08446512803171265,0.11901031625257906,-0.009316503933289083,
1,50,10,0.8,1.0,3.85690760009353,0.05754606974659074,0.08943195135798783,-0.01939258463938466,
1,50,10,0.8,2.0,1.8994733080765107,-0.0031010874532951226,0.010849120212280053,-0.04879222465968436,
1,50,10,0.8,5.0,1.0331624423363535,-0.08571901978635858,-0.12349979037494759,-0.08477107876871864,
1,50,10,0.9,0.1,17.238274666707817,0.0719039896363083,0.06733737933434483,0.01226985396536874,
1,50,10,0.9,0.3,12.514044131654892,0.07574678042198435,0.09597908399477098,0.01734724733927793,
1,50,10,0.9,0.5,9.9545887721307,0.07673843416707476,0.10014362053590513,0.01738085003967405,
1,50,10,0.9,1.0,6.534193420219723,0.06640491774962831,0.09180421995105499,0.010969224287845521,
1,50,10,0.9,2.0,3.394428141733878,0.019655674461723345,0.03718505581020835,-0.022506240853199994,
1,50,10,0.9,5.0,0.9803268054716329,-0.0745179773672009,-0.1012939266494521,-0.08803057601143008,
1,50,20,0.2,0.1,3.6463045993335292,0.2097664511135663,0.2535609213902303,0.12882940889828853,
1,50,20,0.2,0.3,2.330973000052688,0.1831386237137265,0.21510416527604131,0.13323711384167158,
1,50,20,0.2,0.5,2.223539409350057,0.13617157068528435,0.1563507180876795,0.1261897491951282,
1,50,20,0.2,1.0,2.4065930337504873,0.021005590002708085,0.04513555428388857,0.07220752773950923,
1,50,20,0.2,2.0,2.8582348689134607,-0.1144098726909719,-0.13584973001337616,-0.05276677892982881,
1,50,20,0.2,5.0,4.00908897134619,-0.13873878694250563,-0.2083085284052478,-0.0889980040228912,
1,50,20,0.5,0.1,7.7182398785657895,0.19353845580844578,0.2084441021110255,0.018661647729675174,
1,50,20,0.5,0.3,3.810433969975186,0.2108940905291098,0.25323069630767403,0.02671183089813959,
1,50,20,0.5,0.5,2.6736849902608983,0.18874161329233793,0.217773935025149,0.046136282587687164,
1,50,20,0.5,1.0,1.8048101957860203,0.10082240278810416,0.1141809218380483,0.05721767515584458,
1,50,20,0.5,2.0,1.6082390198210896,-0.04840843651979216,-0.03316020980248753,0.02004718283455407,
1,50,20,0.5,5.0,2.170300785535671,-0.1854656352943145,-0.3242309680509152,-0.06348503134860652,
1,50,20,0.8,0.1,14.760560688497273,0.12212557741179497,0.11445266411316603,-0.007179833404745384,
1,50,20,0.8,0.3,9.517050260976955,0.18705183606550985,0.20414239203559797,-0.007927469042565985,
1,50,20,0.8,0.5,7.107432981136051,0.2103082390062606,0.2379912369978092,0.008372298502633851,
1,50,20,0.8,1.0,4.223048624853556,0.19275932036452237,0.21382921903749075,0.02367015464050535,
1,50,20,0.8,2.0,2.015752661946562,0.08559694775777298,0.09451909612977404,0.0036174714248940233,
1,50,20,0.8,5.0,0.8632822333812581,-0.13802108765485255,-0.19060075465018866,-0.0449973814234899,
1,50,20,0.9,0.1,17.422671182749188,0.1130922424402285,0.10113359828339957,0.037490085546394894,
1,50,20,0.9,0.3,13.143215551737134,0.16387172072316764,0.16748978987244745,0.05581939891364746,
1,50,20,0.9,0.5,10.794075693541759,0.19792125174935105,0.21486196021549003,0.07884209653040404,
1,50,20,0.9,1.0,7.4505962651993975,0.20738428808506632,0.23067441666860414,0.08989045466548017,
1,50,20,0.9,2.0,4.056230247303932,0.13209848432395915,0.1449321572873889,0.04890038857255463,
1,50,20,0.9,5.0,1.0589558329753495,-0.09075133662840928,-0.10808005056054266,-0.06716408655494441,
1,50,50,0.2,0.1,2.5663302315669902,0.13904012647441755,0.2519515814878953,0.14621276489116375,
1,50,50,0.2,0.3,1.820124967063014,0.19997624758171345,0.30523525030881254,0.20097017240492154,
1,50,50,0.2,0.5,1.8328639785205818,0.19616777857329382,0.2657770354442588,0.21025589257663813,
1,50,50,0.2,1.0,2.1192953809175297,0.10165041280899646,0.11445495094957893,0.13110492783791444,
1,50,50,0.2,2.0,2.6159777497277035,-0.01986698292496563,-0.137765123941281,-0.06994520174074118,
1,50,50,0.2,5.0,3.8045766688027634,0.10310135602487,-0.025179532063767666,-0.15183391159052603,
1,50,50,0.5,0.1,6.890405957434423,0.13062876378339794,0.21786473229788236,-0.08933580449044976,
1,50,50,0.5,0.3,3.5742428910174917,0.18852109612911444,0.30105083426270857,-0.03422274168476998,
1,50,50,0.5,0.5,2.47817304039844,0.22516569845190482,0.3164388987283893,0.027649304835841437,
1,50,50,0.5,1.0,1.6016144518569848,0.2083610091374108,0.24609538502384626,0.09740025130211954,
1,50,50,0.5,2.0,1.3789596961312887,0.07231310109933735,0.04243568264074742,0.07106197583697588,
1,50,50,0.5,5.0,1.8711033681527347,0.07958051095957805,-0.12682781359963471,0.03459328764981083,
1,50,50,0.8,0.1,14.918828773727785,0.1770252043949376,0.19473089618272404,-0.07610212903109342,
1,50,50,0.8,0.3,10.8442569218331,0.2013490032523157,0.279783303945826,-0.07843729311823183,
1,50,50,0.8,0.5,8.612967400418544,0.23143129070842844,0.3074437848609462,-0.05541010202486715,
1,50,50,0.8,1.0,5.62756580816029,0.2770633143233959,0.3300598350149587,0.014123441383770308,
1,50,50,0.8,2.0,3.035696002196856,0.24193690819755684,0.25999920799980203,0.07302344811474906,
1,50,50,0.8,5.0,0.9940876830796668,0.03308455988017765,-0.08061679499489263,0.09649453700582465,
1,50,50,0.9,0.1,18.12873127167021,0.19726884230982833,0.20031973107993276,0.07020882417465164,
1,50,50,0.9,0.3,15.090595312403625,0.2386820725265202,0.2726439960132405,0.07987084121568176,
1,50,50,0.9,0.5,13.208030675298232,0.26019242236586443,0.3073166568291642,0.08702576445135307,
1,50,50,0.9,1.0,10.217347606869392,0.294252327209572,0.33469497729925496,0.11641402463944255,
1,50,50,0.9,2.0,6.9318705236031635,0.28903780362060627,0.3127763416940854,0.14248879972283884,
1,50,50,0.9,5.0,2.487695962986153,0.10287165366651616,0.05969451742362936,0.08445993557500456,
1,50,100,0.2,0.1,2.2747016110999754,-0.08335163350576567,0.04342153685538421,0.09203267080967475,
1,50,100,0.2,0.3,1.5467891260598146,-0.14378115065101377,0.07992441129104612,0.1305602965632511,
1,50,100,0.2,0.5,1.5822056930053232,-0.13746405403568662,0.09334560383640096,0.1442719248902814,
1,50,100,0.2,1.0,1.921184667804694,-0.005425996147870819,0.08589126347281587,0.10576977711558413,
1,50,100,0.2,2.0,2.479734703982465,0.1900986607413926,0.021920709996618028,-0.06428581006624835,
1,50,100,0.2,5.0,3.7396879769352145,0.3309093162931338,0.153104571083557,-0.10632622030245781,
1,50,100,0.5,0.1,6.6203540248706725,-0.023043154235673654,0.06445866711466677,-0.25160013395056113,
1,50,100,0.5,0.3,3.2971341805825753,-0.0827984009809386,0.10130538132634533,-0.22827265720395684,
1,50,100,0.5,0.5,2.181766369556596,-0.09102336451878627,0.12535001383750344,-0.15812014819990902,
1,50,100,0.5,1.0,1.3255181270766547,-0.03082834417756707,0.1529315632328908,-0.018517213144534646,
1,50,100,0.5,2.0,1.1764579832833342,0.19068928644795502,0.20864889649046747,0.150279278584532,
1,50,100,0.5,5.0,1.7557626213116697,0.38956686583175926,0.1658074368262148,0.20666645384794854,
1,50,100,0.8,0.1,14.745640626376032,0.08689535399163925,0.12945549986387497,-0.15596318287124564,
1,50,100,0.8,0.3,10.895081547472433,0.09023661445083808,0.20284112071028018,-0.21849073376937528,
1,50,100,0.8,0.5,8.67350495618628,0.09499439931709028,0.24352771447325153,-0.21272150033148468,
1,50,100,0.8,1.0,5.633539218198856,0.14023864607896241,0.3151685677921419,-0.12397684800144348,
1,50,100,0.8,2.0,2.948834967833057,0.30918795902138557,0.388777174340085,0.12670376199011973,
1,50,100,0.8,5.0,0.8831274070471874,0.43046397361817446,0.3437363648207946,0.4554605105833963,
1,50,100,0.9,0.1,18.171290848751532,0.14255096176013246,0.15927532737856012,0.01273676255769401,
1,50,100,0.9,0.3,15.412983745035701,0.1806062986116362,0.25021189455297366,0.003148829125427917,
1,50,100,0.9,0.5,13.638910350863702,0.1917306950234242,0.29610761752690434,0.007151975890884919,
1,50,100,0.9,1.0,10.7285915458566,0.22787040101103087,0.36590003861222214,0.052322730444839,
1,50,100,0.9,2.0,7.4264157337099315,0.3577878790223271,0.43916933879233466,0.22129400252239076,
1,50,100,0.9,5.0,2.856823513538192,0.4827044351551635,0.4511211857802964,0.4822899397987615,
2,20,10,0.2,0.1,11.077132345162816,0.11937192241174607,0.1186845551711388,0.0591386898947176,
2,20,10,0.2,0.3,5.244913543970153,0.13405056756302874,0.1643860460965115,0.03267193841766407,
2,20,10,0.2,0.5,3.9173703331182277,0.11492730885311275,0.14098760174690042,0.03879236895694644,
2,20,10,0.2,1.0,3.2056672816035223,0.05082659004217304,0.06083817177798589,0.05082935602466398,
2,20,10,0.2,2.0,3.2598374154929415,-0.039372834457294704,-0.07276371919092979,0.0776680873132727,
2,20,10,0.2,5.0,4.215634082911893,-0.07828663969641925,-0.08958040489510122,0.07245757887708851,
2,20,10,0.5,0.1,15.29781222836844,0.17865226965623782,0.19389903947475987,0.05535172716069259,
2,20,10,0.5,0.3,7.86853735077264,0.16106504508989608,0.1851766326135994,0.0359692421618934,
2,20,10,0.5,0.5,5.2788220944031385,0.14977498419283136,0.188121158100835,0.044485255446935074,
2,20,10,0.5,1.0,3.109472202572136,0.11027094542998701,0.15523879036791213,0.0640826611248253,
2,20,10,0.5,2.0,2.2465391986149137,0.022794962696555034,0.03284250072294112,0.06260007662744442,
2,20,10,0.5,5.0,2.4684775733632334,-0.09112378263978242,-0.11475681768920443,-0.01434156957370095,
2,20,10,0.8,0.1,19.587235801038826,0.12614885721943986,0.12888543372135844,0.13457758076650134,
2,20,10,0.8,0.3,14.060982733762492,0.13738699989630676,0.12897120074280016,0.14843313802593217,
2,20,10,0.8,0.5,10.705244152882562,0.13465394062814645,0.13322145480536368,0.13810299275769672,
2,20,10,0.8,1.0,6.360354950939806,0.12826030930885152,0.14414695884079481,0.13077827542142334,
2,20,10,0.8,2.0,3.1209897841398497,0.0981949037675428,0.12414663112976776,0.11191851246339529,
2,20,10,0.8,5.0,1.2745908059648028,-0.035924320057280815,-0.054842424210606054,-0.03174778873715915,
2,20,10,0.9,0.1,20.274403017776798,0.10928297974172432,0.11053310313327577,0.14738592054004723,
2,20,10,0.9,0.3,16.63206318621783,0.12269711781876443,0.11117160529290132,0.17545754772849828,
2,20,10,0.9,0.5,13.864361098611054,0.11750825867574108,0.11036350409087602,0.16269062850080132,
2,20,10,0.9,1.0,9.490883525233151,0.12163558563277953,0.125732843933211,0.1512672134761866,
2,20,10,0.9,2.0,5.184280269923677,0.11300506858871497,0.1359474475378422,0.1335154821581417,
2,20,10,0.9,5.0,1.463201504956547,0.0074314961115354485,-0.0029866537466634365,0.0170410483906211,
2,20,20,0.2,0.1,4.682077150857936,0.23077614532501062,0.27747338436834607,0.08634538683491982,
2,20,20,0.2,0.3,2.7017502617315006,0.19367403555221246,0.21454526663631662,0.10221581229286147,
2,20,20,0.2,0.5,2.4417811640424434,0.14180340359905882,0.15568724098019296,0.10430008047812402,
2,20,20,0.2,1.0,2.495984613137845,0.03793430391888687,0.05098127024531756,0.07390086405677915,
2,20,20,0.2,2.0,2.874176405549909,-0.16056248159350467,-0.1811587211076148,0.021870260654681836,
2,20,20,0.2,5.0,3.9741394550099276,-0.2784527921392572,-0.33799825950306356,-0.040315617501708964,
2,20,20,0.5,0.1,9.027242308814932,0.255667299269175,0.30598657199664303,0.10491597224355709,
2,20,20,0.5,0.3,4.419272470837705,0.23006969955034384,0.2716246287580164,0.11910524217233005,
2,20,20,0.5,0.5,3.079191261071588,0.19198101053844419,0.21949716537429134,0.12554352263253077,
2,20,20,0.5,1.0,2.0266891156032103,0.10115286184289066,0.11719854009358449,0.12546693721593188,
2,20,20,0.5,2.0,1.7041856885923146,-0.03542661182389331,-0.022561700640425158,0.09215159307966064,
2,20,20,0.5,5.0,2.1763470959850855,-0.3474682922820561,-0.43039085675911076,-0.10268211883224654,
2,20,20,0.8,0.1,15.77802114772959,0.23685149872365036,0.27896614424153604,0.17292237826040835,
2,20,20,0.8,0.3,10.269205265559172,0.25320579352542466,0.3018462148247461,0.18377467010475723,
2,20,20,0.8,0.5,7.708927157391903,0.23712220969072567,0.27682923320730823,0.17472284305500635,
2,20,20,0.8,1.0,4.640260710155759,0.17863908171899978,0.19863568673341006,0.15648976459989888,
2,20,20,0.8,2.0,2.2827137119067102,0.06670963357084597,0.07695380076730787,0.11749296964469945,
2,20,20,0.8,5.0,0.9462331484823269,-0.2044868360998441,-0.24470390517597626,-0.036030929284334184,
2,20,20,0.9,0.1,17.962876391107912,0.20014528798081133,0.23482493570623394,0.18530633106116434,
2,20,20,0.9,0.3,13.72988533624361,0.2672009138236403,0.31375532893883223,0.23493861141453573,
2,20,20,0.9,0.5,11.325978920161234,0.26121604912389723,0.30310858750447833,0.22710133504432398,
2,20,20,0.9,1.0,7.874036236824866,0.21429409587614892,0.23734973183743296,0.194265775278457,
2,20,20,0.9,2.0,4.416008819860586,0.11628621597395693,0.12557443573778979,0.13320812395992404,
2,20,20,0.9,5.0,1.1754437404157416,-0.10696464559432177,-0.10444639040076499,-0.018471636701721205,
2,20,50,0.2,0.1,3.0357899231239833,0.3502993044162228,0.4122358285589572,0.11824907206903909,
2,20,50,0.2,0.3,2.0767304414808425,0.3089909529875091,0.3738169475944183,0.15067972866098783,
2,20,50,0.2,0.5,2.02461899183379,0.23874031267683424,0.2969384460959635,0.1589785943653519,
2,20,50,0.2,1.0,2.2333385292362244,0.0816686102228554,0.1124056751435709,0.10050994411614184,
2,20,50,0.2,2.0,2.679425389377869,-0.18565526629731527,-0.20447500661875165,-0.03725929127133143,
2,20,50,0.2,5.0,3.8325701251058684,-0.24632524236766462,-0.3169674132418533,-0.09343886122000941,
2,20,50,0.5,0.1,7.304186732417616,0.3320695197599782,0.3926060691515173,0.032306238367513423,
2,20,50,0.5,0.3,3.781220976431889,0.3319704569530233,0.4011813297953325,0.05612192213127222,
2,20,50,0.5,0.5,2.6665425310950677,0.2898383310154927,0.35623161519149066,0.08853002156720916,
2,20,50,0.5,1.0,1.7711938850314273,0.17615445313375377,0.22462734065683515,0.12427521138214911,
2,20,50,0.5,2.0,1.5142180620000216,-0.025879237453863155,-0.022190567547641888,0.08622580149323616,
2,20,50,0.5,5.0,2.0018897598054863,-0.28416475788207884,-0.3564812151203038,-0.07848004748892795,
2,20,50,0.8,0.1,14.411499669295463,0.28069077686619814,0.3213349043337261,0.10423391837777439,
2,20,50,0.8,0.3,9.784254329042538,0.327102539340399,0.38518620779655194,0.11305859673126026,
2,20,50,0.8,0.5,7.497427955357787,0.31814586611219303,0.37957205589301396,0.12092689902666887,
2,20,50,0.8,1.0,4.6162149384692155,0.2615823578793962,0.31772600543150137,0.13447111089091682,
2,20,50,0.8,2.0,2.287999049937298,0.12958490981499304,0.1565870927642135,0.12742758814063013,
2,20,50,0.8,5.0,0.863682134960972,-0.2163255063121698,-0.261980840593453,-0.005202196672655578,
2,20,50,0.9,0.1,17.178612953138728,0.24291513487219793,0.2745117356279339,0.1626726484932699,
2,20,50,0.9,0.3,13.445743926818338,0.30792302128502164,0.3575591708897927,0.1986147803984536,
2,20,50,0.9,0.5,11.281997031643762,0.3118909879810922,0.3675760263940066,0.20365254811442918,
2,20,50,0.9,1.0,8.066253296842172,0.27845952776116845,0.3335073925019134,0.19945464503515786,
2,20,50,0.9,2.0,4.701413135223291,0.17783097159039654,0.21079386769846692,0.16074482569899823,
2,20,50,0.9,5.0,1.2374608042148045,-0.12399712570167962,-0.15018777840958542,-0.0055907543538947,
2,20,100,0.2,0.1,2.6122218275942966,0.34679565466176165,0.40948846537211636,0.091703307944557,
2,20,100,0.2,0.3,1.8940016290536548,0.3506395217230286,0.40386589696647424,0.16236816492280248,
2,20,100,0.2,0.5,1.8967620544171138,0.29395806134659114,0.336664296166074,0.1847644687929626,
2,20,100,0.2,1.0,2.154129024298543,0.134479875614747,0.142872439271687,0.12850494473742624,
2,20,100,0.2,2.0,2.6241225015364944,-0.10049323294862111,-0.1518561245209772,-0.030241838371968078,
2,20,100,0.2,5.0,3.7919697664340437,-0.1151708957023319,-0.20139456324968671,-0.09163090489937897,
2,20,100,0.5,0.1,6.9138105323694,0.3127197705825824,0.3671502497875624,-0.0630572588296971,
2,20,100,0.5,0.3,3.6817508006740223,0.36936247485503704,0.42970908349955267,0.018470609611398025,
2,20,100,0.5,0.5,2.6004197035447607,0.35913309588211545,0.41128951732237934,0.07966349200326578,
2,20,100,0.5,1.0,1.7057796715205646,0.2624753622855741,0.2951459312864828,0.15081564299591776,
2,20,100,0.5,2.0,1.4368072034442285,0.056791315097842895,0.043047130027925186,0.13778541825688112,
2,20,100,0.5,5.0,1.8841007548757858,-0.17138329375278524,-0.2853148808287202,-0.03346813888835455,
2,20,100,0.8,0.1,14.709512682445967,0.23638267956992598,0.2607008751752188,0.00841514535140054,
2,20,100,0.8,0.3,10.643428428522693,0.31916510546261534,0.3792677268169317,0.033033129919523924,
2,20,100,0.8,0.5,8.460737779572925,0.3467577033659718,0.40237054509263626,0.06229398227874845,
2,20,100,0.8,1.0,5.544628842204161,0.343372178314394,0.3867242078260736,0.10975117659125935,
2,20,100,0.8,2.0,3.015742095194801,0.24260971849297572,0.2691274716327907,0.13855087923340995,
2,20,100,0.8,5.0,1.0115292449976596,-0.07269528353309854,-0.11079126069781517,0.07232398936069989,
2,20,100,0.9,0.1,17.77705243467872,0.2182264727976651,0.23267978666994668,0.09984898122721246,
2,20,100,0.9,0.3,14.66375382331277,0.31122376652632494,0.3708541092135273,0.1466945923099329,
2,20,100,0.9,0.5,12.75345735392246,0.33589825920997024,0.40189125747281434,0.16410466120325226,
2,20,100,0.9,1.0,9.775334939823418,0.35254750976611404,0.4022055885513971,0.1943412981449537,
2,20,100,0.9,2.0,6.5256556625137305,0.295651141881871,0.33317694829423705,0.19153430138816807,
2,20,100,0.9,5.0,2.2125047223830796,0.036471366968762554,0.033207212301803075,0.08021774147103652,
2,50,10,0.2,0.1,4.956798618608515,0.2618036845429713,0.30044590061147514,0.08895485815967108,
2,50,10,0.2,0.3,2.7677356144580907,0.24980035883567864,0.30803486450871614,0.10617141904105504,
2,50,10,0.2,0.5,2.4630071489132015,0.20158990361576418,0.2640130650032662,0.09937078547696004,
2,50,10,0.2,1.0,2.4964837438538683,0.09711596191454905,0.15576373649934555,0.06428472329881861,
2,50,10,0.2,2.0,2.881592633174003,-0.08389515412588361,-0.10908116956119783,0.004267988672852675,
2,50,10,0.2,5.0,4.001600114019211,-0.1991819253871348,-0.18381542945385734,-0.07196138183858469,
2,50,10,0.5,0.1,9.480411033495026,0.2173017937346325,0.24914931828732956,0.04415972181523739,
2,50,10,0.5,0.3,4.55279925777415,0.2527340507293873,0.31448591035734197,0.0616707639820277,
2,50,10,0.5,0.5,3.1247852154559053,0.235435931844677,0.3052374928093732,0.06619473596754703,
2,50,10,0.5,1.0,2.0199335767563866,0.1654815424524493,0.2438159304539826,0.06151825721745756,
2,50,10,0.5,2.0,1.6945805586817597,0.03488107398926302,0.07242701713391442,0.030097053417601306,
2,50,10,0.5,5.0,2.194011972889609,-0.2228729463273642,-0.20673434918358732,-0.02338955752459778,
2,50,10,0.8,0.1,16.579932206555355,0.17133612170241835,0.19609851552462887,0.059192586648863475,
2,50,10,0.8,0.3,10.674744897764944,0.2259113130098021,0.27184348696087174,0.07170255221958659,
2,50,10,0.8,0.5,7.910438191124206,0.2386369317512844,0.295938427984607,0.07889812361894344,
2,50,10,0.8,1.0,4.665130499429654,0.22523044936658979,0.2923434850858712,0.08145557979600156,
2,50,10,0.8,2.0,2.2650214808183873,0.1469359710671825,0.21647305661826416,0.05437838953995398,
2,50,10,0.8,5.0,0.947427934470362,-0.081767555855208,-0.11925146840230569,-0.022867743661030837,
2,50,10,0.9,0.1,18.61136795723997,0.14718491937886452,0.16682277270569318,0.08278060564586963,
2,50,10,0.9,0.3,14.201710578887369,0.21995949485454253,0.26467052266763064,0.12267458617607702,
2,50,10,0.9,0.5,11.598034755009614,0.23866923774385834,0.2987077736769434,0.13576921876183784,
2,50,10,0.9,1.0,7.922631687336137,0.241312991229273,0.31376022494005623,0.14167549993576023,
2,50,10,0.9,2.0,4.339886365858367,0.1879596931127669,0.26267928126832507,0.11109723949391566,
2,50,10,0.9,5.0,1.1593864494063342,-0.0022871055307926227,-0.02273360295045094,-0.005673659880642003,
2,50,20,0.2,0.1,3.0457650537801144,0.28661659783484517,0.34644897124216123,0.08948311969207329,
2,50,20,0.2,0.3,2.0802474256571575,0.23404476826938836,0.3042009115502279,0.11679527598238601,
2,50,20,0.2,0.5,2.0379398689179316,0.16888401491006638,0.23672764502068408,0.11431741311686267,
2,50,20,0.2,1.0,2.2589128564751273,0.02678400623601612,0.08219154032870692,0.05363637337321202,
2,50,20,0.2,2.0,2.7180222082544367,-0.2287348720878162,-0.23214107203526801,-0.05074856668728963,
2,50,20,0.2,5.0,3.8717231799124483,-0.25730447298783465,-0.3086857476714369,-0.07506041385055867,
2,50,20,0.5,0.1,7.040162195655007,0.2732825455418786,0.33227079956769984,-0.014414231509600651,
2,50,20,0.5,0.3,3.5888788055522656,0.24761169894281265,0.3201872060468015,0.0064506750768839926,
2,50,20,0.5,0.5,2.532985097068596,0.20210688177104968,0.2779027534756884,0.033567925971214406,
2,50,20,0.5,1.0,1.71255814919419,0.09377342231094293,0.16410834815016828,0.05336613912164968,
2,50,20,0.5,2.0,1.510760860101548,-0.08370169804430058,-0.038893529237967385,0.008106884749875393,
2,50,20,0.5,5.0,2.04127362445137,-0.32761201332769174,-0.4040562878171141,-0.06874373519239274,
2,50,20,0.8,0.1,14.081380762590216,0.22121742155732804,0.26897037724259426,0.032411551168991165,
2,50,20,0.8,0.3,9.412530075549256,0.26735325909618846,0.3334016153504038,0.03796346769164963,
2,50,20,0.8,0.5,7.133747329702948,0.24961924584073106,0.32105790826447705,0.029416221376102256,
2,50,20,0.8,1.0,4.328631936396408,0.18049877879683765,0.2581756208907211,0.021152625701448727,
2,50,20,0.8,2.0,2.1132356873056053,0.04949647255355695,0.1160457245549483,-0.0014552614842288647,
2,50,20,0.8,5.0,0.8334205167341756,-0.2720319899785951,-0.32904296763413304,-0.10758857819288785,
2,50,20,0.9,0.1,16.95135993781967,0.21877554462052318,0.2636210189052547,0.11205425967693167,
2,50,20,0.9,0.3,13.128272058674149,0.2596282023334954,0.3217905469389796,0.12638419624796776,
2,50,20,0.9,0.5,10.924756944202347,0.25447313429767326,0.3205161771290443,0.11545132895687266,
2,50,20,0.9,1.0,7.699624888146324,0.2041625808728327,0.28114813028703256,0.08409932316553045,
2,50,20,0.9,2.0,4.3686105842583345,0.0942219514009528,0.17170155923977792,0.028041056545787632,
2,50,20,0.9,5.0,1.1357153606857238,-0.1906215203041101,-0.21723746905375943,-0.12725656491743273,
2,50,50,0.2,0.1,2.5438878795601823,0.3647683926272007,0.41016979854244956,0.10408573775655384,
2,50,50,0.2,0.3,1.8554628434341853,0.3557739181183126,0.41750169837542456,0.16008778602174256,
2,50,50,0.2,0.5,1.8656556624757803,0.3041567022118957,0.3629336767334192,0.17612449234846128,
2,50,50,0.2,1.0,2.128540412164949,0.16728471978989645,0.2013438113359528,0.11686598822559076,
2,50,50,0.2,2.0,2.603562901668405,-0.057825903220194916,-0.08223503805875951,-0.0638295810081089,
2,50,50,0.2,5.0,3.7780403915158796,-0.13597632858361963,-0.23546683320500833,-0.11359777296562423,
2,50,50,0.5,0.1,6.801857245462385,0.3360382810321673,0.38343902685975667,-0.06226242314231042,
2,50,50,0.5,0.3,3.630997866085184,0.3797541220426489,0.4377336884334221,-0.0035196754270112535,
2,50,50,0.5,0.5,2.564819935374838,0.35512206783400946,0.4156376608152793,0.05071193244305914,
2,50,50,0.5,1.0,1.6800156216861493,0.2668666862592788,0.30941990485497617,0.11724893453858927,
2,50,50,0.5,2.0,1.4128515897054812,0.07871639234451386,0.08499613528090738,0.0880810571552374,
2,50,50,0.5,5.0,1.8572086018775047,-0.17518787499800165,-0.29879161319790326,-0.023342351166762004,
2,50,50,0.8,0.1,14.551015124089067,0.23969156412907713,0.26541150185287543,-0.011962315653108919,
2,50,50,0.8,0.3,10.755999483743402,0.33884541160496195,0.3904840486210121,0.01122970268314221,
2,50,50,0.8,0.5,8.627659692032037,0.35923636131616526,0.4151069357767339,0.022626283218514665,
2,50,50,0.8,1.0,5.749990313462671,0.3326667849228383,0.3885251096312774,0.042240606038530984,
2,50,50,0.8,2.0,3.2111565785687133,0.23936225388032598,0.2670343027585757,0.05757472794842264,
2,50,50,0.8,5.0,1.067649191554276,-0.0663787675448238,-0.07885925508310265,-0.011016942748519994,
2,50,50,0.9,0.1,17.743054439806865,0.16133240870175453,0.18295457473864368,0.028721270804565897,
2,50,50,0.9,0.3,14.946914484482393,0.2754422334497151,0.3267530391882598,0.09529320177378267,
2,50,50,0.9,0.5,13.160845960294173,0.3176856992217988,0.37502274675568664,0.1157916126183958,
2,50,50,0.9,1.0,10.308481279512524,0.33075175296305936,0.38973515993379,0.12876838712414068,
2,50,50,0.9,2.0,7.1429927404300635,0.280771518933274,0.3249104717276179,0.11547442430847629,
2,50,50,0.9,5.0,2.7252164058153894,0.055092438960229126,0.06893516023379005,0.009540187295972544,
2,50,100,0.2,0.1,2.2901666302933648,0.07260320100564971,0.19781861245465313,0.10327844493658732,
2,50,100,0.2,0.3,1.6409623547637642,0.12262005926073473,0.2782054700513675,0.15093811288635045,
2,50,100,0.2,0.5,1.6974006915478277,0.1647034068429606,0.2859131291927171,0.15706865714695734,
2,50,100,0.2,1.0,2.0383688101618453,0.19925891278752794,0.2209181765623885,0.11451597950717765,
2,50,100,0.2,2.0,2.570706005584442,0.21293534877551668,0.08139392487900393,-0.009365968456422173,
2,50,100,0.2,5.0,3.764902612265776,0.09935352338074799,-0.04578318698013413,-0.10388079108324384,
2,50,100,0.5,0.1,6.534524981679379,0.09997653772546866,0.1945881344700042,-0.14182429719749984,
2,50,100,0.5,0.3,3.317331597444897,0.12925202606941702,0.28614660200126046,-0.05705145662160187,
2,50,100,0.5,0.5,2.246082876258025,0.16302983131818571,0.32700555225138805,0.006118800171723031,
2,50,100,0.5,1.0,1.427320053439146,0.23430326382076333,0.32561924977691964,0.1139243800554445,
2,50,100,0.5,2.0,1.2727005472112767,0.2635240454266611,0.21515093378773345,0.167044331412372,
2,50,100,0.5,5.0,1.8034166904233495,0.17577881325072126,-0.08717997232768558,0.05264416995262372,
2,50,100,0.8,0.1,14.578904505693515,0.12729801287393794,0.16269015467253867,-0.10066364449423293,
2,50,100,0.8,0.3,10.787986013484135,0.1912388800612938,0.3017335024333756,-0.06902552930475747,
2,50,100,0.8,0.5,8.618236629418247,0.2171795587745724,0.35520437068429433,-0.0475392181482647,
2,50,100,0.8,1.0,5.657479638093286,0.2723622741796867,0.41808376152094034,0.01902261402296329,
2,50,100,0.8,2.0,3.0535945521329815,0.35481268318504966,0.41368772242193064,0.1628960765609956,
2,50,100,0.8,5.0,0.970388454007744,0.3241304624645673,0.17570630680835644,0.31324959430835647,
2,50,100,0.9,0.1,18.031431377028582,0.12935731902579992,0.12973534090685027,0.0019544666277378133,
2,50,100,0.9,0.3,15.292973938866348,0.22852334392696333,0.2939366489841622,0.06760008068532215,
2,50,100,0.9,0.5,13.540499907214752,0.2630932509626883,0.3535237288809322,0.09232402790424353,
2,50,100,0.9,1.0,10.697974022474757,0.3184426085986575,0.4290795427698857,0.14201354181298764,
2,50,100,0.9,2.0,7.497762017278799,0.3960956387796214,0.4685390431347607,0.24110232061468476,
2,50,100,0.9,5.0,3.050805175013893,0.3770600967453957,0.3225366146341537,0.33597909219406036,
