{
  "hash": "7b8b7cd091b8f78070667f04c3d09df4",
  "result": {
    "engine": "jupyter",
    "markdown": "---\ntitle: Diffusion Curvature\nauthor:\n  - name: Kincaid MacDonald\n    orcid: 0000-0002-0760-5497\n    corresponding: true\n    email: kincaid@aya.yale.edu\n    roles: []\n    affiliations:\n    - Yale\n  - name: Dhananjay Bhaskar\n    orcid: 0000-0002-7859-8394\n    corresponding: false\n    roles: []\n    affiliations: \n    - MILA\n  - name: Kaly Zhang\n    orcid: 0000-0002-7859-8394\n    corresponding: false\n    roles: []\n    affiliations: \n    - MILA\n  - name: Ian Adelstein\n    orcid: 0000-0002-7859-8394\n    corresponding: false\n    roles: []\n    affiliations:\n    - Yale Department of Math\n  - name: Smita Krishnaswamy\n    orcid: 0000-0002-7859-8394\n    corresponding: false\n    roles: []\n    affiliations:\n    - Yale Department of Applied Math\n    - Yale School of Medicine\nkeywords:\n    - Manifold Learning\n    - Geometric Deep Learning\n    - Graph Curvature\n    - Point Clouds\nabstract: \n    For a number of years now work has been proceeding in order to bring to perfection the crudely conceived idea of a machine that would not only supply inverse reactive current for use in unilateral phase detractors, but would also be capable of automatically synchronizing cardinal grammeters. Such a machine is the \"Turbo-Encabulator.\"\nplain-language-summary: |\n    We introduce Diffusion Curvature, a fast, differentiable, noise-robust pointwise curvature for graphs and point clouds.\nkey-points: []\ndate: last-modified\nbibliography: references.bib\ncitation:\n    container-title: IEEE TPAMI\nnumber-sections: true\n---\n\n:::{#18cb602a .cell .markdown}\n## Introduction\n\nRecent years have seen a growing appreciation that black-box machine learning methods can understand data better (and, in turn, be better understood) by incorporating geometric information.\n\n## Data & Methods {#sec-data-methods}\n:::\n\n::: {.cell execution_count=1}\n``` {.python .cell-code .hidden}\nfrom diffusion_curvature.utils import plot_3d\nfrom diffusion_curvature.datasets import torus\nfrom diffusion_curvature.core import DiffusionCurvature, get_adaptive_graph\nX_torus, ks_torus = torus(2000)\nDC = DiffusionCurvature()\nG_torus = get_adaptive_graph(X_torus, k = 5, alpha = 1)\nks_computed = DC.curvature(G_torus, dim=2, t = 25)\nplot_3d(X_torus, ks_computed, colorbar=True)\n```\n\n::: {.cell-output .cell-output-stderr .hidden}\n```\n2024-03-24 16:43:04,431:[WARNING](pygsp.graphs.graph.check_weights): The main diagonal of the weight matrix is not 0!\n2024-03-24 16:43:06,388:[WARNING](pygsp.graphs.graph.check_weights): The main diagonal of the weight matrix is not 0!\n```\n:::\n\n::: {.cell-output .cell-output-display}\n![Diffusion Curvature vs Gaussian Curvature of the Torus](index_files/figure-pdf/torus-output-2.pdf){#torus fig-alt='The diffusion curvature corresponds closely to the gaussian curvature of the torus' fig-pos='H'}\n:::\n:::\n\n\n:::{#a9eb0dd5 .cell .markdown}\n## Conclusion\n\n## References {.unnumbered}\n\n::: {#refs}\n:::\n:::\n\n",
    "supporting": [
      "index_files/figure-pdf"
    ],
    "filters": []
  }
}